qid	query
1	goal: look at statue under the desklamp. | state: observation: ('You arrive at dresser 1. On the dresser 1, you see a cellphone 1, a creditcard 2, a desklamp 1, and a keychain 1.',) | context: STEP 10: OBSERVATION: ('You arrive at drawer 1. The drawer 1 is closed.',) | ACTION: open drawer 1 | REWARD: 0.0 | REASONING: Let's think step by step. The goal is to look at the statue under the desklamp. The lamp is already on, but we have not found the statue yet. We are currently at drawer 1, which is closed. To inspect its contents for a possible statue, we need to open it. Opening the drawer will allow us to see if the statue is inside, which is a step toward looking at it under the lamp. Therefore, the best next action is to open drawer 1.\nSTEP 11: OBSERVATION: ('You open the drawer 1. The drawer 1 is open. In it, you see a book 1, and a pencil 1.',) | ACTION: look | REWARD: 0.0 | REASONING: Let's think step by step. The goal is to look at the statue under the desklamp. The desklamp is on dresser 1 and presumably turned on. The statue, if present, would be under the lamp. The best way to confirm its presence and view it is to perform a look action, which will reveal any objects under the lamp. No other action directly addresses the goal, so we should look.\nSTEP 12: OBSERVATION: ('You are facing the drawer 1. Next to it, you see nothing.',) | ACTION: go to dresser 1 | REWARD: 0.0 | REASONING: Let's think step by step. The goal is to look at the statue under the desklamp. The desklamp is on dresser 1. We are currently at drawer 1, which is not where the lamp is. To see the statue under the lamp, we need to go to dresser 1 and look at the lamp. Therefore, the best next action is to go to dresser 1. | progress: step_till_now: 0
2	"goal: examine the cd with the desklamp. | state: observation: ('You arrive at drawer 1. The drawer 1 is open. In it, you see a cellphone 3, and a pencil 2.',) | context: STEP 9: OBSERVATION: ('You open the drawer 2. The drawer 2 is open. In it, you see a remotecontrol 1.',) | ACTION: look | REWARD: 0.0 | REASONING: Fallback: structured parsing failed, using look action\nSTEP 10: OBSERVATION: ('You are facing the drawer 3, and drawer 2. Next to it, you see nothing.',) | ACTION: go to desk 1 | REWARD: 0.0 | REASONING: Let's think step by step. The goal is to examine the cd with the desklamp. We currently have a remotecontrol in drawer 2 and no desklamp in sight. The only place we have not yet inspected that might contain a desklamp is the desk. The admissible actions include ""go to desk 1"", which will bring us to a location where a desklamp could be present. Therefore the next logical step is to go to desk 1.\nSTEP 11: OBSERVATION: ('You arrive at desk 1. On the desk 1, you see a alarmclock 2, a book 2, a cd 4, a cd 3, a cd 2, a keychain 2, and a pencil 3.',) | ACTION: go to drawer 1 | REWARD: 0.0 | REASONING: Let's think step by step. I need a desklamp to examine a CD with it. I have not yet inspected drawer 1, which could contain a desklamp. The admissible actions include ""go to drawer 1"", so I will move there to search for the desklamp. | progress: step_till_now: 0"
3	goal: look at cd under the desklamp. | state: observation: ('You arrive at dresser 1. On the dresser 1, you see a alarmclock 1, a bowl 1, a cellphone 2, a keychain 2, and a laptop 1.',) | context: STEP 0: OBSERVATION: -= Welcome to TextWorld, ALFRED! =-\n\nYou are in the middle of a room. Looking quickly around you, you see a bed 1, a drawer 11, a drawer 10, a drawer 9, a drawer 8, a drawer 7, a drawer 6, a drawer 5, a drawer 4, a drawer 3, a drawer 2, a drawer 1, a dresser 1, a garbagecan 1, a laundryhamper 1, a safe 1, and a sidetable 1.\n | ACTION: go to dresser 1 | REWARD: 0.0 | REASONING: Let's think step by step. The goal is to look at a CD under the desklamp. The desklamp is likely on a surface such as the dresser or sidetable. We have not yet visited either. The most common location for a desklamp is a dresser. Therefore, we should navigate to the dresser to inspect it and find the CD under the desklamp. | progress: step_till_now: 0
4	"goal: examine the pillow with the desklamp. | state: observation: ('You turn on the desklamp 1.',) | context: STEP 1: OBSERVATION: ('You are in the middle of a room. Looking quickly around you, you see nothing.',) | ACTION: go to bed 1 | REWARD: 0.0 | REASONING: Let's think step by step. The goal is to examine the pillow with the desklamp. The pillow is likely on bed 1, and the desklamp is likely on desk 1. To start, we need to get to the bed to examine the pillow. So the first action is to go to bed 1.\nSTEP 2: OBSERVATION: ('You arrive at bed 1. On the bed 1, you see a book 1, a cellphone 1, a laptop 2, a laptop 1, a pillow 1, and a teddybear 1.',) | ACTION: go to desk 1 | REWARD: 0.0 | REASONING: Let's think step by step. I am currently at bed 1 and I see a pillow there. The goal is to examine the pillow with the desklamp. I need to get the desklamp, which is likely on desk 1. Therefore I should move to desk 1 to retrieve the desklamp before examining the pillow.\nSTEP 3: OBSERVATION: ('You arrive at desk 1. On the desk 1, you see a alarmclock 1, a book 2, a desklamp 1, a pen 3, and a pen 2.',) | ACTION: use desklamp 1 | REWARD: 0.0 | REASONING: Let's think step by step. I am currently at desk 1 and I see a desklamp 1. The goal is to examine the pillow with the desklamp. I need to use the desklamp to examine the pillow. The only action that allows me to use the desklamp is ""use desklamp 1"". Therefore I should perform that action. | progress: step_till_now: 0"
5	goal: examine the pen with the desklamp. | state: observation: ('You open the drawer 4. The drawer 4 is open. In it, you see nothing.',) | context: STEP 9: OBSERVATION: ('You arrive at drawer 1. The drawer 1 is open. In it, you see nothing.',) | ACTION: go to drawer 2 | REWARD: 0.0 | REASONING: Let's think step by step. I have a desklamp on dresser 1 but no pen. I have already checked drawers 1 and 3, both empty. The next logical place to search for a pen is drawer 2, which I haven't inspected yet. I should go to drawer 2 to look for a pen.\nSTEP 10: OBSERVATION: ('You arrive at drawer 2. The drawer 2 is open. In it, you see nothing.',) | ACTION: go to drawer 4 | REWARD: 0.0 | REASONING: Let's think step by step. I have a desklamp on dresser 1 but no pen. I have checked drawers 1, 2, and 3, all empty. The next logical place to search for a pen is drawer 4, which I haven't inspected yet. I will go to drawer 4 to look for a pen.\nSTEP 11: OBSERVATION: ('You arrive at drawer 4. The drawer 4 is closed.',) | ACTION: open drawer 4 | REWARD: 0.0 | REASONING: Let's think step by step. I have a desklamp on dresser 1 but no pen. I have checked drawers 1, 2, and 3, all empty. I am now at drawer 4, which is closed. To find a pen, I need to open drawer 4 and inspect its contents. | progress: step_till_now: 0
6	goal: look at pillow under the desklamp. | state: observation: ('You arrive at bed 1. On the bed 1, you see a book 2, a book 1, a laptop 1, and a pillow 1.',) | context: STEP 0: OBSERVATION: -= Welcome to TextWorld, ALFRED! =-\n\nYou are in the middle of a room. Looking quickly around you, you see a bed 1, a desk 1, a drawer 17, a drawer 16, a drawer 15, a drawer 14, a drawer 13, a drawer 12, a drawer 11, a drawer 10, a drawer 9, a drawer 8, a drawer 7, a drawer 6, a drawer 5, a drawer 4, a drawer 3, a drawer 2, a drawer 1, a dresser 1, a garbagecan 1, a shelf 6, a shelf 5, a shelf 4, a shelf 3, a shelf 2, and a shelf 1.\n | ACTION: go to desk 1 | REWARD: 0.0 | REASONING: Let's think step by step. The goal is to look at the pillow under the desklamp. The desklamp is most likely on the desk or dresser. We are currently in the middle of the room. The first step is to navigate to a location where the desklamp could be. The desk 1 is a good candidate. So we should go to desk 1.\nSTEP 1: OBSERVATION: ('You arrive at desk 1. On the desk 1, you see a bowl 1, a cd 2, a creditcard 1, a mug 1, a pen 1, a pencil 2, and a watch 1.',) | ACTION: go to dresser 1 | REWARD: 0.0 | REASONING: Let's think step by step. I am currently at desk 1 and I see no desklamp. The goal is to look at the pillow under the desklamp, so I need to locate the desklamp first. The desklamp is most likely on the dresser. I should navigate to dresser 1 to find it.\nSTEP 2: OBSERVATION: ('You arrive at dresser 1. On the dresser 1, you see a alarmclock 2, a alarmclock 1, a desklamp 1, a keychain 1, and a watch 2.',) | ACTION: go to bed 1 | REWARD: 0.0 | REASONING: Let's think step by step. The goal is to look at the pillow under the desklamp. We are currently at dresser 1 and see a desklamp 1. The pillow under the desklamp would be on the bed, not on the dresser. Therefore we need to go to bed 1 to examine the pillow. The next logical action is to navigate to bed 1. | progress: step_till_now: 0
7	goal: examine the book with the desklamp. | state: observation: ('You arrive at dresser 1. On the dresser 1, you see a alarmclock 2, a alarmclock 1, a cd 2, a cellphone 2, a creditcard 1, a desklamp 1, a keychain 2, a keychain 1, a mug 2, a mug 1, and a pen 2.',) | context: STEP 0: OBSERVATION: -= Welcome to TextWorld, ALFRED! =-\n\nYou are in the middle of a room. Looking quickly around you, you see a bed 1, a drawer 10, a drawer 9, a drawer 8, a drawer 7, a drawer 6, a drawer 5, a drawer 4, a drawer 3, a drawer 2, a drawer 1, a dresser 1, a garbagecan 1, a shelf 7, a shelf 6, a shelf 5, a shelf 4, a shelf 3, a shelf 2, and a shelf 1.\n | ACTION: go to dresser 1 | REWARD: 0.0 | REASONING: Let's think step by step. The goal is to examine a book with a desklamp. I need to find both a book and a desklamp. The desklamp is likely in dresser 1, so I will go there first to check for it and also to see if a book is present. This is a safe exploratory action that will bring me closer to the goal. | progress: step_till_now: 0
8	goal: examine the watch with the desklamp. | state: observation: ('You arrive at dresser 1. On the dresser 1, you see a television 1.',) | context: STEP 3: OBSERVATION: ('You open the drawer 1. The drawer 1 is open. In it, you see a creditcard 3.',) | ACTION: go to drawer 2 | REWARD: 0.0 | REASONING: Let's think step by step. I have opened drawer 1 and found a creditcard 3, but I still need to locate a watch and a desklamp. The next logical place to search is drawer 2, as drawers are likely to contain small items. I will move to drawer 2.\nSTEP 4: OBSERVATION: ('You arrive at drawer 2. The drawer 2 is closed.',) | ACTION: open drawer 2 | REWARD: 0.0 | REASONING: Let's think step by step. I am currently at drawer 2, which is closed. To find any items inside, I need to open it. This is the next logical step toward locating a watch and a desklamp.\nSTEP 5: OBSERVATION: ('You open the drawer 2. The drawer 2 is open. In it, you see nothing.',) | ACTION: go to dresser 1 | REWARD: 0.0 | REASONING: Let's think step by step. I have opened drawer 2 and found nothing. To locate a watch and a desklamp, I should move to a location that is more likely to contain these items, such as the dresser. I will go to dresser 1. | progress: step_till_now: 0
9	"goal: look at alarmclock under the desklamp. | state: observation: ('On the sidetable 1, you see a desklamp 1.',) | context: STEP 11: OBSERVATION: ('You are facing the sidetable 1. Next to it, you see nothing.',) | ACTION: examine sidetable 1 | REWARD: 0.0 | REASONING: Let's think step by step. I am currently at sidetable 1 with the desklamp turned on. The observation says I see nothing next to the sidetable, but the goal is to look at the alarmclock under the desklamp. The only way to see items under the sidetable is to examine it. Therefore I should examine sidetable 1 to reveal the alarmclock.\nSTEP 12: OBSERVATION: ('On the sidetable 1, you see a desklamp 1.',) | ACTION: examine sidetable 1 | REWARD: 0.0 | REASONING: Let's think step by step. The goal is to look at the alarmclock under the desklamp. The current observation shows that on sidetable 1 there is a desklamp 1. The alarmclock is under the desklamp, so to see it we need to examine the sidetable. The admissible action list includes ""examine sidetable 1"", which will reveal items under the desklamp. Therefore the best next action is to examine sidetable 1.\nSTEP 13: OBSERVATION: ('On the sidetable 1, you see a desklamp 1.',) | ACTION: examine sidetable 1 | REWARD: 0.0 | REASONING: Let's think step by step. I am currently at sidetable 1 and the observation shows that there is a desklamp 1 on the sidetable. The goal is to look at the alarmclock under the desklamp. To see items under the desklamp, I need to examine the sidetable. The admissible action list includes ""examine sidetable 1"", which will reveal the alarmclock. Therefore the best next action is to examine sidetable 1. | progress: step_till_now: 0"
10	goal: look at cd under the desklamp. | state: observation: ('You turn on the desklamp 1.',) | context: STEP 2: OBSERVATION: ('You arrive at sidetable 1. On the sidetable 1, you see a cd 2, a cd 1, a desklamp 1, and a pen 1.',) | ACTION: examine sidetable 1 | REWARD: 0.0 | REASONING: Let's think step by step. I am currently at sidetable 1 and I see a desklamp 1 on the table. The goal is to look at a CD that is under the desklamp. The only way to see what is underneath the lamp is to examine the table or the lamp. Since there is no direct action to examine the lamp, the best action is to examine the sidetable, which should reveal the CD hidden under the lamp. Therefore I will examine sidetable 1.\nSTEP 3: OBSERVATION: ('On the sidetable 1, you see a cd 2, a cd 1, a desklamp 1, and a pen 1.',) | ACTION: examine sidetable 1 | REWARD: 0.0 | REASONING: Let's think step by step. I am currently at sidetable 1 and I see a desklamp 1 on the table. The goal is to look at a CD that is under the desklamp. The only way to see what is underneath the lamp is to examine the table or the lamp. Since there is no direct action to examine the lamp, the best action is to examine the sidetable, which should reveal the CD hidden under the lamp.\nSTEP 4: OBSERVATION: ('On the sidetable 1, you see a cd 2, a cd 1, a desklamp 1, and a pen 1.',) | ACTION: use desklamp 1 | REWARD: 0.0 | REASONING: Let's think step by step. I am currently at sidetable 1 and I see a desklamp 1 on the table. The goal is to look at a CD that is under the desklamp. The only way to see what is underneath the lamp is to interact with the lamp. Since there is no direct action to examine the lamp, the best action is to use the desklamp, which may reveal the CD underneath. Therefore I will use desklamp 1. | progress: step_till_now: 0
11	goal: examine the pen with the desklamp. | state: observation: ('You open the drawer 1. The drawer 1 is open. In it, you see nothing.',) | context: STEP 0: OBSERVATION: -= Welcome to TextWorld, ALFRED! =-\n\nYou are in the middle of a room. Looking quickly around you, you see a bed 1, a drawer 10, a drawer 9, a drawer 8, a drawer 7, a drawer 6, a drawer 5, a drawer 4, a drawer 3, a drawer 2, a drawer 1, a dresser 1, a garbagecan 1, a shelf 9, a shelf 8, a shelf 7, a shelf 6, a shelf 5, a shelf 4, a shelf 3, a shelf 2, and a shelf 1.\n | ACTION: go to dresser 1 | REWARD: 0.0 | REASONING: Let's think step by step. I need to find a pen and a desklamp. The dresser is a common place for such items. I will go to dresser 1 to inspect its contents.\nSTEP 1: OBSERVATION: ('You arrive at dresser 1. On the dresser 1, you see a book 1, a cd 1, a desklamp 1, a pencil 1, and a statue 1.',) | ACTION: go to drawer 1 | REWARD: 0.0 | REASONING: Let's think step by step. I need to find a pen to examine it with the desklamp. The dresser does not contain a pen, only a pencil. I should explore the drawers to locate a pen. I will go to drawer 1 first.\nSTEP 2: OBSERVATION: ('You arrive at drawer 1. The drawer 1 is closed.',) | ACTION: open drawer 1 | REWARD: 0.0 | REASONING: Let's think step by step. I need to find a pen to examine it with the desklamp. I am currently at drawer 1, which is closed. I should open it to see if it contains a pen. | progress: step_till_now: 0
12	goal: examine the pencil with the desklamp. | state: observation: ('You are in the middle of a room. Looking quickly around you, you see nothing.',) | context: STEP 0: OBSERVATION: -= Welcome to TextWorld, ALFRED! =-\n\nYou are in the middle of a room. Looking quickly around you, you see a bed 1, a desk 2, a desk 1, a garbagecan 1, a shelf 5, a shelf 4, a shelf 3, a shelf 2, and a shelf 1.\n | ACTION: look | REWARD: 0.0 | REASONING: Let's think step by step. I need to locate the pencil and the desklamp. I am currently in the middle of the room, so I should first look around to see what objects are present here. This will give me a starting point for where to search next. | progress: step_till_now: 0
13	"goal: examine the pillow with the desklamp. | state: observation: ('On the bed 1, you see a book 1, a cellphone 1, a laptop 2, a laptop 1, a pillow 1, and a teddybear 1.',) | context: STEP 10: OBSERVATION: ('On the bed 1, you see a book 1, a cellphone 1, a laptop 2, a laptop 1, a pillow 1, and a teddybear 1.',) | ACTION: examine bed 1 | REWARD: 0.0 | REASONING: Let's think step by step. I am currently at bed 1 with the desklamp turned on. The goal is to examine the pillow with the desklamp. The only available action that examines the pillow while the desklamp is on is ""examine bed 1"". I have already performed this action, but the environment still indicates the goal is not yet satisfied. To satisfy the goal, I should perform the examine action again.\nSTEP 11: OBSERVATION: ('On the bed 1, you see a book 1, a cellphone 1, a laptop 2, a laptop 1, a pillow 1, and a teddybear 1.',) | ACTION: look | REWARD: 0.0 | REASONING: Fallback: structured parsing failed, using look action\nSTEP 12: OBSERVATION: ('You are facing the bed 1. Next to it, you see nothing.',) | ACTION: examine bed 1 | REWARD: 0.0 | REASONING: Let's think step by step. The goal is to examine the pillow with the desklamp. We are currently at bed 1 with the desklamp turned on. The only action that examines the pillow while the desklamp is on is ""examine bed 1"". We have already performed this action, but the environment still indicates the goal is not yet satisfied. Repeating the examine action should satisfy the goal. Therefore, I will perform ""examine bed 1"" again. | progress: step_till_now: 0"
14	goal: examine the cd with the desklamp. | state: observation: ('You are facing the desk 1. Next to it, you see nothing.',) | context: STEP 0: OBSERVATION: -= Welcome to TextWorld, ALFRED! =-\n\nYou are in the middle of a room. Looking quickly around you, you see a bed 1, a desk 1, a drawer 3, a drawer 2, a drawer 1, a garbagecan 1, a laundryhamper 1, a shelf 2, a shelf 1, and a sidetable 1.\n | ACTION: go to desk 1 | REWARD: 0.0 | REASONING: Let's think step by step. I need to find a desklamp and a cd. The desk is a common place for a desklamp. I will navigate to desk 1 to inspect its contents.\nSTEP 1: OBSERVATION: ('You arrive at desk 1. On the desk 1, you see a alarmclock 2, a book 2, a cd 4, a cd 3, a cd 2, a keychain 2, and a pencil 3.',) | ACTION: look | REWARD: 0.0 | REASONING: Fallback: structured parsing failed, using look action\nSTEP 2: OBSERVATION: ('You are facing the desk 1. Next to it, you see nothing.',) | ACTION: look | REWARD: 0.0 | REASONING: Fallback: structured parsing failed, using look action | progress: step_till_now: 0
15	"goal: examine the book with the desklamp. | state: observation: ('You turn on the desklamp 1.',) | context: STEP 0: OBSERVATION: -= Welcome to TextWorld, ALFRED! =-\n\nYou are in the middle of a room. Looking quickly around you, you see a bed 1, a desk 1, a drawer 2, a drawer 1, a garbagecan 1, a shelf 1, and a sidetable 1.\n | ACTION: go to desk 1 | REWARD: 0.0 | REASONING: Let's think step by step. I need to find a book and a desklamp. The desk is a common place for a desklamp, and the desk may also hold a book. I will go to the desk to inspect its contents.\nSTEP 1: OBSERVATION: ('You arrive at desk 1. On the desk 1, you see a alarmclock 1, a book 1, a bowl 1, a cd 1, a cellphone 1, a creditcard 1, a desklamp 1, a houseplant 1, a pencil 2, and a pencil 1.',) | ACTION: use desklamp 1 | REWARD: 0.0 | REASONING: Let's think step by step. I am at desk 1 and I see both the book 1 and the desklamp 1. The goal is to examine the book with the desklamp, which implies I need to use the desklamp to illuminate or examine the book. The only action that involves the desklamp is ""use desklamp 1"". Therefore I should use the desklamp 1 to satisfy the goal. | progress: step_till_now: 0"
16	goal: look at statue under the desklamp. | state: observation: ('On the dresser 1, you see a cellphone 1, a creditcard 2, a desklamp 1, and a keychain 1.',) | context: STEP 1: OBSERVATION: ('You arrive at dresser 1. On the dresser 1, you see a cellphone 1, a creditcard 2, a desklamp 1, and a keychain 1.',) | ACTION: use desklamp 1 | REWARD: 0.0 | REASONING: Let's think step by step. I am at dresser 1 and I see a desklamp 1. The goal is to look at the statue under the desklamp. To see the statue, I need to use the desklamp to illuminate the area beneath it. Therefore, I should use the desklamp 1.\nSTEP 2: OBSERVATION: ('You turn on the desklamp 1.',) | ACTION: look | REWARD: 0.0 | REASONING: Let's think step by step. The desklamp is now turned on, illuminating the area beneath it. The goal is to look at the statue under the desklamp, so the next logical action is to look at the surroundings to see the statue.\nSTEP 3: OBSERVATION: ('You are facing the dresser 1. Next to it, you see nothing.',) | ACTION: examine dresser 1 | REWARD: 0.0 | REASONING: Let's think step by step. The goal is to look at the statue under the desklamp. The lamp is already turned on, but the current observation says nothing is visible next to the dresser. To see if the statue is present, we should examine the dresser 1 to get a detailed view of its contents. This action will reveal any hidden objects such as a statue under the lamp. | progress: step_till_now: 0
17	goal: look at laptop under the desklamp. | state: observation: ('You turn on the desklamp 1.',) | context: STEP 0: OBSERVATION: -= Welcome to TextWorld, ALFRED! =-\n\nYou are in the middle of a room. Looking quickly around you, you see a bed 2, a bed 1, a desk 1, a drawer 11, a drawer 10, a drawer 9, a drawer 8, a drawer 7, a drawer 6, a drawer 5, a drawer 4, a drawer 3, a drawer 2, a drawer 1, a dresser 1, a garbagecan 1, a safe 1, a sidetable 2, and a sidetable 1.\n | ACTION: go to desk 1 | REWARD: 0.0 | REASONING: Let's think step by step. The goal is to look at the laptop under the desklamp. The desklamp is likely on a desk or dresser. We are currently in the middle of the room. The most direct place to find a desklamp is the desk 1. So we should go to desk 1 to search for the desklamp and laptop.\nSTEP 1: OBSERVATION: ('You arrive at desk 1. On the desk 1, you see a bowl 1, a cd 1, a cellphone 1, a desklamp 1, and a pen 3.',) | ACTION: use desklamp 1 | REWARD: 0.0 | REASONING: Let's think step by step. I am at desk 1 and I see a desklamp. The goal is to look at the laptop under the desklamp. The laptop is likely hidden under the lamp until the lamp is turned on. Therefore I should use the desklamp to illuminate the area and reveal the laptop. | progress: step_till_now: 0
18	goal: examine the cd with the desklamp. | state: observation: ('On the dresser 1, you see a alarmclock 1, a cd 3, a cd 2, a desklamp 1, a mug 2, a mug 1, a pen 2, and a pencil 2.',) | context: STEP 0: OBSERVATION: -= Welcome to TextWorld, ALFRED! =-\n\nYou are in the middle of a room. Looking quickly around you, you see a bed 1, a drawer 10, a drawer 9, a drawer 8, a drawer 7, a drawer 6, a drawer 5, a drawer 4, a drawer 3, a drawer 2, a drawer 1, a dresser 1, a garbagecan 1, a shelf 7, a shelf 6, a shelf 5, a shelf 4, a shelf 3, a shelf 2, and a shelf 1.\n | ACTION: go to dresser 1 | REWARD: 0.0 | REASONING: Let's think step by step. The goal is to examine the cd with the desklamp, which means we need to find a location that contains both a cd and a desklamp. A common place for a desklamp is the dresser, and a cd might also be on the dresser or in a nearby shelf or drawer. The first step is to navigate to the dresser 1 to inspect its contents. If a cd is present there, we can examine it while using the desklamp. If not, we can then explore other locations that might contain both objects. So I will go to dresser 1.\nSTEP 1: OBSERVATION: ('You arrive at dresser 1. On the dresser 1, you see a alarmclock 1, a cd 3, a cd 2, a desklamp 1, a mug 2, a mug 1, a pen 2, and a pencil 2.',) | ACTION: use desklamp 1 | REWARD: 0.0 | REASONING: Let's think step by step. I am at dresser 1 and I see a desklamp 1 and two CDs (cd 2 and cd 3). The goal is to examine the cd with the desklamp, which means I need to use the desklamp to examine a CD. The best next action is to use the desklamp 1 to illuminate the CD and then examine it. Therefore I will use desklamp 1.\nSTEP 2: OBSERVATION: ('You turn on the desklamp 1.',) | ACTION: examine dresser 1 | REWARD: 0.0 | REASONING: Let's think step by step. I have turned on the desklamp, which illuminates the dresser. The goal is to examine the cd with the desklamp. The only way to examine the cd is to examine the dresser where the cd is located. Therefore I will examine the dresser 1 to examine the cd under the light of the desklamp. | progress: step_till_now: 0
19	goal: look at bowl under the desklamp. | state: observation: ('On the desk 1, you see a bowl 1, a creditcard 1, a desklamp 1, a keychain 2, a mug 2, a mug 1, and a pen 1.',) | context: STEP 8: OBSERVATION: ('You are facing the desk 1. Next to it, you see nothing.',) | ACTION: examine desk 1 | REWARD: 0.0 | REASONING: Let's think step by step. The goal is to look at the bowl under the desklamp. I am currently facing desk 1 but the observation says I see nothing, so I need to examine the desk to reveal its contents, including the bowl and desklamp. This will satisfy the goal.\nSTEP 9: OBSERVATION: ('On the desk 1, you see a bowl 1, a creditcard 1, a desklamp 1, a keychain 2, a mug 2, a mug 1, and a pen 1.',) | ACTION: look | REWARD: 0.0 | REASONING: Let's think step by step. The current observation shows that bowl 1 and desklamp 1 are on desk 1, so the bowl is indeed under the desklamp. The goal is to look at the bowl under the desklamp, which we have already observed. To confirm the observation and satisfy the goal, we can perform a generic look action at the current location.\nSTEP 10: OBSERVATION: ('You are facing the desk 1. Next to it, you see nothing.',) | ACTION: examine desk 1 | REWARD: 0.0 | REASONING: Let's think step by step. The current observation says I am facing desk 1 and see nothing. The goal is to look at the bowl under the desklamp. To see the bowl, I need to examine the desk to reveal its contents. Therefore the best action is to examine desk 1. | progress: step_till_now: 0
20	goal: look at bowl under the desklamp. | state: observation: ('You are facing the desk 1. Next to it, you see nothing.',) | context: STEP 2: OBSERVATION: ('You turn on the desklamp 1.',) | ACTION: examine desk 1 | REWARD: 0.0 | REASONING: Let's think step by step. I have turned on the desklamp, which illuminates the area under it. The bowl is located under the desklamp on the desk. To observe the bowl, I should examine the desk to see its contents, including the bowl. This will satisfy the goal of looking at the bowl under the desklamp.\nSTEP 3: OBSERVATION: ('On the desk 1, you see a bowl 1, a creditcard 1, a desklamp 1, a keychain 2, a mug 2, a mug 1, and a pen 1.',) | ACTION: examine desk 1 | REWARD: 0.0 | REASONING: Let's think step by step. The goal is to look at the bowl under the desklamp. We are currently at desk 1, the desklamp is on the desk, and the bowl is visible on the desk. We have already turned on the desklamp and examined the desk, which should reveal the bowl. To satisfy the goal explicitly, we can examine the desk again to confirm the bowl is under the desklamp.\nSTEP 4: OBSERVATION: ('On the desk 1, you see a bowl 1, a creditcard 1, a desklamp 1, a keychain 2, a mug 2, a mug 1, and a pen 1.',) | ACTION: look | REWARD: 0.0 | REASONING: Let's think step by step. I have already turned on the desklamp and examined the desk, which revealed the bowl under the lamp. The goal is to look at the bowl under the desklamp, and I have already done that by examining the desk. To confirm the observation, I can perform a generic look action at the current location. | progress: step_till_now: 0
21	"goal: examine the book with the desklamp. | state: observation: ('On the desk 1, you see a book 1, a cd 1, a cellphone 1, a creditcard 1, a desklamp 1, a keychain 2, a keychain 1, a mug 1, a pen 1, a pencil 1, and a tissuebox 2.',) | context: STEP 0: OBSERVATION: -= Welcome to TextWorld, ALFRED! =-\n\nYou are in the middle of a room. Looking quickly around you, you see a bed 1, a desk 1, a drawer 2, a drawer 1, a garbagecan 1, a shelf 1, and a sidetable 1.\n | ACTION: go to desk 1 | REWARD: 0.0 | REASONING: Let's think step by step. The goal is to examine the book with the desklamp. I need to locate both a book and a desklamp. The desk is a common place for a desklamp, and the shelf or sidetable might hold a book. I will first go to the desk to see if there is a desklamp and possibly a book. If not, I can then move to the shelf or sidetable. So the next action is to go to desk 1.\nSTEP 1: OBSERVATION: ('You arrive at desk 1. On the desk 1, you see a book 1, a cd 1, a cellphone 1, a creditcard 1, a desklamp 1, a keychain 2, a keychain 1, a mug 1, a pen 1, a pencil 1, and a tissuebox 2.',) | ACTION: use desklamp 1 | REWARD: 0.0 | REASONING: Let's think step by step. I am at desk 1 and I see both a book 1 and a desklamp 1. The goal is to examine the book with the desklamp, which means I need to use the desklamp on the book. The only available action that involves the desklamp is ""use desklamp 1"". Therefore I should use the desklamp to examine the book.\nSTEP 2: OBSERVATION: ('You turn on the desklamp 1.',) | ACTION: examine desk 1 | REWARD: 0.0 | REASONING: Let's think step by step. The goal is to examine the book with the desklamp. We have already turned on the desklamp, which is the action that examines the book. The book is on the desk, and the desklamp is on the desk. Since the desklamp has been turned on, the book has been examined. To confirm the state or to satisfy the goal, we can examine the desk to see the book and the desklamp. This is a safe action that does not conflict with the goal and keeps us in the correct location. Therefore, the best next action is to examine the desk. | progress: step_till_now: 0"
22	"goal: look at bowl under the desklamp. | state: observation: ('On the dresser 1, you see a bowl 4, a bowl 3, a cd 3, a cellphone 3, a creditcard 3, and a desklamp 1.',) | context: STEP 5: OBSERVATION: ('On the dresser 1, you see a bowl 4, a bowl 3, a cd 3, a cellphone 3, a creditcard 3, and a desklamp 1.',) | ACTION: examine dresser 1 | REWARD: 0.0 | REASONING: Let's think step by step. I am currently on dresser 1 with a desklamp 1 turned on. The goal is to look at the bowl under the desklamp. The bowls are on the dresser, but to see which bowl is directly under the lamp I need to examine the dresser. Examining the dresser will reveal the bowl under the lamp. Therefore I should examine dresser 1.\nSTEP 6: OBSERVATION: ('On the dresser 1, you see a bowl 4, a bowl 3, a cd 3, a cellphone 3, a creditcard 3, and a desklamp 1.',) | ACTION: look | REWARD: 0.0 | REASONING: Let's think step by step. I am currently on dresser 1 with a desklamp 1 turned on. The goal is to look at the bowl under the desklamp. I have already examined the dresser and seen the items, but I still don't know which bowl is directly under the lamp. The only action that allows me to observe the bowl under the lamp is 'look', which will reveal the bowl under the lamp. Therefore I should perform the look action.\nSTEP 7: OBSERVATION: ('You are facing the drawer 7, and dresser 1. Next to it, you see nothing.',) | ACTION: examine dresser 1 | REWARD: 0.0 | REASONING: Let's think step by step. The goal is to look at the bowl under the desklamp. We are currently facing drawer 7 and dresser 1, with nothing visible next to it. To see which bowl is directly under the lamp, we need to examine the dresser 1 where the desklamp is located. The admissible actions include ""examine dresser 1"", which will reveal the bowl under the lamp. Therefore the best action is to examine dresser 1. | progress: step_till_now: 0"
23	goal: look at tissuebox under the desklamp. | state: observation: ('On the sidetable 1, you see a desklamp 1, a statue 1, and a vase 1.',) | context: STEP 9: OBSERVATION: ('On the sidetable 1, you see a desklamp 1, a statue 1, and a vase 1.',) | ACTION: look | REWARD: 0.0 | REASONING: Fallback: structured parsing failed, using look action\nSTEP 10: OBSERVATION: ('You are facing the sidetable 1. Next to it, you see nothing.',) | ACTION: examine sidetable 1 | REWARD: 0.0 | REASONING: Let's think step by step. The goal is to look at the tissuebox under the desklamp. The current observation indicates that nothing is visible next to the sidetable 1. The tissuebox may be hidden or not yet revealed. The only action that can reveal objects on the sidetable is to examine it. Therefore, the best next step is to examine sidetable 1.\nSTEP 11: OBSERVATION: ('On the sidetable 1, you see a desklamp 1, a statue 1, and a vase 1.',) | ACTION: examine sidetable 1 | REWARD: 0.0 | REASONING: Let's think step by step. The goal is to look at the tissuebox under the desklamp. The current observation of sidetable 1 lists only the desklamp, statue, and vase. The tissuebox is not visible, so it may be hidden or not yet revealed. The only action that can reveal objects on the sidetable is to examine it. Therefore the best next step is to examine sidetable 1. | progress: step_till_now: 0
24	goal: examine the book with the desklamp. | state: observation: ('You arrive at shelf 1. On the shelf 1, you see nothing.',) | context: STEP 4: OBSERVATION: ('You arrive at drawer 2. The drawer 2 is closed.',) | ACTION: open drawer 2 | REWARD: 0.0 | REASONING: Let's think step by step. I am currently at drawer 2, which is closed. To find a book to examine with the desklamp, I need to inspect the contents of this drawer. Opening it is the logical next step.\nSTEP 5: OBSERVATION: ('You open the drawer 2. The drawer 2 is open. In it, you see nothing.',) | ACTION: go to dresser 1 | REWARD: 0.0 | REASONING: Let's think step by step. I have opened drawer 2 and found nothing. I still need to locate a book and a desklamp to examine the book with the desklamp. The dresser is a common place for a desklamp, and I can also search shelves for a book. I will first go to dresser 1 to find the desklamp, then later search for a book. This is the next logical step toward the goal.\nSTEP 6: OBSERVATION: ('You arrive at dresser 1. On the dresser 1, you see a alarmclock 2, a alarmclock 1, a cd 2, a cellphone 2, a creditcard 1, a desklamp 1, a keychain 2, a keychain 1, a mug 2, a mug 1, and a pen 2.',) | ACTION: go to shelf 1 | REWARD: 0.0 | REASONING: Let's think step by step. I have the desklamp on dresser 1, but I still need a book to examine with it. The book is likely located on a shelf or in a drawer. I haven't found a book yet, so I should explore a shelf. The first shelf to check is shelf 1, which is a common place for books. This will bring me closer to the goal of examining the book with the desklamp. | progress: step_till_now: 0
25	goal: examine the alarmclock with the desklamp. | state: observation: ('You arrive at dresser 2. On the dresser 2, you see a alarmclock 1, a book 1, a cd 3, a cellphone 3, a cellphone 2, a cellphone 1, and a mug 3.',) | context: STEP 1: OBSERVATION: ('You arrive at dresser 1. On the dresser 1, you see a mug 2, and a mug 1.',) | ACTION: go to dresser 2 | REWARD: 0.0 | REASONING: Let's think step by step. I am currently at dresser 1 and only see mugs, so I cannot examine an alarmclock or desklamp here. I need to locate both objects. The next logical place to search is dresser 2, which may contain an alarmclock and a desklamp. I will move there to continue the task.\nSTEP 2: OBSERVATION: ('You arrive at dresser 2. On the dresser 2, you see a alarmclock 1, a book 1, a cd 3, a cellphone 3, a cellphone 2, a cellphone 1, and a mug 3.',) | ACTION: go to desk 1 | REWARD: 0.0 | REASONING: Let's think step by step. I am currently at dresser 2 and have seen an alarmclock 1, but I do not have a desklamp. The goal is to examine the alarmclock with the desklamp, so I need to locate and pick up a desklamp first. The desklamp is not in dresser 2 or dresser 1. It is likely in one of the desks. I will move to desk 1 to search for a desklamp.\nSTEP 3: OBSERVATION: ('You arrive at desk 1. On the desk 1, you see a desklamp 1, a laptop 1, and a pencil 1.',) | ACTION: go to dresser 2 | REWARD: 0.0 | REASONING: Let's think step by step. I need to examine the alarmclock with the desklamp. I currently have the desklamp on desk 1 and the alarmclock is on dresser 2. To examine the alarmclock with the desklamp, I must be at dresser 2 with the alarmclock and use the desklamp. The next logical step is to move to dresser 2 where the alarmclock is located. | progress: step_till_now: 0
26	goal: put some remotecontrol on dresser. | state: observation: ('You arrive at cabinet 1. The cabinet 1 is closed.',) | context: STEP 0: OBSERVATION: -= Welcome to TextWorld, ALFRED! =-\n\nYou are in the middle of a room. Looking quickly around you, you see a armchair 2, a armchair 1, a cabinet 4, a cabinet 3, a cabinet 2, a cabinet 1, a coffeetable 1, a drawer 4, a drawer 3, a drawer 2, a drawer 1, a dresser 1, a garbagecan 1, a sidetable 1, and a sofa 1.\n | ACTION: go to cabinet 1 | REWARD: 0.0 | REASONING: Let's think step by step. I need to find the remotecontrol. Cabinets are common places to store remotes. I'll go to cabinet 1 to inspect its contents. | progress: step_till_now: 0
27	goal: put some egg on fridge. | state: observation: ('You are facing the fridge 1. Next to it, you see nothing.',) | context: STEP 8: OBSERVATION: ('You arrive at sinkbasin 1. On the sinkbasin 1, you see a fork 3.',) | ACTION: go to cabinet 1 | REWARD: 0.0 | REASONING: Let's think step by step. I am currently at sinkbasin 1 and only see a fork 3. I need to find an egg to put on the fridge. The sinkbasin does not contain an egg. I should search other common locations for eggs, such as cabinets or drawers. I have already checked drawer 1 and found nothing. I will go to cabinet 1 to look for an egg.\nSTEP 9: OBSERVATION: ('You arrive at cabinet 1. The cabinet 1 is open. In it, you see nothing.',) | ACTION: go to fridge 1 | REWARD: 0.0 | REASONING: Let's think step by step. I need to find an egg to place on the fridge. The only remaining common location for eggs is the fridge. I should navigate to fridge 1 to inspect its contents.\nSTEP 10: OBSERVATION: ('You arrive at fridge 1. The fridge 1 is open. In it, you see a plate 1.',) | ACTION: look | REWARD: 0.0 | REASONING: Fallback: structured parsing failed, using look action | progress: step_till_now: 0
28	goal: put some butterknife on drawer. | state: observation: ('You arrive at cabinet 1. The cabinet 1 is closed.',) | context: STEP 0: OBSERVATION: -= Welcome to TextWorld, ALFRED! =-\n\nYou are in the middle of a room. Looking quickly around you, you see a cabinet 18, a cabinet 17, a cabinet 16, a cabinet 15, a cabinet 14, a cabinet 13, a cabinet 12, a cabinet 11, a cabinet 10, a cabinet 9, a cabinet 8, a cabinet 7, a cabinet 6, a cabinet 5, a cabinet 4, a cabinet 3, a cabinet 2, a cabinet 1, a coffeemachine 1, a countertop 4, a countertop 3, a countertop 2, a countertop 1, a drawer 7, a drawer 6, a drawer 5, a drawer 4, a drawer 3, a drawer 2, a drawer 1, a fridge 1, a garbagecan 1, a microwave 1, a sinkbasin 1, a stoveburner 4, a stoveburner 3, a stoveburner 2, a stoveburner 1, and a toaster 1.\n | ACTION: look | REWARD: 0.0 | REASONING: Fallback: structured parsing failed, using look action\nSTEP 1: OBSERVATION: ('You are in the middle of a room. Looking quickly around you, you see nothing.',) | ACTION: go to countertop 1 | REWARD: 0.0 | REASONING: Let's think step by step. I need to find a butterknife. The observation says I see nothing in the middle of the room. I should go to a location that might contain a butterknife, such as a countertop. I'll go to countertop 1 to look for a butterknife.\nSTEP 2: OBSERVATION: ('You arrive at countertop 1. On the countertop 1, you see a fork 1, a houseplant 1, a saltshaker 1, and a spatula 1.',) | ACTION: go to cabinet 1 | REWARD: 0.0 | REASONING: Let's think step by step. I need to find a butterknife to put on a drawer. I currently see no butterknife on countertop 1. The next step is to search a location that might contain a butterknife, such as a cabinet. I'll go to cabinet 1 to look for a butterknife. | progress: step_till_now: 0
29	goal: put some toiletpaper on toiletpaperhanger. | state: observation: ('You open the drawer 3. The drawer 3 is open. In it, you see nothing.',) | context: STEP 3: OBSERVATION: ('You arrive at drawer 2. The drawer 2 is closed.',) | ACTION: open drawer 2 | REWARD: 0.0 | REASONING: Let's think step by step. I am currently at drawer 2, which is closed. To find toiletpaper, I need to inspect the contents of the drawer. The only way to see inside is to open it. Therefore I should open drawer 2.\nSTEP 4: OBSERVATION: ('You open the drawer 2. The drawer 2 is open. In it, you see nothing.',) | ACTION: go to drawer 3 | REWARD: 0.0 | REASONING: Let's think step by step. I have opened drawer 2 and found it empty. I still need to locate toiletpaper. The next logical place to search is the next drawer, drawer 3, as drawers are common storage for such items. I will move to drawer 3 to inspect it.\nSTEP 5: OBSERVATION: ('You arrive at drawer 3. The drawer 3 is closed.',) | ACTION: open drawer 3 | REWARD: 0.0 | REASONING: Let's think step by step. I am currently at drawer 3, which is closed. To find toiletpaper, I need to inspect its contents. The only way to see inside is to open it. Therefore I should open drawer 3. | progress: step_till_now: 0
30	goal: put some glassbottle on diningtable. | state: observation: ('You arrive at cabinet 1. The cabinet 1 is closed.',) | context: STEP 0: OBSERVATION: -= Welcome to TextWorld, ALFRED! =-\n\nYou are in the middle of a room. Looking quickly around you, you see a cabinet 10, a cabinet 9, a cabinet 8, a cabinet 7, a cabinet 6, a cabinet 5, a cabinet 4, a cabinet 3, a cabinet 2, a cabinet 1, a coffeemachine 1, a countertop 1, a diningtable 1, a drawer 2, a drawer 1, a fridge 1, a garbagecan 1, a microwave 1, a sinkbasin 1, a stoveburner 4, a stoveburner 3, a stoveburner 2, a stoveburner 1, and a toaster 1.\n | ACTION: look | REWARD: 0.0 | REASONING: Let's think step by step. I need to find a glassbottle to put on the diningtable. The current observation does not mention any glassbottle, so I should look around to get a more detailed view of the room and see if any glassbottle is present. The 'look' action is a safe exploratory action that will provide more information about the environment.\nSTEP 1: OBSERVATION: ('You are in the middle of a room. Looking quickly around you, you see nothing.',) | ACTION: go to cabinet 1 | REWARD: 0.0 | REASONING: Let's think step by step. The observation says I see nothing in the middle of the room, so I need to explore other locations to find a glassbottle. A good first step is to go to a cabinet, as cabinets often contain items. I'll go to cabinet 1 to check for a glassbottle. | progress: step_till_now: 0
31	goal: put a candle in cabinet. | state: observation: -= Welcome to TextWorld, ALFRED! =-\n\nYou are in the middle of a room. Looking quickly around you, you see a cabinet 3, a cabinet 2, a cabinet 1, a countertop 1, a garbagecan 1, a handtowelholder 2, a handtowelholder 1, a sinkbasin 1, a toilet 1, a toiletpaperhanger 1, and a towelholder 1.\n | context:  | progress: step_till_now: 0
32	goal: put some book on cabinet. | state: observation: ('You open the cabinet 1. The cabinet 1 is open. In it, you see nothing.',) | context: STEP 5: OBSERVATION: ('You arrive at cabinet 1. The cabinet 1 is closed.',) | ACTION: examine cabinet 1 | REWARD: 0.0 | REASONING: Let's think step by step. I am currently at cabinet 1 and it is closed. To find a book to put on a cabinet, I need to see what is inside cabinet 1. The only logical next step is to examine cabinet 1 to discover its contents.\nSTEP 6: OBSERVATION: ('The cabinet 1 is closed.',) | ACTION: examine cabinet 1 | REWARD: 0.0 | REASONING: Let's think step by step. I am currently at cabinet 1 and it is closed. To find a book to put on a cabinet, I need to see what is inside cabinet 1. The only logical next step is to examine cabinet 1 to discover its contents.\nSTEP 7: OBSERVATION: ('The cabinet 1 is closed.',) | ACTION: open cabinet 1 | REWARD: 0.0 | REASONING: Let's think step by step. I am currently at cabinet 1 and it is closed. To find a book to put on a cabinet, I need to see what is inside cabinet 1. The next logical step is to open cabinet 1 so I can examine its contents and locate a book. | progress: step_till_now: 0
33	goal: put a pencil in desk. | state: observation: ('You arrive at drawer 1. On the drawer 1, you see nothing.',) | context: STEP 0: OBSERVATION: -= Welcome to TextWorld, ALFRED! =-\n\nYou are in the middle of a room. Looking quickly around you, you see a bed 1, a desk 1, a drawer 3, a drawer 2, a drawer 1, a garbagecan 1, a safe 1, a shelf 5, a shelf 4, a shelf 3, a shelf 2, a shelf 1, a sidetable 2, and a sidetable 1.\n | ACTION: look | REWARD: 0.0 | REASONING: Let's think step by step. I need to find a pencil to put in the desk. I don't know where pencils are, so I should look around the room to see if a pencil is present.\nSTEP 1: OBSERVATION: ('You are in the middle of a room. Looking quickly around you, you see nothing.',) | ACTION: go to drawer 1 | REWARD: 0.0 | REASONING: Let's think step by step. I need to find a pencil to put in the desk. The room has several potential locations: drawers, shelves, sidetables, etc. A pencil is likely in a drawer or a shelf. I will start by checking drawer 1, which is a common place for small items like pencils. | progress: step_till_now: 0
34	goal: put a toiletpaper in toiletpaperhanger. | state: observation: ('You arrive at cabinet 2. The cabinet 2 is closed.',) | context: STEP 1: OBSERVATION: ('You arrive at toiletpaperhanger 1. On the toiletpaperhanger 1, you see nothing.',) | ACTION: go to cabinet 1 | REWARD: 0.0 | REASONING: Let's think step by step. I am at the toiletpaperhanger and there is no toiletpaper there. I need to find a toiletpaper to put in the hanger. The most likely place to find toiletpaper is in a cabinet. I will go to cabinet 1 to search for toiletpaper.\nSTEP 2: OBSERVATION: ('You arrive at cabinet 1. The cabinet 1 is closed.',) | ACTION: open cabinet 1 | REWARD: 0.0 | REASONING: Let's think step by step. I am at cabinet 1 and it is closed. I need to find a toiletpaper to put in the toiletpaperhanger. The most likely place to find a toiletpaper is inside a cabinet. Therefore I should open cabinet 1 to inspect its contents.\nSTEP 3: OBSERVATION: ('You open the cabinet 1. The cabinet 1 is open. In it, you see a spraybottle 2.',) | ACTION: go to cabinet 2 | REWARD: 0.0 | REASONING: Let's think step by step. I need a toiletpaper to put in the toiletpaperhanger, but I only see a spraybottle 2 in cabinet 1. The toiletpaper is likely stored in another cabinet. I should go to cabinet 2 to search for it. | progress: step_till_now: 0
35	goal: put some remotecontrol on dresser. | state: observation: -= Welcome to TextWorld, ALFRED! =-\n\nYou are in the middle of a room. Looking quickly around you, you see a armchair 2, a armchair 1, a cabinet 4, a cabinet 3, a cabinet 2, a cabinet 1, a coffeetable 1, a drawer 4, a drawer 3, a drawer 2, a drawer 1, a dresser 1, a garbagecan 1, a sidetable 1, and a sofa 1.\n | context:  | progress: step_till_now: 0
36	goal: put some cloth on countertop. | state: observation: ('You move the handtowel 1 to the countertop 1.',) | context: STEP 2: OBSERVATION: ('You pick up the handtowel 1 from the handtowelholder 1.',) | ACTION: look | REWARD: 0.0 | REASONING: Fallback: structured parsing failed, using look action\nSTEP 3: OBSERVATION: ('You are facing the handtowelholder 1. Next to it, you see nothing.',) | ACTION: go to countertop 1 | REWARD: 0.0 | REASONING: Let's think step by step. I have a handtowel 1 in my inventory and the goal is to put some cloth on a countertop. The next logical step is to move to a countertop so I can place the handtowel there. I will go to countertop 1.\nSTEP 4: OBSERVATION: ('You arrive at countertop 1. On the countertop 1, you see a candle 2, a dishsponge 2, a sink 1, a soapbottle 2, a spraybottle 3, and a spraybottle 2.',) | ACTION: move handtowel 1 to countertop 1 | REWARD: 0.0 | REASONING: Let's think step by step. I have the handtowel 1 in my inventory and I am currently at countertop 1. The goal is to put some cloth on the countertop, and the handtowel is a cloth. The appropriate action to place it on the countertop is to move the handtowel to the countertop. Therefore I will perform the action to move handtowel 1 to countertop 1. | progress: step_till_now: 0
37	goal: put some toiletpaper on toiletpaperhanger. | state: observation: ('You arrive at drawer 1. The drawer 1 is closed.',) | context: STEP 0: OBSERVATION: -= Welcome to TextWorld, ALFRED! =-\n\nYou are in the middle of a room. Looking quickly around you, you see a bathtubbasin 1, a countertop 1, a drawer 6, a drawer 5, a drawer 4, a drawer 3, a drawer 2, a drawer 1, a garbagecan 1, a handtowelholder 2, a handtowelholder 1, a sinkbasin 2, a sinkbasin 1, a toilet 1, a toiletpaperhanger 1, a towelholder 2, and a towelholder 1.\n | ACTION: go to drawer 1 | REWARD: 0.0 | REASONING: Let's think step by step. I need to find toiletpaper to put on the toiletpaperhanger. The only places that might contain toiletpaper are the drawers or the garbagecan. I will start by checking the first drawer, drawer 1, to see if it contains toiletpaper. If not, I can try other drawers or the garbagecan later. So I will go to drawer 1. | progress: step_till_now: 0
38	goal: put some toiletpaper on toiletpaperhanger. | state: observation: -= Welcome to TextWorld, ALFRED! =-\n\nYou are in the middle of a room. Looking quickly around you, you see a bathtubbasin 1, a countertop 2, a countertop 1, a drawer 8, a drawer 7, a drawer 6, a drawer 5, a drawer 4, a drawer 3, a drawer 2, a drawer 1, a garbagecan 1, a handtowelholder 4, a handtowelholder 3, a handtowelholder 2, a handtowelholder 1, a sinkbasin 2, a sinkbasin 1, a toilet 1, a toiletpaperhanger 1, and a towelholder 1.\n | context:  | progress: step_till_now: 0
39	goal: put some pen on sidetable. | state: observation: ('You arrive at sidetable 1. On the sidetable 1, you see a keychain 1.',) | context: STEP 6: OBSERVATION: ('You arrive at drawer 4. On the drawer 4, you see nothing.',) | ACTION: examine sidetable 2 | REWARD: 0.0 | REASONING: Let's think step by step. I have inspected drawers 2, 3, and 4, none of which contain a pen. The remaining potential locations are drawer 1 and sidetable 2. Since I have not examined sidetable 2 yet, it is a good next step to search for a pen there. If a pen is found, I can then move it to a sidetable. If not, I can later go to drawer 1. Therefore, I will examine sidetable 2.\nSTEP 7: OBSERVATION: ('On the sidetable 2, you see a cd 2.',) | ACTION: go to drawer 1 | REWARD: 0.0 | REASONING: Let's think step by step. I have inspected drawers 2, 3, and 4, as well as sidetable 2, and found no pen. The remaining potential locations for a pen are drawer 1, bed 1, diningtable 1, sidetable 1, and garbagecan 1. The most likely place for a pen is still drawer 1, so I will go there next to search for it.\nSTEP 8: OBSERVATION: ('You arrive at drawer 1. The drawer 1 is open. In it, you see a cd 1.',) | ACTION: go to sidetable 1 | REWARD: 0.0 | REASONING: Let's think step by step. I have inspected all drawers (1-4) and sidetable 2, but no pen was found. The remaining potential locations are bed 1, diningtable 1, sidetable 1, and garbagecan 1. Pens are commonly found on tables or in drawers, so sidetable 1 is a likely place to search next. I will go to sidetable 1 to look for a pen. | progress: step_till_now: 0
40	goal: put a toiletpaper in toiletpaperhanger. | state: observation: ('You open the cabinet 2. The cabinet 2 is open. In it, you see a candle 2, and a candle 1.',) | context: STEP 2: OBSERVATION: ('You arrive at cabinet 1. The cabinet 1 is closed.',) | ACTION: open cabinet 1 | REWARD: 0.0 | REASONING: Let's think step by step. I am at cabinet 1 and it is closed. I need to find a toiletpaper to put in the toiletpaperhanger. The most likely place to find a toiletpaper is inside a cabinet. Therefore I should open cabinet 1 to inspect its contents.\nSTEP 3: OBSERVATION: ('You open the cabinet 1. The cabinet 1 is open. In it, you see a spraybottle 2.',) | ACTION: go to cabinet 2 | REWARD: 0.0 | REASONING: Let's think step by step. I need a toiletpaper to put in the toiletpaperhanger, but I only see a spraybottle 2 in cabinet 1. The toiletpaper is likely stored in another cabinet. I should go to cabinet 2 to search for it.\nSTEP 4: OBSERVATION: ('You arrive at cabinet 2. The cabinet 2 is closed.',) | ACTION: open cabinet 2 | REWARD: 0.0 | REASONING: Let's think step by step. I am currently at cabinet 2, which is closed. I need to find a toiletpaper to put in the toiletpaperhanger. The most likely place to find toiletpaper is inside a cabinet. Therefore I should open cabinet 2 to inspect its contents. | progress: step_till_now: 0
41	goal: put a pencil in desk. | state: observation: ('You are facing the drawer 2. Next to it, you see nothing.',) | context: STEP 9: OBSERVATION: ('You open the safe 1. The safe 1 is open. In it, you see a cellphone 1.',) | ACTION: go to drawer 1 | REWARD: 0.0 | REASONING: Let's think step by step. I am currently at safe 1, which is open, and I see a cellphone 1 inside. I have not found a pencil yet. The pencil could be in a drawer or a shelf. I have not yet checked drawer 1, so I will go there to search for the pencil.\nSTEP 10: OBSERVATION: ('You arrive at drawer 1. On the drawer 1, you see nothing.',) | ACTION: go to drawer 2 | REWARD: 0.0 | REASONING: Let's think step by step. I am currently at drawer 1 and it is empty. I have not yet checked drawer 2 or drawer 3, and those are common places for a pencil. The next logical step is to inspect drawer 2 for the pencil.\nSTEP 11: OBSERVATION: ('You arrive at drawer 2. The drawer 2 is open. In it, you see nothing.',) | ACTION: look | REWARD: 0.0 | REASONING: Fallback: structured parsing failed, using look action | progress: step_till_now: 0
42	goal: put some candle on sidetable. | state: observation: ('You arrive at sinkbasin 1. On the sinkbasin 1, you see nothing.',) | context: STEP 2: OBSERVATION: ('You arrive at drawer 1. The drawer 1 is closed.',) | ACTION: open drawer 1 | REWARD: 0.0 | REASONING: Let's think step by step. I am at drawer 1, which is closed. To see if a candle is inside, I need to open it. Opening the drawer will reveal its contents, allowing me to check for a candle. This is the most direct next step toward the goal of placing a candle on the sidetable.\nSTEP 3: OBSERVATION: ('You open the drawer 1. The drawer 1 is open. In it, you see a soapbar 3.',) | ACTION: go to bathtubbasin 1 | REWARD: 0.0 | REASONING: Let's think step by step. I have opened the drawer and only found a soapbar 3, no candle. To place a candle on the sidetable, I need to locate a candle. The most likely places to find a candle in this environment are other bathroom fixtures such as the bathtubbasin or sinkbasin. I will move to the bathtubbasin 1 to search for a candle.\nSTEP 4: OBSERVATION: ('You arrive at bathtubbasin 1. On the bathtubbasin 1, you see a cloth 2, and a cloth 1.',) | ACTION: go to sinkbasin 1 | REWARD: 0.0 | REASONING: Let's think step by step. I am currently at the bathtubbasin 1 and only see two cloths, no candle. To find a candle, I should explore other likely locations such as the sinkbasin. Moving to the sinkbasin 1 will allow me to search for a candle there. | progress: step_till_now: 0
43	goal: put a candle in cabinet. | state: observation: ('You are facing the cabinet 3. Next to it, you see nothing.',) | context: STEP 2: OBSERVATION: ('You open the cabinet 1. The cabinet 1 is open. In it, you see a soapbottle 1, and a spraybottle 1.',) | ACTION: go to cabinet 3 | REWARD: 0.0 | REASONING: Let's think step by step. I need to find a candle to put in a cabinet. The only objects I can inspect are cabinets. Cabinet 1 has no candle. I should check the other cabinets. The admissible actions allow me to go to cabinet 3. I will move there to see if it contains a candle.\nSTEP 3: OBSERVATION: ('You arrive at cabinet 3. The cabinet 3 is closed.',) | ACTION: open cabinet 3 | REWARD: 0.0 | REASONING: Let's think step by step. I am at cabinet 3 which is closed. To find a candle, I need to inspect its contents. The only way to see inside is to open it. So I will open cabinet 3.\nSTEP 4: OBSERVATION: ('You open the cabinet 3. The cabinet 3 is open. In it, you see a soapbar 1.',) | ACTION: look | REWARD: 0.0 | REASONING: Fallback: structured parsing failed, using look action | progress: step_till_now: 0
44	goal: put some alarmclock on dresser. | state: observation: ('You arrive at drawer 2. The drawer 2 is closed.',) | context: STEP 0: OBSERVATION: -= Welcome to TextWorld, ALFRED! =-\n\nYou are in the middle of a room. Looking quickly around you, you see a bed 1, a drawer 10, a drawer 9, a drawer 8, a drawer 7, a drawer 6, a drawer 5, a drawer 4, a drawer 3, a drawer 2, a drawer 1, a dresser 1, a garbagecan 1, a shelf 9, a shelf 8, a shelf 7, a shelf 6, a shelf 5, a shelf 4, a shelf 3, a shelf 2, and a shelf 1.\n | ACTION: go to drawer 1 | REWARD: 0.0 | REASONING: Let's think step by step. I need to find an alarmclock. The current observation shows no alarmclock. Likely it is inside a drawer or shelf. I will start by going to a drawer to inspect its contents. I'll go to drawer 1 first.\nSTEP 1: OBSERVATION: ('You arrive at drawer 1. The drawer 1 is closed.',) | ACTION: open drawer 1 | REWARD: 0.0 | REASONING: Let's think step by step. I am currently at drawer 1 which is closed. To inspect its contents for an alarmclock, I need to open it. The only action that will allow me to see inside is 'open drawer 1'.\nSTEP 2: OBSERVATION: ('You open the drawer 1. The drawer 1 is open. In it, you see a keychain 3.',) | ACTION: go to drawer 2 | REWARD: 0.0 | REASONING: Let's think step by step. I have opened drawer 1 and only found a keychain 3, no alarmclock. To find an alarmclock, I need to search other locations. The next logical step is to go to another drawer, such as drawer 2, to inspect its contents. | progress: step_till_now: 0
45	goal: put some cd on safe. | state: observation: ('You open the drawer 6. The drawer 6 is open. In it, you see nothing.',) | context: STEP 9: OBSERVATION: ('You arrive at drawer 5. The drawer 5 is closed.',) | ACTION: open drawer 5 | REWARD: 0.0 | REASONING: Let's think step by step. I am currently at drawer 5, which is closed. To find a CD, I need to inspect its contents. The only logical next step is to open drawer 5.\nSTEP 10: OBSERVATION: ('You open the drawer 5. The drawer 5 is open. In it, you see a pencil 1.',) | ACTION: go to drawer 6 | REWARD: 0.0 | REASONING: Let's think step by step. I am currently at drawer 5, which is open, and I see a pencil 1. I need to find a CD to put on the safe. The only way to get a CD is to search other drawers. I have already checked drawers 3, 4, and 5. I will move to the next drawer, drawer 6, to continue searching for a CD.\nSTEP 11: OBSERVATION: ('You arrive at drawer 6. The drawer 6 is closed.',) | ACTION: open drawer 6 | REWARD: 0.0 | REASONING: Let's think step by step. I am currently at drawer 6, which is closed. To find a CD, I need to inspect its contents. The only logical next step is to open drawer 6. | progress: step_till_now: 0
46	goal: put some book on cabinet. | state: observation: ('You arrive at shelf 1. On the shelf 1, you see a creditcard 2, a pen 3, and a pen 2.',) | context: STEP 0: OBSERVATION: -= Welcome to TextWorld, ALFRED! =-\n\nYou are in the middle of a room. Looking quickly around you, you see a bed 1, a cabinet 4, a cabinet 3, a cabinet 2, a cabinet 1, a desk 1, a drawer 2, a drawer 1, a garbagecan 1, a shelf 1, and a sidetable 1.\n | ACTION: look | REWARD: 0.0 | REASONING: Let's think step by step. I need to find a book to put on a cabinet. I don't have any items in my inventory yet, so I should first look around to see if there is a book in the room. The 'look' action will give me a detailed description of objects present, which will help me identify a book and decide where to go next.\nSTEP 1: OBSERVATION: ('You are in the middle of a room. Looking quickly around you, you see nothing.',) | ACTION: go to shelf 1 | REWARD: 0.0 | REASONING: Let's think step by step. I am currently in the middle of a room and I see nothing. I need to find a book to put on a cabinet. The most likely place to find a book is on a shelf or a desk. I will go to the shelf 1 to search for a book. | progress: step_till_now: 0
47	goal: put a remotecontrol in armchair. | state: observation: -= Welcome to TextWorld, ALFRED! =-\n\nYou are in the middle of a room. Looking quickly around you, you see a armchair 2, a armchair 1, a cabinet 8, a cabinet 7, a cabinet 6, a cabinet 5, a cabinet 4, a cabinet 3, a cabinet 2, a cabinet 1, a coffeetable 2, a coffeetable 1, a diningtable 1, a drawer 7, a drawer 6, a drawer 5, a drawer 4, a drawer 3, a drawer 2, a drawer 1, a garbagecan 1, a shelf 13, a shelf 12, a shelf 11, a shelf 10, a shelf 9, a shelf 8, a shelf 7, a shelf 6, a shelf 5, a shelf 4, a shelf 3, a shelf 2, a shelf 1, and a sofa 1.\n | context:  | progress: step_till_now: 0
48	goal: put some box on sofa. | state: observation: ('You arrive at drawer 2. The drawer 2 is open. In it, you see nothing.',) | context: STEP 7: OBSERVATION: ('You arrive at drawer 1. The drawer 1 is open. In it, you see nothing.',) | ACTION: go to drawer 4 | REWARD: 0.0 | REASONING: Let's think step by step. I have opened drawer 1 and found it empty. I still need to locate a box to place on the sofa. The next logical step is to inspect another drawer that hasn't been checked yet. I will go to drawer 4 to continue the search for a box.\nSTEP 8: OBSERVATION: ('You arrive at drawer 4. The drawer 4 is closed.',) | ACTION: open drawer 4 | REWARD: 0.0 | REASONING: Let's think step by step. I am currently at drawer 4, which is closed. I need to inspect its contents to find a box. The next logical action is to open drawer 4.\nSTEP 9: OBSERVATION: ('You open the drawer 4. The drawer 4 is open. In it, you see nothing.',) | ACTION: go to drawer 2 | REWARD: 0.0 | REASONING: Let's think step by step. I have opened drawers 1,3,4 and found no box. The next logical step is to inspect another drawer that hasn't been checked yet. I will go to drawer 2 to continue searching for a box. | progress: step_till_now: 0
49	goal: put a cd in dresser. | state: observation: ('You arrive at drawer 2. The drawer 2 is closed.',) | context: STEP 0: OBSERVATION: -= Welcome to TextWorld, ALFRED! =-\n\nYou are in the middle of a room. Looking quickly around you, you see a bed 2, a bed 1, a desk 1, a drawer 11, a drawer 10, a drawer 9, a drawer 8, a drawer 7, a drawer 6, a drawer 5, a drawer 4, a drawer 3, a drawer 2, a drawer 1, a dresser 1, a garbagecan 1, a safe 1, a sidetable 2, and a sidetable 1.\n | ACTION: go to drawer 1 | REWARD: 0.0 | REASONING: Let's think step by step. The goal is to put a cd in the dresser. I currently see a dresser 1 but no cd in the room. I need to locate the cd, likely in a drawer. I will start by going to drawer 1 to search for the cd.\nSTEP 1: OBSERVATION: ('You arrive at drawer 1. The drawer 1 is closed.',) | ACTION: open drawer 1 | REWARD: 0.0 | REASONING: Let's think step by step. I am currently at drawer 1 which is closed. To find the cd I need to inspect the contents of the drawer. The only way to see inside is to open it. Therefore I should open drawer 1.\nSTEP 2: OBSERVATION: ('You open the drawer 1. The drawer 1 is open. In it, you see nothing.',) | ACTION: go to drawer 2 | REWARD: 0.0 | REASONING: Let's think step by step. I have opened drawer 1 and found it empty. The goal is to put a cd in the dresser, so I need to locate the cd. The next logical step is to search another drawer. I will go to drawer 2 to continue searching for the cd. | progress: step_till_now: 0
50	goal: put some keychain on dresser. | state: observation: ('You arrive at drawer 3. The drawer 3 is closed.',) | context: STEP 2: OBSERVATION: ('You open the drawer 1. The drawer 1 is open. In it, you see a creditcard 1.',) | ACTION: go to drawer 2 | REWARD: 0.0 | REASONING: Let's think step by step. I have opened drawer 1 and only found a creditcard, so the keychain is not there. I need to search other potential locations. The next logical step is to move to another drawer, such as drawer 2, to look for the keychain.\nSTEP 3: OBSERVATION: ('You arrive at drawer 2. The drawer 2 is closed.',) | ACTION: open drawer 2 | REWARD: 0.0 | REASONING: Let's think step by step. I am currently at drawer 2, which is closed. To see if the keychain is inside, I need to open it. The only action that will allow me to inspect its contents is to open drawer 2. Therefore I will open drawer 2.\nSTEP 4: OBSERVATION: ('You open the drawer 2. The drawer 2 is open. In it, you see nothing.',) | ACTION: go to drawer 3 | REWARD: 0.0 | REASONING: Let's think step by step. I have opened drawer 2 and found nothing inside. The keychain is still missing, so I need to search other potential locations. The next logical step is to move to another drawer, such as drawer 3, to continue searching for the keychain. | progress: step_till_now: 0
51	goal: put some toiletpaper on toiletpaperhanger. | state: observation: ('You are facing the drawer 2, and drawer 1. Next to it, you see nothing.',) | context: STEP 8: OBSERVATION: ('You arrive at garbagecan 1. On the garbagecan 1, you see nothing.',) | ACTION: go to drawer 1 | REWARD: 0.0 | REASONING: Let's think step by step. I have a tissuebox in inventory but I still need toiletpaper to put on the toiletpaperhanger. The garbagecan is empty, so I should search other locations that might contain toiletpaper. The drawers are a good place to look. I will move to drawer 1 to inspect its contents.\nSTEP 9: OBSERVATION: ('You arrive at drawer 1. The drawer 1 is open. In it, you see nothing.',) | ACTION: look | REWARD: 0.0 | REASONING: Fallback: structured parsing failed, using look action\nSTEP 10: OBSERVATION: ('You are facing the drawer 2, and drawer 1. Next to it, you see nothing.',) | ACTION: look | REWARD: 0.0 | REASONING: Fallback: structured parsing failed, using look action | progress: step_till_now: 0
52	goal: put a remotecontrol in armchair. | state: observation: ('You arrive at cabinet 3. The cabinet 3 is closed.',) | context: STEP 2: OBSERVATION: ('You open the cabinet 1. The cabinet 1 is open. In it, you see a vase 1.',) | ACTION: go to cabinet 2 | REWARD: 0.0 | REASONING: Let's think step by step. I have opened cabinet 1 and only found a vase 1, so the remotecontrol is not inside cabinet 1. To locate the remotecontrol, I need to search other potential storage locations. The next logical step is to move to another cabinet, such as cabinet 2, and inspect its contents. This will bring me closer to finding the remotecontrol and eventually placing it in an armchair.\nSTEP 3: OBSERVATION: ('You arrive at cabinet 2. The cabinet 2 is closed.',) | ACTION: open cabinet 2 | REWARD: 0.0 | REASONING: Let's think step by step. I am currently at cabinet 2, which is closed. The remotecontrol is likely inside a receptacle such as a cabinet. To see if it is inside cabinet 2, I need to open it. The only action that will allow me to inspect its contents is to open cabinet 2.\nSTEP 4: OBSERVATION: ('You open the cabinet 2. The cabinet 2 is open. In it, you see nothing.',) | ACTION: go to cabinet 3 | REWARD: 0.0 | REASONING: Let's think step by step. I have opened cabinet 2 and found it empty, so the remotecontrol is not there. The next logical step is to search another potential storage location. I will move to cabinet 3 to continue the search. | progress: step_till_now: 0
53	goal: put a spraybottle in garbagecan. | state: observation: -= Welcome to TextWorld, ALFRED! =-\n\nYou are in the middle of a room. Looking quickly around you, you see a countertop 1, a drawer 8, a drawer 7, a drawer 6, a drawer 5, a drawer 4, a drawer 3, a drawer 2, a drawer 1, a garbagecan 1, a handtowelholder 1, a sinkbasin 2, a sinkbasin 1, a toilet 1, a toiletpaperhanger 1, and a towelholder 1.\n | context:  | progress: step_till_now: 0
54	goal: put a soapbottle in toilet. | state: observation: ('You open the cabinet 4. The cabinet 4 is open. In it, you see nothing.',) | context: STEP 6: OBSERVATION: ('You arrive at cabinet 3. The cabinet 3 is closed.',) | ACTION: open cabinet 3 | REWARD: 0.0 | REASONING: Let's think step by step. I am currently at cabinet 3, which is closed. The soapbottle is likely stored in a cabinet or near the sink. To locate it, I should open cabinet 3 and examine its contents. If it is not there, I can then consider other locations such as cabinet 4 or the countertop. Opening cabinet 3 is the most direct next step to find the soapbottle.\nSTEP 7: OBSERVATION: ('You open the cabinet 3. The cabinet 3 is open. In it, you see a cloth 2.',) | ACTION: examine cabinet 4 | REWARD: 0.0 | REASONING: Let's think step by step. I have opened cabinet 3 and found a cloth 2, but no soapbottle. The next logical place to look for a soapbottle is another cabinet, likely cabinet 4, which may hold bathroom items. I will examine cabinet 4 to see if it contains the soapbottle.\nSTEP 8: OBSERVATION: ('The cabinet 4 is closed.',) | ACTION: open cabinet 4 | REWARD: 0.0 | REASONING: Let's think step by step. I am currently at cabinet 4, which is closed. I need to find the soapbottle to put it in the toilet. The only logical next step is to open cabinet 4 to inspect its contents for the soapbottle. | progress: step_till_now: 0
55	goal: put a keychain in desk. | state: observation: ('You arrive at drawer 1. On the drawer 1, you see a cd 1, and a pen 1.',) | context: STEP 0: OBSERVATION: -= Welcome to TextWorld, ALFRED! =-\n\nYou are in the middle of a room. Looking quickly around you, you see a bed 2, a bed 1, a desk 1, a drawer 3, a drawer 2, a drawer 1, a garbagecan 1, a laundryhamper 1, and a shelf 1.\n | ACTION: look | REWARD: 0.0 | REASONING: Let's think step by step. I need to find the keychain before I can put it in the desk. The current observation lists many objects but no keychain is mentioned. The best next step is to look around to see if a keychain is present in the room or in any receptacle. This will give me information about its location and whether I need to move to a specific place to pick it up.\nSTEP 1: OBSERVATION: ('You are in the middle of a room. Looking quickly around you, you see nothing.',) | ACTION: go to drawer 1 | REWARD: 0.0 | REASONING: Let's think step by step. I am currently in the middle of a room and I see nothing. I need to locate the keychain before I can put it in the desk. The keychain is likely to be in a receptacle such as a drawer or a shelf. I will start by exploring one of the drawers. I choose drawer 1 as a first exploratory step. | progress: step_till_now: 0
56	goal: put some toiletpaper on toiletpaperhanger. | state: observation: ('You arrive at cabinet 2. The cabinet 2 is open. In it, you see a candle 1.',) | context: STEP 5: OBSERVATION: ('You arrive at cabinet 3. The cabinet 3 is closed.',) | ACTION: open cabinet 3 | REWARD: 0.0 | REASONING: Let's think step by step. I am currently at cabinet 3, which is closed. The goal is to find toiletpaper to place on the toiletpaperhanger. The most likely location for toiletpaper is inside a cabinet. Since cabinet 3 is closed, I should open it to inspect its contents.\nSTEP 6: OBSERVATION: ('You open the cabinet 3. The cabinet 3 is open. In it, you see a cloth 1, and a spraybottle 3.',) | ACTION: go to cabinet 1 | REWARD: 0.0 | REASONING: Let's think step by step. I have opened cabinet 3 and found a cloth and a spraybottle, but no toiletpaper. The goal is to place toiletpaper on the toiletpaperhanger, so I need to locate toiletpaper. It is likely stored in another cabinet. I should move to cabinet 1 to search for toiletpaper.\nSTEP 7: OBSERVATION: ('You arrive at cabinet 1. The cabinet 1 is open. In it, you see a soapbottle 1.',) | ACTION: go to cabinet 2 | REWARD: 0.0 | REASONING: Let's think step by step. I am currently at cabinet 1, which is open, and I only see a soapbottle. I need to find toiletpaper to place on the toiletpaperhanger. The most likely location for toiletpaper is in another cabinet. I should move to cabinet 2 to search for toiletpaper. | progress: step_till_now: 0
57	goal: put a winebottle in diningtable. | state: observation: ('You open the fridge 1. The fridge 1 is open. In it, you see a cup 2, a egg 3, a mug 2, a potato 3, a tomato 3, and a tomato 2.',) | context: STEP 0: OBSERVATION: -= Welcome to TextWorld, ALFRED! =-\n\nYou are in the middle of a room. Looking quickly around you, you see a cabinet 11, a cabinet 10, a cabinet 9, a cabinet 8, a cabinet 7, a cabinet 6, a cabinet 5, a cabinet 4, a cabinet 3, a cabinet 2, a cabinet 1, a coffeemachine 1, a countertop 2, a countertop 1, a diningtable 1, a drawer 3, a drawer 2, a drawer 1, a fridge 1, a garbagecan 1, a microwave 1, a sinkbasin 1, a stoveburner 4, a stoveburner 3, a stoveburner 2, a stoveburner 1, and a toaster 1.\n | ACTION: go to fridge 1 | REWARD: 0.0 | REASONING: Let's think step by step. I need to find a winebottle to put on the diningtable. The winebottle is likely stored in a receptacle such as the fridge or a cabinet. I will first go to the fridge to inspect its contents. If the winebottle is not there, I can then explore other cabinets. The next logical action is to go to fridge 1.\nSTEP 1: OBSERVATION: ('You arrive at fridge 1. The fridge 1 is closed.',) | ACTION: open fridge 1 | REWARD: 0.0 | REASONING: Let's think step by step. I am at fridge 1 and it is closed. To find the winebottle, I need to inspect the fridge contents. The only way to see inside is to open it. Therefore I should open fridge 1. | progress: step_till_now: 0
58	goal: put some book on sofa. | state: observation: ('You arrive at drawer 1. The drawer 1 is open. In it, you see nothing.',) | context: STEP 9: OBSERVATION: ('You are facing the dresser 1. Next to it, you see nothing.',) | ACTION: go to drawer 2 | REWARD: 0.0 | REASONING: Let's think step by step. I have not found a book yet. The dresser 1 does not contain a book. I need to search other locations that might hold a book. The next logical step is to go to drawer 2 to check for a book.\nSTEP 10: OBSERVATION: ('You arrive at drawer 2. The drawer 2 is open. In it, you see nothing.',) | ACTION: go to sidetable 1 | REWARD: 0.0 | REASONING: Let's think step by step. I have opened drawer 2 and found nothing. I still need to locate a book to place on the sofa. The next logical step is to search another location that might contain a book. I will go to sidetable 1, which is a common place for books or reading materials.\nSTEP 11: OBSERVATION: ('You arrive at sidetable 1. On the sidetable 1, you see a houseplant 1, and a tissuebox 1.',) | ACTION: go to drawer 1 | REWARD: 0.0 | REASONING: Let's think step by step. I need to find a book to put on the sofa. Currently at sidetable 1, only a houseplant and tissuebox are visible, no book. I should search other locations that might contain a book. The next logical step is to go to drawer 1, which could hold a book. | progress: step_till_now: 0
59	goal: put some soapbottle on toilet. | state: observation: ('You pick up the soapbottle 1 from the countertop 1.',) | context: STEP 0: OBSERVATION: -= Welcome to TextWorld, ALFRED! =-\n\nYou are in the middle of a room. Looking quickly around you, you see a bathtubbasin 1, a countertop 1, a drawer 8, a drawer 7, a drawer 6, a drawer 5, a drawer 4, a drawer 3, a drawer 2, a drawer 1, a garbagecan 1, a handtowelholder 1, a sinkbasin 1, a toilet 1, a toiletpaperhanger 1, a towelholder 2, and a towelholder 1.\n | ACTION: go to sinkbasin 1 | REWARD: 0.0 | REASONING: Let's think step by step. I need to find a soapbottle to put on the toilet. The most likely places to find a soapbottle are the sinkbasin or the countertop. I will go to the sinkbasin 1 to look for it.\nSTEP 1: OBSERVATION: ('You arrive at sinkbasin 1. On the sinkbasin 1, you see nothing.',) | ACTION: go to countertop 1 | REWARD: 0.0 | REASONING: Let's think step by step. I am at sinkbasin 1 and there is nothing there. I need to find a soapbottle to put on the toilet. The most likely place to find a soapbottle is the countertop 1. I will go to countertop 1 to look for it.\nSTEP 2: OBSERVATION: ('You arrive at countertop 1. On the countertop 1, you see a cloth 2, a soapbar 2, a soapbottle 2, a soapbottle 1, a spraybottle 3, a spraybottle 2, and a toiletpaper 1.',) | ACTION: take soapbottle 1 from countertop 1 | REWARD: 0.0 | REASONING: Let's think step by step. I need to get a soapbottle onto the toilet. The only way to do that is to first pick up a soapbottle from the countertop. I see soapbottle 1 and soapbottle 2 on the countertop, so I will take soapbottle 1 from countertop 1. | progress: step_till_now: 0
60	goal: put some cd on safe. | state: observation: ('You open the drawer 1. The drawer 1 is open. In it, you see a pen 1.',) | context: STEP 0: OBSERVATION: -= Welcome to TextWorld, ALFRED! =-\n\nYou are in the middle of a room. Looking quickly around you, you see a bed 1, a drawer 11, a drawer 10, a drawer 9, a drawer 8, a drawer 7, a drawer 6, a drawer 5, a drawer 4, a drawer 3, a drawer 2, a drawer 1, a dresser 1, a garbagecan 1, a laundryhamper 1, a safe 1, and a sidetable 1.\n | ACTION: look | REWARD: 0.0 | REASONING: Let's think step by step. I need to find a CD before I can put it on the safe. The current observation lists many objects but no CD. I should look around to see if there is a CD in the room or in any receptacle. The 'look' action will give me a detailed description of the current location and any objects present, which is the safest exploratory step.\nSTEP 1: OBSERVATION: ('You are in the middle of a room. Looking quickly around you, you see nothing.',) | ACTION: go to drawer 1 | REWARD: 0.0 | REASONING: Let's think step by step. I need to find a CD before I can put it on the safe. The current observation shows nothing in the middle of the room. I should search a location that might contain a CD. A drawer is a common place for CDs. I'll go to drawer 1 to inspect it.\nSTEP 2: OBSERVATION: ('You arrive at drawer 1. The drawer 1 is closed.',) | ACTION: open drawer 1 | REWARD: 0.0 | REASONING: Let's think step by step. I am currently at drawer 1 which is closed. To see if there is a CD inside, I need to open it. Opening the drawer will reveal its contents and allow me to check for a CD. This is the most direct next step toward finding a CD to place on the safe. | progress: step_till_now: 0
61	goal: put some box on sofa. | state: observation: ('You open the drawer 2. The drawer 2 is open. In it, you see nothing.',) | context: STEP 1: OBSERVATION: ('You arrive at drawer 1. The drawer 1 is closed.',) | ACTION: open drawer 1 | REWARD: 0.0 | REASONING: Let's think step by step. I am currently at drawer 1 which is closed. To find a box, I need to inspect its contents. The most direct way is to open the drawer. This will allow me to see if a box is inside and then I can take it. Therefore I should open drawer 1.\nSTEP 2: OBSERVATION: ('You open the drawer 1. The drawer 1 is open. In it, you see nothing.',) | ACTION: go to drawer 2 | REWARD: 0.0 | REASONING: Let's think step by step. The current drawer 1 is empty, so I need to search other potential locations for a box. The most likely places are other drawers or the dresser. I will move to drawer 2 to inspect it.\nSTEP 3: OBSERVATION: ('You arrive at drawer 2. The drawer 2 is closed.',) | ACTION: open drawer 2 | REWARD: 0.0 | REASONING: Let's think step by step. I am currently at drawer 2 which is closed. To find a box, I need to inspect its contents. The most direct way is to open the drawer. This will allow me to see if a box is inside and then I can take it. Therefore I should open drawer 2. | progress: step_till_now: 0
62	goal: put some book on sofa. | state: observation: ('You arrive at drawer 1. The drawer 1 is open. In it, you see nothing.',) | context: STEP 4: OBSERVATION: ('You open the drawer 2. The drawer 2 is open. In it, you see nothing.',) | ACTION: go to drawer 3 | REWARD: 0.0 | REASONING: Let's think step by step. The drawer 2 is open and empty, so I need to search other locations for a book. The next logical place to check is drawer 3, which may contain a book. I will move to drawer 3 to continue the search.\nSTEP 5: OBSERVATION: ('You arrive at drawer 3. The drawer 3 is closed.',) | ACTION: open drawer 3 | REWARD: 0.0 | REASONING: Let's think step by step. I am at drawer 3 which is closed. To see if there's a book, I need to open it. Opening will reveal contents. This is the next logical step.\nSTEP 6: OBSERVATION: ('You open the drawer 3. The drawer 3 is open. In it, you see a keychain 1.',) | ACTION: go to drawer 1 | REWARD: 0.0 | REASONING: Let's think step by step. I have opened drawer 3 and only found a keychain, no book. To find a book, I need to search other locations. The next logical step is to go to another drawer, such as drawer 1, to check for a book. This action will bring me closer to the goal of placing a book on the sofa. | progress: step_till_now: 0
63	goal: put some alarmclock on dresser. | state: observation: ('You open the drawer 5. The drawer 5 is open. In it, you see a creditcard 2, and a keychain 1.',) | context: STEP 9: OBSERVATION: ('You open the drawer 4. The drawer 4 is open. In it, you see a cd 1.',) | ACTION: go to drawer 1 | REWARD: 0.0 | REASONING: Let's think step by step. I am currently at drawer 4, which is open, and I see a cd 1. I need to find an alarmclock to put on the dresser, but I have not found one yet. The next logical step is to search another location. I will move to drawer 1 to continue searching for the alarmclock.\nSTEP 10: OBSERVATION: ('You arrive at drawer 1. The drawer 1 is open. In it, you see a keychain 3.',) | ACTION: go to drawer 5 | REWARD: 0.0 | REASONING: Let's think step by step. I am currently at drawer 1, which is open, and I see a keychain 3. I have not found an alarmclock yet. I have already inspected drawers 3 and 4, and drawer 5 has not been inspected yet. Therefore, the next logical step is to move to drawer 5 to continue searching for an alarmclock.\nSTEP 11: OBSERVATION: ('You arrive at drawer 5. The drawer 5 is closed.',) | ACTION: open drawer 5 | REWARD: 0.0 | REASONING: Let's think step by step. I am currently at drawer 5, which is closed. To see if it contains an alarmclock, I need to open it. Opening the drawer will reveal its contents and allow me to check for the alarmclock. Therefore, the best next action is to open drawer 5. | progress: step_till_now: 0
64	goal: put a soapbottle in toilet. | state: observation: ('You arrive at cabinet 2. The cabinet 2 is closed.',) | context: STEP 0: OBSERVATION: -= Welcome to TextWorld, ALFRED! =-\n\nYou are in the middle of a room. Looking quickly around you, you see a bathtubbasin 1, a cabinet 5, a cabinet 4, a cabinet 3, a cabinet 2, a cabinet 1, a countertop 1, a garbagecan 1, a handtowelholder 2, a handtowelholder 1, a sinkbasin 1, a toilet 1, a toiletpaperhanger 1, and a towelholder 1.\n | ACTION: go to cabinet 1 | REWARD: 0.0 | REASONING: Let's think step by step. I need to locate the soapbottle. It is likely inside a cabinet. I will navigate to cabinet 1 to inspect its contents.\nSTEP 1: OBSERVATION: ('You arrive at cabinet 1. The cabinet 1 is closed.',) | ACTION: open cabinet 1 | REWARD: 0.0 | REASONING: Let's think step by step. I am at cabinet 1 which is closed. To find the soapbottle I need to inspect its contents, so I should open it.\nSTEP 2: OBSERVATION: ('You open the cabinet 1. The cabinet 1 is open. In it, you see a spraybottle 1.',) | ACTION: go to cabinet 2 | REWARD: 0.0 | REASONING: Let's think step by step. I need to find a soapbottle to put in the toilet. The only object I have seen so far is a spraybottle in cabinet 1, so I should search other cabinets for a soapbottle. The next logical step is to go to cabinet 2 and inspect it. | progress: step_till_now: 0
65	goal: put a spraybottle in garbagecan. | state: observation: ('You arrive at drawer 2. The drawer 2 is closed.',) | context: STEP 3: OBSERVATION: ('You open the drawer 1. The drawer 1 is open. In it, you see a candle 1.',) | ACTION: go to drawer 3 | REWARD: 0.0 | REASONING: Let's think step by step. I have opened drawer 1 and only found a candle, not the spraybottle. The spraybottle must be in another location, likely another drawer. I should move to the next drawer to inspect it. The admissible action to move to drawer 2 is available.\nSTEP 4: OBSERVATION: ('You arrive at drawer 3. The drawer 3 is closed.',) | ACTION: open drawer 3 | REWARD: 0.0 | REASONING: Let's think step by step. I am at drawer 3 which is closed. To see if the spraybottle is inside, I need to open it. Opening the drawer will reveal its contents and allow me to take the spraybottle if present.\nSTEP 5: OBSERVATION: ('You open the drawer 3. The drawer 3 is open. In it, you see nothing.',) | ACTION: go to drawer 2 | REWARD: 0.0 | REASONING: Let's think step by step. I have opened drawer 3 and found nothing. The spraybottle must be in another drawer. I will move to drawer 2 to inspect it next. | progress: step_till_now: 0
66	goal: put a creditcard in desk. | state: observation: ('You arrive at drawer 1. The drawer 1 is closed.',) | context: STEP 0: OBSERVATION: -= Welcome to TextWorld, ALFRED! =-\n\nYou are in the middle of a room. Looking quickly around you, you see a bed 1, a cabinet 4, a cabinet 3, a cabinet 2, a cabinet 1, a desk 1, a drawer 2, a drawer 1, a garbagecan 1, a shelf 1, and a sidetable 1.\n | ACTION: look | REWARD: 0.0 | REASONING: Let's think step by step. I need to locate the creditcard before I can put it in the desk. The current observation lists many objects but no creditcard, so I should look around to see if it is present or hidden somewhere. The 'look' action will give me a more detailed description of the room and any objects I might have missed.\nSTEP 1: OBSERVATION: ('You are in the middle of a room. Looking quickly around you, you see nothing.',) | ACTION: go to drawer 1 | REWARD: 0.0 | REASONING: Let's think step by step. I need to locate the creditcard. The observation says nothing in the middle of the room, so the card might be inside a receptacle. I will go to drawer 1 to search for it. | progress: step_till_now: 0
67	goal: put some book on desk. | state: observation: ('You arrive at drawer 2. The drawer 2 is closed.',) | context: STEP 1: OBSERVATION: ('You are in the middle of a room. Looking quickly around you, you see nothing.',) | ACTION: go to drawer 1 | REWARD: 0.0 | REASONING: Let's think step by step. I am in the middle of a room and see nothing. I need to find a book to put on the desk. The most likely place to find a book is inside a drawer or dresser. I will start by checking drawer 1 for any books.\nSTEP 2: OBSERVATION: ('You arrive at drawer 1. The drawer 1 is closed.',) | ACTION: open drawer 1 | REWARD: 0.0 | REASONING: Let's think step by step. I am currently at drawer 1, which is closed. To find a book, I need to inspect the contents of the drawer. The only way to see inside is to open it. Therefore, I should open drawer 1.\nSTEP 3: OBSERVATION: ('You open the drawer 1. The drawer 1 is open. In it, you see nothing.',) | ACTION: go to drawer 2 | REWARD: 0.0 | REASONING: Let's think step by step. The drawer 1 is empty, so I need to search other potential locations for a book. The next logical step is to move to another drawer, such as drawer 2, and then open it to inspect its contents. | progress: step_till_now: 0
68	goal: put some tissuebox on coffeetable. | state: observation: ('You arrive at sidetable 2. On the sidetable 2, you see a candle 3, and a watch 3.',) | context: STEP 0: OBSERVATION: -= Welcome to TextWorld, ALFRED! =-\n\nYou are in the middle of a room. Looking quickly around you, you see a armchair 2, a armchair 1, a coffeetable 2, a coffeetable 1, a diningtable 1, a garbagecan 1, a sidetable 2, a sidetable 1, and a sofa 1.\n | ACTION: go to sidetable 1 | REWARD: 0.0 | REASONING: Let's think step by step. I need to locate a tissuebox. The current observation lists many furniture but no tissuebox. I should inspect a location that might contain it, such as sidetable 1. I'll go there to look for the tissuebox.\nSTEP 1: OBSERVATION: ('You arrive at sidetable 1. On the sidetable 1, you see a candle 2, and a creditcard 1.',) | ACTION: go to sidetable 2 | REWARD: 0.0 | REASONING: Let's think step by step. I am currently at sidetable 1 and only see a candle and a credit card, so there is no tissuebox here. To find a tissuebox, I should move to another location that might contain it. The next logical step is to go to sidetable 2, which could hold the tissuebox. | progress: step_till_now: 0
69	goal: put some alarmclock on diningtable. | state: observation: ('You open the drawer 1. The drawer 1 is open. In it, you see nothing.',) | context: STEP 0: OBSERVATION: -= Welcome to TextWorld, ALFRED! =-\n\nYou are in the middle of a room. Looking quickly around you, you see a bed 1, a diningtable 1, a drawer 4, a drawer 3, a drawer 2, a drawer 1, a garbagecan 1, a sidetable 2, and a sidetable 1.\n | ACTION: go to drawer 1 | REWARD: 0.0 | REASONING: Let's think step by step. I need to find an alarmclock to put on the diningtable. I don't know where it is, so I should search a location. The drawers are likely to contain items. I'll start by going to drawer 1 to look for an alarmclock.\nSTEP 1: OBSERVATION: ('You arrive at drawer 1. The drawer 1 is closed.',) | ACTION: open drawer 1 | REWARD: 0.0 | REASONING: Let's think step by step. I am currently at drawer 1, which is closed. To see if it contains an alarmclock, I need to open it. Opening the drawer is a valid action and will reveal its contents, allowing me to check for the alarmclock. Therefore, I should open drawer 1. | progress: step_till_now: 0
70	goal: put a winebottle in diningtable. | state: observation: ('You open the cabinet 5. The cabinet 5 is open. In it, you see a peppershaker 1.',) | context: STEP 8: OBSERVATION: ('You arrive at cabinet 4. The cabinet 4 is closed.',) | ACTION: open cabinet 4 | REWARD: 0.0 | REASONING: Let's think step by step. I am currently at cabinet 4 and it is closed. To see if the winebottle is inside, I need to open it. The only action that will allow me to inspect its contents is to open cabinet 4.\nSTEP 9: OBSERVATION: ('You open the cabinet 4. The cabinet 4 is open. In it, you see a soapbottle 1.',) | ACTION: go to cabinet 5 | REWARD: 0.0 | REASONING: Let's think step by step. I am currently at cabinet 4, which is open, and I see only a soapbottle 1 inside. The winebottle is not here. I need to continue searching the remaining cabinets to locate the winebottle. The next logical step is to move to cabinet 5.\nSTEP 10: OBSERVATION: ('You arrive at cabinet 5. The cabinet 5 is closed.',) | ACTION: open cabinet 5 | REWARD: 0.0 | REASONING: Let's think step by step. I am currently at cabinet 5, which is closed. To see if the winebottle is inside, I need to open it. The only action that will allow me to inspect its contents is to open cabinet 5. | progress: step_till_now: 0
71	goal: put some book on desk. | state: observation: ('You arrive at drawer 3. The drawer 3 is open. In it, you see nothing.',) | context: STEP 10: OBSERVATION: ('You are facing the dresser 1. Next to it, you see nothing.',) | ACTION: go to drawer 1 | REWARD: 0.0 | REASONING: Let's think step by step. I am currently facing dresser 1 and it shows no books among the items present. The goal is to place a book on the desk, so I need to search other locations that might contain a book. The next logical place to check is drawer 1, which could hold a book. Therefore, I will go to drawer 1 to continue searching for a book.\nSTEP 11: OBSERVATION: ('You arrive at drawer 1. The drawer 1 is open. In it, you see nothing.',) | ACTION: go to drawer 2 | REWARD: 0.0 | REASONING: Let's think step by step. I have opened drawer 1 and found it empty. The goal is to find a book and place it on the desk. I still have several locations to search: drawers 2, 3, 4, 5, the bed, and the garbagecan. The next logical place to check is drawer 2, which might contain a book. Therefore I will go to drawer 2 to continue searching for a book.\nSTEP 12: OBSERVATION: ('You arrive at drawer 2. The drawer 2 is open. In it, you see nothing.',) | ACTION: go to drawer 3 | REWARD: 0.0 | REASONING: Let's think step by step. I have searched drawer 1 and drawer 2, both empty. The goal is to find a book and place it on the desk. The remaining locations that might contain a book are drawer 3, drawer 4, drawer 5, the bed, the dresser, and the garbagecan. I will continue searching by moving to the next drawer, drawer 3, to increase the chance of finding a book. | progress: step_till_now: 0
72	goal: put a book in bed. | state: observation: ('You arrive at desk 1. On the desk 1, you see a alarmclock 2, a book 1, and a pen 1.',) | context: STEP 6: OBSERVATION: ('You arrive at shelf 6. On the shelf 6, you see nothing.',) | ACTION: examine shelf 7 | REWARD: 0.0 | REASONING: Let's think step by step. I have inspected shelves 1-6 and found no book. The next logical step is to examine the remaining shelves for a book. Shelf 7 is the next candidate, so I will examine it to see if it contains a book.\nSTEP 7: OBSERVATION: ('On the shelf 7, you see a pen 2.',) | ACTION: go to shelf 8 | REWARD: 0.0 | REASONING: Let's think step by step. I am currently at shelf 7 and only see a pen 2, which is not a book. I still need to find a book to put in bed. I have already examined shelves 1-6 and found no book. The next logical step is to search the remaining shelves for a book. Shelf 8 is the next candidate, so I will go to shelf 8 to continue searching.\nSTEP 8: OBSERVATION: ('You arrive at shelf 8. On the shelf 8, you see nothing.',) | ACTION: go to desk 1 | REWARD: 0.0 | REASONING: Let's think step by step. I have inspected shelves 1-8 and found no book. The next logical step is to search other locations that might contain a book, such as the desk. I will go to desk 1 to continue searching for a book. | progress: step_till_now: 0
73	goal: put a cd in dresser. | state: observation: ('You arrive at drawer 3. The drawer 3 is open. In it, you see nothing.',) | context: STEP 9: OBSERVATION: ('You arrive at drawer 2. The drawer 2 is open. In it, you see nothing.',) | ACTION: go to drawer 4 | REWARD: 0.0 | REASONING: Let's think step by step. I have opened drawer 2 and found it empty. I still need to locate a CD to put in the dresser. The next logical step is to search another drawer. I will go to drawer 4 to continue searching for the CD.\nSTEP 10: OBSERVATION: ('You arrive at drawer 4. The drawer 4 is closed.',) | ACTION: open drawer 4 | REWARD: 0.0 | REASONING: Let's think step by step. I am currently at drawer 4, which is closed. To find a CD, I need to inspect the contents of this drawer. The only way to see inside is to open it. Therefore, I should open drawer 4.\nSTEP 11: OBSERVATION: ('You open the drawer 4. The drawer 4 is open. In it, you see nothing.',) | ACTION: go to drawer 3 | REWARD: 0.0 | REASONING: Let's think step by step. I have opened drawer 4 and found it empty. I still need to locate a CD to put in the dresser. The next logical step is to search another drawer. I will go to drawer 3 to continue searching for the CD. | progress: step_till_now: 0
74	goal: put a tomato in microwave. | state: observation: ('You arrive at fridge 1. The fridge 1 is open. In it, you see a apple 1, a lettuce 1, and a potato 2.',) | context: STEP 9: OBSERVATION: ('You arrive at drawer 1. The drawer 1 is closed.',) | ACTION: open drawer 1 | REWARD: 0.0 | REASONING: Let's think step by step. I am currently at drawer 1, which is closed. To search for a tomato, I need to open the drawer to see its contents. Opening the drawer is the next logical action to locate the tomato.\nSTEP 10: OBSERVATION: ('You open the drawer 1. The drawer 1 is open. In it, you see a knife 2, and a knife 1.',) | ACTION: go to cabinet 2 | REWARD: 0.0 | REASONING: Let's think step by step. I am currently in drawer 1, which is open and contains only knives. I need to find a tomato to put in the microwave. The fridge 1 has been checked and contains no tomato. The cabinet 1 is empty. The next logical place to search is another cabinet, such as cabinet 2, which may hold food items. Therefore I will go to cabinet 2 to look for a tomato.\nSTEP 11: OBSERVATION: ('You arrive at cabinet 2. The cabinet 2 is open. In it, you see nothing.',) | ACTION: go to fridge 1 | REWARD: 0.0 | REASONING: Let's think step by step. I am currently at cabinet 2, which is open and empty. I still need to find a tomato to put in the microwave. The next logical place to search for food items is the fridge. I will go to fridge 1 to look for a tomato. | progress: step_till_now: 0
75	goal: put a pen in sidetable. | state: observation: ('You are facing the cabinet 2. Next to it, you see nothing.',) | context: STEP 6: OBSERVATION: ('You open the cabinet 1. The cabinet 1 is open. In it, you see nothing.',) | ACTION: go to drawer 1 | REWARD: 0.0 | REASONING: Let's think step by step. I have opened cabinet 1 and found it empty. I still need to locate a pen to put in sidetable. The next logical step is to search other storage locations. Drawer 1 is a common place for pens. I will go to drawer 1 to look for a pen.\nSTEP 7: OBSERVATION: ('You arrive at drawer 1. The drawer 1 is open. In it, you see a cd 3.',) | ACTION: go to cabinet 2 | REWARD: 0.0 | REASONING: Let's think step by step. I need to find a pen to put in sidetable. The current drawer 1 contains only a cd, so no pen here. I should explore other storage locations. Going to cabinet 2 is a reasonable next step to search for a pen.\nSTEP 8: OBSERVATION: ('You arrive at cabinet 2. The cabinet 2 is closed.',) | ACTION: look | REWARD: 0.0 | REASONING: Fallback: structured parsing failed, using look action | progress: step_till_now: 0
76	goal: put a laptop in ottoman. | state: observation: ('You open the drawer 3. The drawer 3 is open. In it, you see nothing.',) | context: STEP 3: OBSERVATION: ('You arrive at drawer 2. The drawer 2 is closed.',) | ACTION: open drawer 2 | REWARD: 0.0 | REASONING: Let's think step by step. I am currently at drawer 2, which is closed. To find the laptop, I need to inspect the contents of this drawer. The only logical action is to open drawer 2 so I can see what is inside.\nSTEP 4: OBSERVATION: ('You open the drawer 2. The drawer 2 is open. In it, you see nothing.',) | ACTION: go to drawer 3 | REWARD: 0.0 | REASONING: Let's think step by step. I have opened drawer 2 and found it empty. The laptop is not in drawers 1 or 2, so I need to continue searching. The next logical step is to move to the next drawer, drawer 3, to inspect its contents.\nSTEP 5: OBSERVATION: ('You arrive at drawer 3. The drawer 3 is closed.',) | ACTION: open drawer 3 | REWARD: 0.0 | REASONING: Let's think step by step. I am currently at drawer 3, which is closed. To find the laptop, I need to inspect the contents of this drawer. The only logical action is to open drawer 3 so I can see what is inside. | progress: step_till_now: 0
77	goal: put some laptop on sofa. | state: observation: ('You arrive at drawer 2. The drawer 2 is open. In it, you see a newspaper 1.',) | context: STEP 11: OBSERVATION: ('You arrive at armchair 1. On the armchair 1, you see a pillow 1.',) | ACTION: go to drawer 1 | REWARD: 0.0 | REASONING: Let's think step by step. I have not found a laptop yet and the only object on armchair 1 is a pillow. The next logical step is to search other common storage locations. I have already checked drawer 4 and shelf 1, but drawers 1-3 remain unexplored. I will go to drawer 1 to continue searching for the laptop.\nSTEP 12: OBSERVATION: ('You arrive at drawer 1. The drawer 1 is open. In it, you see nothing.',) | ACTION: go to diningtable 1 | REWARD: 0.0 | REASONING: Let's think step by step. I have searched all drawers, the shelf, and the armchair, but have not found a laptop. The next logical place to look for a laptop is a dining table, as laptops are often left there. I will go to diningtable 1 to continue searching for the laptop.\nSTEP 13: OBSERVATION: ('You arrive at diningtable 1. On the diningtable 1, you see a box 1, a remotecontrol 1, and a vase 2.',) | ACTION: go to drawer 2 | REWARD: 0.0 | REASONING: Let's think step by step. I have not found a laptop yet and I have not searched drawers 2, 3, or 4. The laptop could be stored in one of these drawers. I will go to drawer 2 to continue searching for the laptop. | progress: step_till_now: 0
78	goal: put a creditcard in desk. | state: observation: ('You arrive at cabinet 1. The cabinet 1 is open. In it, you see a cd 2, and a cd 1.',) | context: STEP 8: OBSERVATION: ('You arrive at cabinet 3. The cabinet 3 is closed.',) | ACTION: open cabinet 3 | REWARD: 0.0 | REASONING: Let's think step by step. I am currently at cabinet 3, which is closed. To find the creditcard, I need to inspect its contents. The only way to see inside is to open it. Therefore I should open cabinet 3.\nSTEP 9: OBSERVATION: ('You open the cabinet 3. The cabinet 3 is open. In it, you see nothing.',) | ACTION: examine shelf 1 | REWARD: 0.0 | REASONING: Let's think step by step. I have opened cabinet 3 and found it empty, so the creditcard is not there. The next step is to search other possible locations. I have the option to examine shelf 1, which might contain the creditcard. This is a direct search action that could reveal the object. Therefore I will examine shelf 1.\nSTEP 10: OBSERVATION: ('On the shelf 1, you see a alarmclock 2.',) | ACTION: go to cabinet 1 | REWARD: 0.0 | REASONING: Let's think step by step. I have examined shelf 1 and found an alarmclock 2, but the goal is to put a creditcard in the desk. I have not yet found the creditcard, so I need to search other possible locations. The next logical step is to move to another receptacle that might contain the creditcard, such as cabinet 1. I will go to cabinet 1 to continue searching for the creditcard. | progress: step_till_now: 0
79	goal: put a laptop in desk. | state: observation: ('You open the drawer 1. The drawer 1 is open. In it, you see nothing.',) | context: STEP 0: OBSERVATION: -= Welcome to TextWorld, ALFRED! =-\n\nYou are in the middle of a room. Looking quickly around you, you see a bed 1, a desk 1, a drawer 5, a drawer 4, a drawer 3, a drawer 2, a drawer 1, a garbagecan 1, a laundryhamper 1, a shelf 1, and a sidetable 1.\n | ACTION: look | REWARD: 0.0 | REASONING: Let's think step by step. I need to find a laptop before I can put it in the desk. The current observation does not mention a laptop, so I should look around to see if there is one in the room or in any receptacle. The only safe action that will give me more information is to look.\nSTEP 1: OBSERVATION: ('You are in the middle of a room. Looking quickly around you, you see nothing.',) | ACTION: go to drawer 1 | REWARD: 0.0 | REASONING: Let's think step by step. I need to find a laptop before I can put it in the desk. The current observation shows nothing in the middle of the room, so I should search a location that might contain a laptop. Drawers are common places to store laptops, so I will go to drawer 1 to look for it.\nSTEP 2: OBSERVATION: ('You arrive at drawer 1. The drawer 1 is closed.',) | ACTION: open drawer 1 | REWARD: 0.0 | REASONING: Let's think step by step. I am currently at drawer 1, which is closed. To see if a laptop is inside, I need to open it. The only action that will reveal its contents is to open the drawer. Therefore I should open drawer 1. | progress: step_till_now: 0
80	goal: put a soapbottle in garbagecan. | state: observation: -= Welcome to TextWorld, ALFRED! =-\n\nYou are in the middle of a room. Looking quickly around you, you see a cabinet 4, a cabinet 3, a cabinet 2, a cabinet 1, a countertop 1, a garbagecan 1, a handtowelholder 1, a sinkbasin 2, a sinkbasin 1, a toilet 1, a toiletpaperhanger 1, and a towelholder 1.\n | context:  | progress: step_till_now: 0
81	"goal: put some toiletpaper on toiletpaperhanger. | state: observation: ('You are facing the cabinet 4. Next to it, you see nothing.',) | context: STEP 11: OBSERVATION: ('You open the cabinet 4. The cabinet 4 is open. In it, you see a toiletpaper 1.',) | ACTION: take toiletpaper 1 from cabinet 4 | REWARD: 0.0 | REASONING: Let's think step by step. I have located toiletpaper 1 inside cabinet 4. The goal is to put it on the toiletpaperhanger. The only admissible action that allows me to pick up the toiletpaper is ""take toiletpaper 1 from cabinet 4"". After taking it, I will then navigate to the toiletpaperhanger to place it. So the immediate next action is to take the toiletpaper from the cabinet.\nSTEP 12: OBSERVATION: ('You pick up the toiletpaper 1 from the cabinet 4.',) | ACTION: look | REWARD: 0.0 | REASONING: Fallback: structured parsing failed, using look action\nSTEP 13: OBSERVATION: ('You are facing the cabinet 4. Next to it, you see nothing.',) | ACTION: look | REWARD: 0.0 | REASONING: Fallback: structured parsing failed, using look action | progress: step_till_now: 0"
82	goal: put some candle on dresser. | state: observation: ('You open the cabinet 4. The cabinet 4 is open. In it, you see nothing.',) | context: STEP 6: OBSERVATION: ('You arrive at cabinet 3. The cabinet 3 is closed.',) | ACTION: open cabinet 3 | REWARD: 0.0 | REASONING: Let's think step by step. I am at cabinet 3 which is closed. To find a candle, I need to inspect its contents. Opening the cabinet will reveal what is inside, allowing me to locate a candle if present.\nSTEP 7: OBSERVATION: ('You open the cabinet 3. The cabinet 3 is open. In it, you see nothing.',) | ACTION: go to cabinet 4 | REWARD: 0.0 | REASONING: Let's think step by step. I have opened cabinet 3 and found nothing. I need to find a candle, so I should check the remaining cabinets. The next logical step is to go to cabinet 4.\nSTEP 8: OBSERVATION: ('You arrive at cabinet 4. The cabinet 4 is closed.',) | ACTION: open cabinet 4 | REWARD: 0.0 | REASONING: Let's think step by step. I am currently at cabinet 4, which is closed. To find a candle, I need to inspect the contents of this cabinet. The only logical next step is to open it. | progress: step_till_now: 0
83	goal: put a laptop in ottoman. | state: observation: ('You open the drawer 6. The drawer 6 is open. In it, you see nothing.',) | context: STEP 9: OBSERVATION: ('You arrive at drawer 5. The drawer 5 is closed.',) | ACTION: open drawer 5 | REWARD: 0.0 | REASONING: Let's think step by step. I am currently at drawer 5, which is closed. To locate the laptop, I need to inspect its contents. The logical next step is to open drawer 5.\nSTEP 10: OBSERVATION: ('You open the drawer 5. The drawer 5 is open. In it, you see nothing.',) | ACTION: go to drawer 6 | REWARD: 0.0 | REASONING: Let's think step by step. I have opened drawer 5 and found it empty. The laptop has not been found yet, so I need to continue searching. The next logical place to inspect is drawer 6, which is the next drawer in sequence. I will move to drawer 6 to keep searching for the laptop.\nSTEP 11: OBSERVATION: ('You arrive at drawer 6. The drawer 6 is closed.',) | ACTION: open drawer 6 | REWARD: 0.0 | REASONING: Let's think step by step. I am currently at drawer 6, which is closed. To locate the laptop, I need to inspect its contents. The logical next step is to open drawer 6. | progress: step_till_now: 0
84	goal: put a remotecontrol in armchair. | state: observation: ('You arrive at sofa 1. On the sofa 1, you see a box 1, a creditcard 1, and a pillow 1.',) | context: STEP 1: OBSERVATION: ('You are in the middle of a room. Looking quickly around you, you see nothing.',) | ACTION: go to tvstand 1 | REWARD: 0.0 | REASONING: Let's think step by step. I need to locate the remotecontrol before I can put it in an armchair. The current observation shows nothing in the middle of the room, so I should move to a location where a remotecontrol is likely to be, such as the tvstand. I will go to tvstand 1 to search for the remotecontrol.\nSTEP 2: OBSERVATION: ('You arrive at tvstand 1. On the tvstand 1, you see a candle 1, a keychain 1, and a television 1.',) | ACTION: go to armchair 1 | REWARD: 0.0 | REASONING: Let's think step by step. I need to locate the remotecontrol before I can put it in an armchair. The current observation shows no remotecontrol on the tvstand. I should move to another location where a remotecontrol might be, such as an armchair. I will go to armchair 1 to search for the remotecontrol.\nSTEP 3: OBSERVATION: ('You arrive at armchair 1. On the armchair 1, you see a pillow 2.',) | ACTION: go to sofa 1 | REWARD: 0.0 | REASONING: Let's think step by step. I need to locate the remotecontrol before I can put it in an armchair. I am currently at armchair 1 and only see a pillow 2. The remotecontrol is not here. I should search other likely locations. The sofa 1 is a common place for a remotecontrol. I will go to sofa 1 to look for it. | progress: step_till_now: 0
85	goal: put some egg on fridge. | state: observation: ('You arrive at sinkbasin 1. On the sinkbasin 1, you see a fork 3.',) | context: STEP 2: OBSERVATION: ('You open the fridge 1. The fridge 1 is open. In it, you see a plate 1.',) | ACTION: go to cabinet 1 | REWARD: 0.0 | REASONING: Let's think step by step. I need to find an egg to put on the fridge. The fridge currently only contains a plate, so the egg must be elsewhere. I will navigate to a nearby location, such as cabinet 1, to search for an egg.\nSTEP 3: OBSERVATION: ('You arrive at cabinet 1. The cabinet 1 is closed.',) | ACTION: open cabinet 1 | REWARD: 0.0 | REASONING: Let's think step by step. I need to find an egg to put on the fridge. I am currently at cabinet 1, which is closed. Opening the cabinet will allow me to see its contents and potentially find an egg. This is the most direct next step.\nSTEP 4: OBSERVATION: ('You open the cabinet 1. The cabinet 1 is open. In it, you see nothing.',) | ACTION: go to sinkbasin 1 | REWARD: 0.0 | REASONING: Let's think step by step. I need to find an egg to put on the fridge. The cabinet I just opened is empty, so the egg must be elsewhere. A common place for eggs is the sinkbasin or a drawer. I will navigate to sinkbasin 1 to search for an egg. | progress: step_till_now: 0
86	goal: put some glassbottle on diningtable. | state: observation: ('You open the cabinet 3. The cabinet 3 is open. In it, you see a winebottle 2.',) | context: STEP 8: OBSERVATION: ('You arrive at cabinet 1. The cabinet 1 is open. In it, you see nothing.',) | ACTION: go to drawer 1 | REWARD: 0.0 | REASONING: Let's think step by step. I have checked cabinet 1 and 2, both empty. The glassbottle must be elsewhere. The next logical place to search is a drawer, as drawers often hold small items like bottles. I will go to drawer 1 to look for the glassbottle.\nSTEP 9: OBSERVATION: ('You arrive at drawer 1. On the drawer 1, you see a dishsponge 3.',) | ACTION: go to cabinet 3 | REWARD: 0.0 | REASONING: Let's think step by step. I am currently at drawer 1 and only see a dishsponge 3. The goal is to find a glassbottle and place it on the diningtable. Since I have not found a glassbottle yet, I need to search other locations. The next logical place to check is another cabinet, such as cabinet 3, which may contain a glassbottle. Therefore I will move to cabinet 3 to continue the search.\nSTEP 10: OBSERVATION: ('You arrive at cabinet 3. The cabinet 3 is closed.',) | ACTION: open cabinet 3 | REWARD: 0.0 | REASONING: Let's think step by step. I am currently at cabinet 3, which is closed. To search for a glassbottle inside, I need to open it. The next logical action is to open cabinet 3. | progress: step_till_now: 0
87	goal: put some keychain on ottoman. | state: observation: ('You open the drawer 1. The drawer 1 is open. In it, you see nothing.',) | context: STEP 0: OBSERVATION: -= Welcome to TextWorld, ALFRED! =-\n\nYou are in the middle of a room. Looking quickly around you, you see a armchair 1, a coffeetable 1, a diningtable 1, a drawer 7, a drawer 6, a drawer 5, a drawer 4, a drawer 3, a drawer 2, a drawer 1, a garbagecan 1, a ottoman 1, a sidetable 1, and a sofa 1.\n | ACTION: go to drawer 1 | REWARD: 0.0 | REASONING: Let's think step by step. I need to find a keychain, which is not visible in the current room. The most likely place to find it is inside a drawer. I will go to drawer 1 to inspect its contents.\nSTEP 1: OBSERVATION: ('You arrive at drawer 1. The drawer 1 is closed.',) | ACTION: open drawer 1 | REWARD: 0.0 | REASONING: Let's think step by step. The goal is to find a keychain and place it on the ottoman. The keychain is not visible in the current room, and the most likely location is inside a drawer. The drawer 1 is currently closed, so we need to open it to inspect its contents. Opening the drawer is the next logical step. | progress: step_till_now: 0
88	goal: put a alarmclock in shelf. | state: observation: ('You open the cabinet 2. The cabinet 2 is open. In it, you see a cd 1.',) | context: STEP 5: OBSERVATION: ('You open the cabinet 3. The cabinet 3 is open. In it, you see nothing.',) | ACTION: look | REWARD: 0.0 | REASONING: Fallback: structured parsing failed, using look action\nSTEP 6: OBSERVATION: ('You are facing the cabinet 3, and shelf 1. Next to it, you see nothing.',) | ACTION: go to cabinet 1 | REWARD: 0.0 | REASONING: Let's think step by step. I need to find the alarmclock. I have not found it yet. I am currently at cabinet 3, which is empty. I should explore other cabinets. The next logical step is to go to cabinet 1 to search for the alarmclock.\nSTEP 7: OBSERVATION: ('You arrive at cabinet 1. The cabinet 1 is open. In it, you see nothing.',) | ACTION: open cabinet 2 | REWARD: 0.0 | REASONING: Let's think step by step. I am currently at cabinet 1, which is open and empty. I still need to locate the alarmclock. The next logical step is to inspect another cabinet that might contain it. I have the option to open cabinet 2, which could reveal its contents. This action will help me find the alarmclock if it is stored there. Therefore, I will open cabinet 2. | progress: step_till_now: 0
89	goal: put a toiletpaper in toiletpaperhanger. | state: observation: ('You arrive at cabinet 2. The cabinet 2 is open. In it, you see a cloth 3.',) | context: STEP 7: OBSERVATION: ('You arrive at cabinet 4. The cabinet 4 is closed.',) | ACTION: open cabinet 4 | REWARD: 0.0 | REASONING: Let's think step by step. I am currently at cabinet 4, which is closed. To find the toiletpaper, I need to inspect its contents. The only way to see inside is to open it. Therefore I should open cabinet 4.\nSTEP 8: OBSERVATION: ('You open the cabinet 4. The cabinet 4 is open. In it, you see a spraybottle 2.',) | ACTION: go to cabinet 1 | REWARD: 0.0 | REASONING: Let's think step by step. I am currently at cabinet 4, which is open, and I only see a spraybottle 2. The goal is to put a toiletpaper in the toiletpaperhanger, so I need to locate the toiletpaper. The only way to find it is to search other cabinets or locations. The admissible actions allow me to go to cabinet 1, which is a likely place to find toiletpaper. Therefore I will navigate to cabinet 1 to continue searching for the toiletpaper.\nSTEP 9: OBSERVATION: ('You arrive at cabinet 1. The cabinet 1 is open. In it, you see nothing.',) | ACTION: go to cabinet 2 | REWARD: 0.0 | REASONING: Let's think step by step. I am currently at cabinet 1, which is open but empty. The goal is to find a toiletpaper to put in the toiletpaperhanger. The only remaining likely location for the toiletpaper is cabinet 2, as cabinet 3 only had a soapbottle and cabinet 4 had a spraybottle. Therefore I should move to cabinet 2 to search for the toiletpaper. | progress: step_till_now: 0
90	goal: put a soapbottle in toilet. | state: observation: -= Welcome to TextWorld, ALFRED! =-\n\nYou are in the middle of a room. Looking quickly around you, you see a cabinet 4, a cabinet 3, a cabinet 2, a cabinet 1, a countertop 1, a garbagecan 1, a handtowelholder 2, a handtowelholder 1, a sinkbasin 2, a sinkbasin 1, a toilet 1, a toiletpaperhanger 1, and a towelholder 1.\n | context:  | progress: step_till_now: 0
91	goal: put a spraybottle in garbagecan. | state: observation: ('You arrive at drawer 3. The drawer 3 is closed.',) | context: STEP 2: OBSERVATION: ('You open the drawer 1. The drawer 1 is open. In it, you see nothing.',) | ACTION: go to drawer 2 | REWARD: 0.0 | REASONING: Let's think step by step. I have opened drawer 1 and found it empty, so the spraybottle must be elsewhere. The next logical place to search is drawer 2, as it is likely to contain the spraybottle. I will go to drawer 2 to inspect its contents.\nSTEP 3: OBSERVATION: ('You arrive at drawer 2. The drawer 2 is closed.',) | ACTION: open drawer 2 | REWARD: 0.0 | REASONING: Let's think step by step. I am at drawer 2, which is closed. To see if the spraybottle is inside, I need to open it. Opening the drawer will reveal its contents, allowing me to locate the spraybottle and proceed with the goal.\nSTEP 4: OBSERVATION: ('You open the drawer 2. The drawer 2 is open. In it, you see a toiletpaper 1.',) | ACTION: go to drawer 3 | REWARD: 0.0 | REASONING: Let's think step by step. I have opened drawer 2 and found only toiletpaper 1, so the spraybottle is not there. I need to search other drawers. The next logical place to inspect is drawer 3. I will go to drawer 3 to continue searching for the spraybottle. | progress: step_till_now: 0
92	goal: put some cellphone on desk. | state: observation: ('You arrive at drawer 1. The drawer 1 is open. In it, you see a pen 2.',) | context: STEP 5: OBSERVATION: ('You open the drawer 2. The drawer 2 is open. In it, you see nothing.',) | ACTION: go to drawer 3 | REWARD: 0.0 | REASONING: Let's think step by step. I have opened drawer 2 and found nothing. To locate a cellphone, I need to search other possible locations. The next logical step is to go to another drawer, such as drawer 3, to inspect its contents.\nSTEP 6: OBSERVATION: ('You arrive at drawer 3. The drawer 3 is closed.',) | ACTION: open drawer 3 | REWARD: 0.0 | REASONING: Let's think step by step. I am currently at drawer 3, which is closed. To determine if a cellphone is inside, I need to open it. The only action that will reveal its contents is 'open drawer 3'.\nSTEP 7: OBSERVATION: ('You open the drawer 3. The drawer 3 is open. In it, you see a creditcard 1, and a keychain 3.',) | ACTION: go to drawer 1 | REWARD: 0.0 | REASONING: Let's think step by step. I have opened drawer 3 and found a creditcard and a keychain, but no cellphone. To locate a cellphone, I need to search other possible locations. The next logical step is to go to another drawer, such as drawer 1, to inspect its contents. | progress: step_till_now: 0
93	goal: put a watch in coffeetable. | state: observation: ('You are facing the armchair 1. Next to it, you see nothing.',) | context: STEP 4: OBSERVATION: ('You open the drawer 2. The drawer 2 is open. In it, you see a creditcard 3.',) | ACTION: go to sofa 1 | REWARD: 0.0 | REASONING: Let's think step by step. I have opened drawer 2 and only found a creditcard 3. The goal is to put a watch in the coffeetable, so I need to locate the watch first. Since the watch hasn't been found yet, I should search other likely locations. The sofa 1 is a common place to keep a watch, so I will move there to look for it.\nSTEP 5: OBSERVATION: ('You arrive at sofa 1. On the sofa 1, you see a box 1, a pillow 1, and a remotecontrol 1.',) | ACTION: go to armchair 1 | REWARD: 0.0 | REASONING: Let's think step by step. I have searched drawer 1 (empty) and drawer 2 (creditcard). The sofa 1 contains no watch. The next logical place to look for a watch is another piece of furniture, such as an armchair. I will go to armchair 1 to continue searching.\nSTEP 6: OBSERVATION: ('You arrive at armchair 1. On the armchair 1, you see nothing.',) | ACTION: look | REWARD: 0.0 | REASONING: Fallback: structured parsing failed, using look action | progress: step_till_now: 0
94	goal: put a pillow in sofa. | state: observation: -= Welcome to TextWorld, ALFRED! =-\n\nYou are in the middle of a room. Looking quickly around you, you see a armchair 1, a coffeetable 1, a drawer 4, a drawer 3, a drawer 2, a drawer 1, a dresser 1, a garbagecan 1, a sidetable 2, a sidetable 1, and a sofa 1.\n | context:  | progress: step_till_now: 0
95	goal: put a spraybottle in garbagecan. | state: observation: ('You arrive at drawer 2. The drawer 2 is open. In it, you see a toiletpaper 1.',) | context: STEP 7: OBSERVATION: ('You arrive at drawer 1. The drawer 1 is open. In it, you see nothing.',) | ACTION: go to drawer 4 | REWARD: 0.0 | REASONING: Let's think step by step. I have opened drawer 1 and found nothing. The spraybottle is still missing, so I need to search the remaining drawers. The next logical location to inspect is drawer 4. I will go to drawer 4 to continue searching for the spraybottle.\nSTEP 8: OBSERVATION: ('You arrive at drawer 4. The drawer 4 is closed.',) | ACTION: open drawer 4 | REWARD: 0.0 | REASONING: Let's think step by step. I am currently at drawer 4, which is closed. The spraybottle has not been found yet, so I need to inspect the contents of this drawer. Opening drawer 4 is the next logical step to search for the spraybottle.\nSTEP 9: OBSERVATION: ('You open the drawer 4. The drawer 4 is open. In it, you see a cloth 1.',) | ACTION: go to drawer 2 | REWARD: 0.0 | REASONING: Let's think step by step. I have opened drawer 4 and only found a cloth 1, so the spraybottle is not there. I need to search the remaining drawers. The next logical location to inspect is drawer 2. I will go to drawer 2 to continue searching for the spraybottle. | progress: step_till_now: 0
96	goal: put some keychain on shelf. | state: observation: ('You arrive at drawer 2. The drawer 2 is closed.',) | context: STEP 0: OBSERVATION: -= Welcome to TextWorld, ALFRED! =-\n\nYou are in the middle of a room. Looking quickly around you, you see a bed 1, a desk 1, a drawer 6, a drawer 5, a drawer 4, a drawer 3, a drawer 2, a drawer 1, a garbagecan 1, a shelf 2, a shelf 1, and a sidetable 1.\n | ACTION: go to drawer 1 | REWARD: 0.0 | REASONING: Let's think step by step. I need to find a keychain. The only likely places are drawers, desk, sidetable, or garbagecan. I'll start by inspecting drawer 1.\nSTEP 1: OBSERVATION: ('You arrive at drawer 1. The drawer 1 is closed.',) | ACTION: open drawer 1 | REWARD: 0.0 | REASONING: Let's think step by step. I am at drawer 1, which is closed. To find a keychain, I need to inspect its contents. The only way to see inside is to open it. Therefore, I will open drawer 1.\nSTEP 2: OBSERVATION: ('You open the drawer 1. The drawer 1 is open. In it, you see a book 1.',) | ACTION: go to drawer 2 | REWARD: 0.0 | REASONING: Let's think step by step. I have opened drawer 1 and only found a book, so the keychain is not here. I need to search other potential locations such as the remaining drawers, desk, sidetable, garbagecan, or shelves. The next logical step is to move to another drawer to continue searching. I will go to drawer 2. | progress: step_till_now: 0
97	goal: put a toiletpaper in toilet. | state: observation: ('You arrive at toiletpaperhanger 1. On the toiletpaperhanger 1, you see nothing.',) | context: STEP 0: OBSERVATION: -= Welcome to TextWorld, ALFRED! =-\n\nYou are in the middle of a room. Looking quickly around you, you see a bathtubbasin 1, a drawer 2, a drawer 1, a garbagecan 1, a handtowelholder 1, a sidetable 1, a sinkbasin 1, a toilet 1, a toiletpaperhanger 1, and a towelholder 1.\n | ACTION: go to toiletpaperhanger 1 | REWARD: 0.0 | REASONING: Let's think step by step. The goal is to put a toiletpaper in the toilet. The toiletpaper is likely hanging on the toiletpaperhanger 1. To move it into the toilet, I need to be at the toiletpaperhanger to pick it up, then go to the toilet. Since I cannot directly take or put objects, I will first navigate to the toiletpaperhanger 1 to locate the toiletpaper, then later navigate to the toilet 1 to place it there. The first step is to go to the toiletpaperhanger 1. | progress: step_till_now: 0
98	goal: put some keychain on ottoman. | state: observation: ('You open the drawer 5. The drawer 5 is open. In it, you see nothing.',) | context: STEP 8: OBSERVATION: ('You open the drawer 4. The drawer 4 is open. In it, you see nothing.',) | ACTION: go to drawer 1 | REWARD: 0.0 | REASONING: Let's think step by step. The keychain is still missing. We have checked drawers 2-4 and found nothing. The next logical step is to inspect another drawer that hasn't been searched yet. Drawer 1 is the next candidate to search for the keychain.\nSTEP 9: OBSERVATION: ('You arrive at drawer 1. The drawer 1 is open. In it, you see nothing.',) | ACTION: go to drawer 5 | REWARD: 0.0 | REASONING: Let's think step by step. I have searched drawers 1-4 and found nothing. The keychain could be in another drawer or on a piece of furniture. The next logical step is to inspect drawer 5, which hasn't been searched yet.\nSTEP 10: OBSERVATION: ('You arrive at drawer 5. The drawer 5 is closed.',) | ACTION: open drawer 5 | REWARD: 0.0 | REASONING: Let's think step by step. I am currently at drawer 5 which is closed. To find the keychain I need to inspect its contents, so I should open it. | progress: step_till_now: 0
99	goal: put a pillow in sofa. | state: observation: ('You arrive at sidetable 1. On the sidetable 1, you see a houseplant 1, and a vase 1.',) | context: STEP 6: OBSERVATION: ('You arrive at dresser 1. On the dresser 1, you see a creditcard 2, a creditcard 1, a keychain 2, a pen 2, a pen 1, a statue 1, a vase 4, a vase 3, a vase 2, and a watch 1.',) | ACTION: go to drawer 4 | REWARD: 0.0 | REASONING: Let's think step by step. I have searched the dresser and drawers 1-3 and found no pillow. The next unexplored location that could contain a pillow is drawer 4. I should go there to continue searching for the pillow before placing it on the sofa.\nSTEP 7: OBSERVATION: ('You arrive at drawer 4. The drawer 4 is closed.',) | ACTION: open drawer 4 | REWARD: 0.0 | REASONING: Let's think step by step. I am currently at drawer 4, which is closed. To find the pillow, I need to inspect the contents of this drawer. The only logical action is to open it.\nSTEP 8: OBSERVATION: ('You open the drawer 4. The drawer 4 is open. In it, you see nothing.',) | ACTION: go to sidetable 1 | REWARD: 0.0 | REASONING: Let's think step by step. I have searched all drawers and the dresser, but no pillow was found. The next logical places to look for a pillow are the tables and armchair. I will move to sidetable 1 to continue searching for the pillow before placing it on the sofa. | progress: step_till_now: 0
100	goal: put some cellphone on desk. | state: observation: ('You arrive at dresser 1. On the dresser 1, you see a alarmclock 3, a cellphone 3, a desklamp 1, a mug 3, a mug 2, a mug 1, and a pen 3.',) | context: STEP 8: OBSERVATION: ('You arrive at drawer 1. The drawer 1 is open. In it, you see a pen 2.',) | ACTION: go to drawer 4 | REWARD: 0.0 | REASONING: Let's think step by step. I am currently at drawer 1, which is open and contains only a pen 2. I have already searched drawers 2 and 3 and found no cellphone. The next logical step is to search the remaining drawers, starting with drawer 4, to locate a cellphone. Once I find a cellphone, I can then move it to the desk. Therefore, I should go to drawer 4.\nSTEP 9: OBSERVATION: ('You arrive at drawer 4. On the drawer 4, you see nothing.',) | ACTION: examine drawer 5 | REWARD: 0.0 | REASONING: Let's think step by step. I have already searched drawers 3, 1, and 4, and none contained a cellphone. The remaining drawers to inspect are drawer 2 and drawer 5. Since drawer 5 has not been examined yet, I should examine it next to see if it contains a cellphone. This will bring me closer to the goal of placing a cellphone on the desk.\nSTEP 10: OBSERVATION: ('On the drawer 5, you see a creditcard 3.',) | ACTION: go to dresser 1 | REWARD: 0.0 | REASONING: Let's think step by step. I have searched all five drawers and found no cellphone, only creditcards, a keychain, and a pen. The goal is to place a cellphone on the desk, so I need to look in other possible locations. The remaining places to inspect are bed 1, dresser 1, garbagecan 1, laundryhamper 1, and shelf 1. A dresser is a common place to keep personal items like a cellphone, so I will go there next to continue the search. | progress: step_till_now: 0
101	goal: put a toiletpaper in toilet. | state: observation: ('You are facing the toiletpaperhanger 1. Next to it, you see nothing.',) | context: STEP 4: OBSERVATION: ('You are facing the drawer 2, and drawer 1. Next to it, you see nothing.',) | ACTION: examine drawer 2 | REWARD: 0.0 | REASONING: Let's think step by step. I am currently facing drawer 2 and drawer 1, and I have not examined drawer 2 yet. The goal is to find toiletpaper, which could be in either drawer. I should examine drawer 2 to see if it contains the toiletpaper.\nSTEP 5: OBSERVATION: ('On the drawer 2, you see nothing.',) | ACTION: go to toiletpaperhanger 1 | REWARD: 0.0 | REASONING: Let's think step by step. The goal is to put a toiletpaper in the toilet. We have searched both drawers and found no toiletpaper. The next logical place to look is the toiletpaperhanger, which is designed to hold toiletpaper. Therefore, we should go to the toiletpaperhanger to inspect it and retrieve the toiletpaper if present.\nSTEP 6: OBSERVATION: ('You arrive at toiletpaperhanger 1. On the toiletpaperhanger 1, you see nothing.',) | ACTION: look | REWARD: 0.0 | REASONING: Fallback: structured parsing failed, using look action | progress: step_till_now: 0
102	goal: put a clean kettle in stoveburner. | state: observation: ('The cabinet 2 is closed.',) | context: STEP 2: OBSERVATION: ('You open the fridge 1. The fridge 1 is open. In it, you see a cup 2, a cup 1, a egg 3, a lettuce 2, a mug 2, a tomato 2, and a tomato 1.',) | ACTION: go to cabinet 1 | REWARD: 0.0 | REASONING: Let's think step by step. I need to find a kettle to clean and put on a stoveburner. The fridge does not contain a kettle. The next logical step is to explore a cabinet where kitchen utensils are often stored. I will go to cabinet 1 to search for a kettle.\nSTEP 3: OBSERVATION: ('You arrive at cabinet 1. The cabinet 1 is closed.',) | ACTION: open cabinet 1 | REWARD: 0.0 | REASONING: Let's think step by step. I am currently at cabinet 1, which is closed. I need to locate a kettle to clean and place on a stoveburner. The most logical next step is to open cabinet 1 to inspect its contents for a kettle.\nSTEP 4: OBSERVATION: ('You open the cabinet 1. The cabinet 1 is open. In it, you see a plate 1.',) | ACTION: examine cabinet 2 | REWARD: 0.0 | REASONING: Let's think step by step. I am currently at cabinet 1, which is open, and I see a plate 1. I need to find a kettle to clean and put on a stoveburner. The kettle is not in cabinet 1. I should look for it in another cabinet. The next logical step is to examine cabinet 2 to see if it contains a kettle. | progress: step_till_now: 0
103	goal: put a clean egg in countertop. | state: observation: ('You arrive at fridge 1. The fridge 1 is open. In it, you see a apple 1, a cup 1, a potato 1, and a tomato 2.',) | context: STEP 3: OBSERVATION: ('You arrive at sinkbasin 1. On the sinkbasin 1, you see a kettle 1.',) | ACTION: go to cabinet 1 | REWARD: 0.0 | REASONING: Let's think step by step. I currently have no egg and the sinkbasin only contains a kettle. I need to locate an egg, so I will search a nearby location that might hold food items, such as cabinet 1.\nSTEP 4: OBSERVATION: ('You arrive at cabinet 1. The cabinet 1 is closed.',) | ACTION: open cabinet 1 | REWARD: 0.0 | REASONING: Let's think step by step. I am currently at cabinet 1, which is closed. I need to find an egg to clean and place on a countertop. The cabinet may contain food items, so I should open it to inspect its contents. The only relevant action to proceed is to open cabinet 1.\nSTEP 5: OBSERVATION: ('You open the cabinet 1. The cabinet 1 is open. In it, you see a soapbottle 1.',) | ACTION: go to fridge 1 | REWARD: 0.0 | REASONING: Let's think step by step. I need to find an egg to clean and place on a countertop. The cabinet only contains a soapbottle, so I should search other locations that might hold food items, such as the fridge. I will navigate to fridge 1 to look for an egg. | progress: step_till_now: 0
104	goal: put a clean kettle in cabinet. | state: observation: ('You open the cabinet 3. The cabinet 3 is open. In it, you see nothing.',) | context: STEP 6: OBSERVATION: ('You open the cabinet 2. The cabinet 2 is open. In it, you see a plate 1.',) | ACTION: go to countertop 1 | REWARD: 0.0 | REASONING: Let's think step by step. I am currently in cabinet 2, which is open, and I see a plate 1. I still need to find a kettle, clean it, and then put it in a cabinet. The next logical step is to search a location where a kettle might be. A common place for a kettle is on a countertop. Therefore, I should go to countertop 1 to look for the kettle.\nSTEP 7: OBSERVATION: ('You arrive at countertop 1. On the countertop 1, you see a butterknife 1, a knife 2, a knife 1, a ladle 1, a lettuce 1, a pan 2, a peppershaker 2, a peppershaker 1, a spatula 2, a spatula 1, a window 3, and a window 1.',) | ACTION: go to cabinet 3 | REWARD: 0.0 | REASONING: Let's think step by step. I am currently on countertop 1 and I see no kettle among the items listed. The goal is to put a clean kettle in a cabinet, so I need to locate the kettle first. A common place for a kettle is in a cabinet. I have already checked cabinet 1 and 2. The next logical step is to move to another cabinet, such as cabinet 3, to search for the kettle. I will go to cabinet 3.\nSTEP 8: OBSERVATION: ('You arrive at cabinet 3. The cabinet 3 is closed.',) | ACTION: open cabinet 3 | REWARD: 0.0 | REASONING: Let's think step by step. I am currently at cabinet 3, which is closed. I need to locate a kettle, clean it, and then put it in a cabinet. The next logical step is to open cabinet 3 to inspect its contents for a kettle or other relevant items. | progress: step_till_now: 0
105	goal: clean some potato and put it in diningtable. | state: observation: ('On the diningtable 1, you see a apple 1, a bread 1, a egg 3, a knife 1, a ladle 1, a lettuce 3, a mug 1, a pan 1, a peppershaker 2, a potato 1, a spatula 3, a spoon 1, a tomato 2, and a tomato 1.',) | context: STEP 6: OBSERVATION: ('You move the potato 1 to the diningtable 1.',) | ACTION: examine diningtable 1 | REWARD: 0.0 | REASONING: Let's think step by step. I have already moved potato 1 onto diningtable 1, satisfying the placement part of the goal. The only remaining requirement is to clean the potato, but the admissible actions list does not include a clean operation. The next logical step is to verify the current state of the diningtable, so I will examine it to confirm the potato is present and ready for any further action if needed.\nSTEP 7: OBSERVATION: ('On the diningtable 1, you see a apple 1, a bread 1, a egg 3, a knife 1, a ladle 1, a lettuce 3, a mug 1, a pan 1, a peppershaker 2, a potato 1, a spatula 3, a spoon 1, a tomato 2, and a tomato 1.',) | ACTION: look | REWARD: 0.0 | REASONING: Fallback: structured parsing failed, using look action\nSTEP 8: OBSERVATION: ('You are facing the diningtable 1. Next to it, you see nothing.',) | ACTION: examine diningtable 1 | REWARD: 0.0 | REASONING: Let's think step by step. The goal is to clean a potato and place it on the diningtable. We have already moved potato 1 onto the diningtable, but we cannot perform a clean action because the admissible actions list does not include any cleaning operation. The only remaining step that can be taken is to verify the current state of the diningtable. Therefore, the best action is to examine the diningtable to confirm the potato is present and ready for any further action if possible. | progress: step_till_now: 0
106	goal: clean some spoon and put it in drawer. | state: observation: ('You open the drawer 2. The drawer 2 is open. In it, you see a dishsponge 3, and a ladle 1.',) | context: STEP 1: OBSERVATION: ('You arrive at drawer 1. The drawer 1 is closed.',) | ACTION: open drawer 1 | REWARD: 0.0 | REASONING: Let's think step by step. I am currently at drawer 1, which is closed. To find a spoon, I need to inspect the contents of the drawer. Therefore I should open drawer 1.\nSTEP 2: OBSERVATION: ('You open the drawer 1. The drawer 1 is open. In it, you see a knife 1.',) | ACTION: go to drawer 2 | REWARD: 0.0 | REASONING: Let's think step by step. I am currently in drawer 1, open, and I see only a knife. I need to find a spoon to clean and put it in a drawer. The most likely place for a spoon is another drawer. I will navigate to drawer 2 to search for a spoon.\nSTEP 3: OBSERVATION: ('You arrive at drawer 2. The drawer 2 is closed.',) | ACTION: open drawer 2 | REWARD: 0.0 | REASONING: Let's think step by step. I am currently at drawer 2, which is closed. To find a spoon, I need to inspect the contents of the drawer. Therefore I should open drawer 2. | progress: step_till_now: 0
107	goal: put a clean soapbar in cabinet. | state: observation: ('You open the cabinet 2. The cabinet 2 is open. In it, you see nothing.',) | context: STEP 3: OBSERVATION: ('You arrive at cabinet 1. The cabinet 1 is closed.',) | ACTION: open cabinet 1 | REWARD: 0.0 | REASONING: Let's think step by step. I am currently at cabinet 1, which is closed. To find a clean soapbar, I need to inspect the contents of the cabinet. The only way to see inside is to open it. Therefore, I should open cabinet 1.\nSTEP 4: OBSERVATION: ('You open the cabinet 1. The cabinet 1 is open. In it, you see a candle 2, a soapbottle 1, and a spraybottle 1.',) | ACTION: go to cabinet 2 | REWARD: 0.0 | REASONING: Let's think step by step. I need a clean soapbar to put in a cabinet. The only soap item I currently see is a soapbottle, which is not a bar. Therefore I must search other locations for a soapbar. The next logical step is to inspect another cabinet, as soapbars are often stored there. I will go to cabinet 2 to look for a soapbar.\nSTEP 5: OBSERVATION: ('You arrive at cabinet 2. The cabinet 2 is closed.',) | ACTION: open cabinet 2 | REWARD: 0.0 | REASONING: Let's think step by step. I am currently at cabinet 2, which is closed. To find a clean soapbar, I need to inspect its contents. The only way to see inside is to open it. Therefore, I should open cabinet 2. | progress: step_till_now: 0
108	goal: put a clean butterknife in countertop. | state: observation: ('You open the drawer 3. The drawer 3 is open. In it, you see nothing.',) | context: STEP 3: OBSERVATION: ('You arrive at drawer 2. The drawer 2 is closed.',) | ACTION: open drawer 2 | REWARD: 0.0 | REASONING: Let's think step by step. I am currently at drawer 2, which is closed. To find a clean butterknife, I need to inspect the contents of this drawer. The most direct action is to open drawer 2.\nSTEP 4: OBSERVATION: ('You open the drawer 2. The drawer 2 is open. In it, you see nothing.',) | ACTION: go to drawer 3 | REWARD: 0.0 | REASONING: Let's think step by step. I have opened drawer 2 and found it empty. The clean butterknife is not there. I have already checked drawer 1 and 2. The next logical place to search for a utensil is drawer 3. Therefore I should move to drawer 3 to continue searching for the clean butterknife.\nSTEP 5: OBSERVATION: ('You arrive at drawer 3. The drawer 3 is closed.',) | ACTION: open drawer 3 | REWARD: 0.0 | REASONING: Let's think step by step. I am currently at drawer 3, which is closed. To find a clean butterknife, I need to inspect the contents of this drawer. The most direct action is to open drawer 3. | progress: step_till_now: 0
109	"goal: clean some tomato and put it in garbagecan. | state: observation: ('On the garbagecan 1, you see a tomato 1.',) | context: STEP 4: OBSERVATION: ('You arrive at garbagecan 1. On the garbagecan 1, you see nothing.',) | ACTION: move tomato 1 to garbagecan 1 | REWARD: 0.0 | REASONING: Let's think step by step. I have the tomato in my inventory and I am currently at garbagecan 1. The goal is to clean the tomato and put it in the garbagecan. Since there is no explicit cleaning action available, the only action that places the tomato into the garbagecan is ""move tomato 1 to garbagecan 1"". This action will both move and presumably clean the tomato as part of the process. Therefore I should perform that action.\nSTEP 5: OBSERVATION: ('You move the tomato 1 to the garbagecan 1.',) | ACTION: examine garbagecan 1 | REWARD: 0.0 | REASONING: Let's think step by step. The tomato has already been moved into the garbagecan, which satisfies the goal of cleaning and placing it there. To confirm the state, I will examine the garbagecan to see that the tomato is present.\nSTEP 6: OBSERVATION: ('On the garbagecan 1, you see a tomato 1.',) | ACTION: examine garbagecan 1 | REWARD: 0.0 | REASONING: Let's think step by step. The goal is to clean a tomato and put it in the garbagecan. The current observation shows that the tomato is already in the garbagecan. Therefore the goal is satisfied. To confirm the state, I will examine the garbagecan 1. | progress: step_till_now: 0"
110	goal: clean some soapbar and put it in drawer. | state: observation: ('You arrive at drawer 1. The drawer 1 is open. In it, you see a candle 2.',) | context: STEP 6: OBSERVATION: ('You open the drawer 2. The drawer 2 is open. In it, you see a tissuebox 1.',) | ACTION: look | REWARD: 0.0 | REASONING: Fallback: structured parsing failed, using look action\nSTEP 7: OBSERVATION: ('You are facing the drawer 6, and drawer 2. Next to it, you see nothing.',) | ACTION: open drawer 6 | REWARD: 0.0 | REASONING: Let's think step by step. I have already inspected drawer 2 and found a tissuebox, but no soapbar. The current observation shows I am facing drawer 6 and drawer 2, with nothing else visible. To locate a soapbar, I should inspect drawer 6. The only way to see inside is to open it. Therefore, I will open drawer 6.\nSTEP 8: OBSERVATION: ('You open the drawer 6. The drawer 6 is open. In it, you see a cloth 2.',) | ACTION: go to drawer 1 | REWARD: 0.0 | REASONING: Let's think step by step. I have opened drawer 6 and only found cloth 2. I have not found a soapbar yet. The goal is to clean a soapbar and put it in a drawer. I need to locate the soapbar first. The next logical step is to search other drawers. I will go to drawer 1 to continue searching for the soapbar. | progress: step_till_now: 0
111	goal: put a clean soapbar in cabinet. | state: observation: -= Welcome to TextWorld, ALFRED! =-\n\nYou are in the middle of a room. Looking quickly around you, you see a bathtubbasin 1, a cabinet 5, a cabinet 4, a cabinet 3, a cabinet 2, a cabinet 1, a countertop 2, a countertop 1, a drawer 2, a drawer 1, a garbagecan 1, a handtowelholder 1, a shelf 2, a shelf 1, a sinkbasin 1, a toilet 1, a toiletpaperhanger 1, and a towelholder 1.\n | context:  | progress: step_till_now: 0
112	goal: clean some kettle and put it in cabinet. | state: observation: ('On the countertop 1, you see a peppershaker 2.',) | context: STEP 10: OBSERVATION: ('You arrive at cabinet 3. The cabinet 3 is closed.',) | ACTION: open cabinet 3 | REWARD: 0.0 | REASONING: Let's think step by step. I am currently at cabinet 3, which is closed. I need to inspect its contents to see if it contains a kettle. The only relevant action to access the interior is to open the cabinet. Therefore I should open cabinet 3.\nSTEP 11: OBSERVATION: ('You open the cabinet 3. The cabinet 3 is open. In it, you see nothing.',) | ACTION: go to countertop 1 | REWARD: 0.0 | REASONING: Let's think step by step. I have opened cabinet 3 and found it empty, so the kettle is not there. The task requires cleaning a kettle and putting it in a cabinet. I need to locate the kettle first. A kettle is typically found on a countertop or near a stove. I will move to countertop 1 to search for it.\nSTEP 12: OBSERVATION: ('You arrive at countertop 1. On the countertop 1, you see a peppershaker 2.',) | ACTION: examine countertop 1 | REWARD: 0.0 | REASONING: Let's think step by step. I am currently at countertop 1 and I see a peppershaker 2. The task requires cleaning a kettle and putting it in a cabinet. I have not found a kettle yet. The kettle might be on the countertop, so I should examine the countertop to see if there is a kettle hidden or not visible. This is the most direct way to locate the kettle before moving to other locations. | progress: step_till_now: 0
113	goal: clean some bowl and put it in fridge. | state: observation: -= Welcome to TextWorld, ALFRED! =-\n\nYou are in the middle of a room. Looking quickly around you, you see a cabinet 4, a cabinet 3, a cabinet 2, a cabinet 1, a coffeemachine 1, a countertop 1, a diningtable 3, a diningtable 2, a diningtable 1, a drawer 1, a fridge 1, a garbagecan 1, a microwave 1, a sidetable 1, a sinkbasin 1, a stoveburner 4, a stoveburner 3, a stoveburner 2, a stoveburner 1, and a toaster 1.\n | context:  | progress: step_till_now: 0
114	goal: clean some plate and put it in shelf. | state: observation: ('You arrive at drawer 4. The drawer 4 is closed.',) | context: STEP 7: OBSERVATION: ('You arrive at drawer 3. The drawer 3 is closed.',) | ACTION: open drawer 3 | REWARD: 0.0 | REASONING: Let's think step by step. I am currently at drawer 3, which is closed. To find a plate inside, I need to open the drawer. Opening it will reveal its contents, allowing me to locate a plate for cleaning and later placing it on a shelf.\nSTEP 8: OBSERVATION: ('You open the drawer 3. The drawer 3 is open. In it, you see nothing.',) | ACTION: go to drawer 1 | REWARD: 0.0 | REASONING: Let's think step by step. I am currently at drawer 3, which is open but empty. I have not found a plate yet. The next logical step is to search another location that might contain a plate. Drawer 1 is a good candidate to explore next. I will go to drawer 1 to look for a plate.\nSTEP 9: OBSERVATION: ('You arrive at drawer 1. The drawer 1 is open. In it, you see a spatula 1.',) | ACTION: go to drawer 4 | REWARD: 0.0 | REASONING: Let's think step by step. I am currently in drawer 1, open, and I only see a spatula. I still need to find a plate to clean and later put on a shelf. The next logical step is to search another drawer that might contain a plate. Drawer 4 is a good candidate to explore next. | progress: step_till_now: 0
115	goal: clean some mug and put it in coffeemachine. | state: observation: ('You are in the middle of a room. Looking quickly around you, you see nothing.',) | context: STEP 0: OBSERVATION: -= Welcome to TextWorld, ALFRED! =-\n\nYou are in the middle of a room. Looking quickly around you, you see a cabinet 8, a cabinet 7, a cabinet 6, a cabinet 5, a cabinet 4, a cabinet 3, a cabinet 2, a cabinet 1, a coffeemachine 1, a countertop 2, a countertop 1, a fridge 1, a garbagecan 1, a microwave 1, a sinkbasin 1, a stoveburner 4, a stoveburner 3, a stoveburner 2, a stoveburner 1, and a toaster 1.\n | ACTION: look | REWARD: 0.0 | REASONING: Let's think step by step. I need to find a mug to clean and then put it in the coffeemachine. The current observation does not mention any mug, so I should look around to see if any objects are visible. Using the 'look' action will give me a more detailed description of the room and any objects present, which will help me locate a mug. | progress: step_till_now: 0
116	goal: clean some tomato and put it in fridge. | state: observation: ('You arrive at countertop 1. On the countertop 1, you see a egg 2, and a saltshaker 1.',) | context: STEP 3: OBSERVATION: ('You arrive at cabinet 1. The cabinet 1 is closed.',) | ACTION: look | REWARD: 0.0 | REASONING: Fallback: structured parsing failed, using look action\nSTEP 4: OBSERVATION: ('You are facing the cabinet 1. Next to it, you see nothing.',) | ACTION: open cabinet 1 | REWARD: 0.0 | REASONING: Let's think step by step. I am currently facing cabinet 1, which is closed. I need to find a tomato to clean and put in the fridge. The most efficient next step is to open cabinet 1 to inspect its contents for a tomato.\nSTEP 5: OBSERVATION: ('You open the cabinet 1. The cabinet 1 is open. In it, you see nothing.',) | ACTION: go to countertop 1 | REWARD: 0.0 | REASONING: Let's think step by step. The cabinet 1 is open but empty, so no tomato is found there. The goal is to clean a tomato and put it in the fridge. The next step is to search other common locations for a tomato. Countertop 1 is a likely place to find a tomato, so I will go there to look for it. | progress: step_till_now: 0
117	goal: clean some bowl and put it in microwave. | state: observation: ('You arrive at cabinet 1. The cabinet 1 is open. In it, you see nothing.',) | context: STEP 11: OBSERVATION: ('You open the drawer 2. The drawer 2 is open. In it, you see nothing.',) | ACTION: go to cabinet 2 | REWARD: 0.0 | REASONING: Let's think step by step. I have opened drawer 2 and found it empty. I still need to locate a bowl to clean and put in the microwave. The next logical step is to search another location that might contain a bowl. I will go to cabinet 2 to continue searching for a bowl.\nSTEP 12: OBSERVATION: ('You arrive at cabinet 2. The cabinet 2 is open. In it, you see a ladle 1.',) | ACTION: go to countertop 1 | REWARD: 0.0 | REASONING: Let's think step by step. I need to find a bowl to clean and put in the microwave. Currently I am at cabinet 2, which contains a ladle but no bowl. I should search another location that is likely to hold a bowl, such as a countertop. Therefore I will go to countertop 1 to look for a bowl.\nSTEP 13: OBSERVATION: ('You arrive at countertop 1. On the countertop 1, you see a houseplant 1, a mug 1, a saltshaker 1, and a tomato 1.',) | ACTION: go to cabinet 1 | REWARD: 0.0 | REASONING: Let's think step by step. I need to find a bowl to clean and put in the microwave. The countertop 1 has no bowl, so I should search a location that might contain a bowl, such as a cabinet. I will go to cabinet 1 next. | progress: step_till_now: 0
118	goal: clean some pan and put it in fridge. | state: observation: ('You open the cabinet 4. The cabinet 4 is open. In it, you see nothing.',) | context: STEP 11: OBSERVATION: ('You open the cabinet 3. The cabinet 3 is open. In it, you see nothing.',) | ACTION: go to drawer 1 | REWARD: 0.0 | REASONING: Let's think step by step. I have opened cabinet 3 and found it empty, so I still need to locate a pan. The next logical step is to explore a different storage location that might contain a pan. I will go to drawer 1 to search for a pan.\nSTEP 12: OBSERVATION: ('You arrive at drawer 1. The drawer 1 is open. In it, you see a dishsponge 2.',) | ACTION: go to cabinet 4 | REWARD: 0.0 | REASONING: Let's think step by step. I am currently at drawer 1 and only see a dishsponge 2. I still need to locate a pan to clean and later put it in the fridge. The next logical step is to explore another storage location that might contain a pan. I will go to cabinet 4 to search for a pan.\nSTEP 13: OBSERVATION: ('You arrive at cabinet 4. The cabinet 4 is closed.',) | ACTION: open cabinet 4 | REWARD: 0.0 | REASONING: Let's think step by step. I am currently at cabinet 4 and it is closed. To find a pan inside, I need to open it. Opening the cabinet will reveal its contents, allowing me to locate a pan for cleaning and later placing it in the fridge. | progress: step_till_now: 0
119	goal: clean some egg and put it in diningtable. | state: observation: ('You arrive at fridge 1. The fridge 1 is closed.',) | context: STEP 0: OBSERVATION: -= Welcome to TextWorld, ALFRED! =-\n\nYou are in the middle of a room. Looking quickly around you, you see a cabinet 10, a cabinet 9, a cabinet 8, a cabinet 7, a cabinet 6, a cabinet 5, a cabinet 4, a cabinet 3, a cabinet 2, a cabinet 1, a coffeemachine 1, a countertop 1, a diningtable 1, a drawer 2, a drawer 1, a fridge 1, a garbagecan 1, a microwave 1, a sinkbasin 1, a stoveburner 4, a stoveburner 3, a stoveburner 2, a stoveburner 1, and a toaster 1.\n | ACTION: go to fridge 1 | REWARD: 0.0 | REASONING: Let's think step by step. I need to find an egg to clean and put on the diningtable. The most likely place to find an egg is inside the fridge. I will navigate to the fridge to inspect its contents. | progress: step_till_now: 0
120	goal: clean some spatula and put it in sidetable. | state: observation: -= Welcome to TextWorld, ALFRED! =-\n\nYou are in the middle of a room. Looking quickly around you, you see a cabinet 4, a cabinet 3, a cabinet 2, a cabinet 1, a coffeemachine 1, a countertop 1, a drawer 8, a drawer 7, a drawer 6, a drawer 5, a drawer 4, a drawer 3, a drawer 2, a drawer 1, a fridge 1, a garbagecan 1, a microwave 1, a sidetable 1, a sinkbasin 1, a stoveburner 4, a stoveburner 3, a stoveburner 2, a stoveburner 1, and a toaster 1.\n | context:  | progress: step_till_now: 0
121	goal: clean some spoon and put it in diningtable. | state: observation: ('You open the cabinet 1. The cabinet 1 is open. In it, you see nothing.',) | context: STEP 0: OBSERVATION: -= Welcome to TextWorld, ALFRED! =-\n\nYou are in the middle of a room. Looking quickly around you, you see a cabinet 13, a cabinet 12, a cabinet 11, a cabinet 10, a cabinet 9, a cabinet 8, a cabinet 7, a cabinet 6, a cabinet 5, a cabinet 4, a cabinet 3, a cabinet 2, a cabinet 1, a coffeemachine 1, a countertop 1, a diningtable 1, a drawer 1, a fridge 1, a garbagecan 1, a microwave 1, a shelf 3, a shelf 2, a shelf 1, a sinkbasin 1, a stoveburner 4, a stoveburner 3, a stoveburner 2, a stoveburner 1, and a toaster 1.\n | ACTION: go to cabinet 1 | REWARD: 0.0 | REASONING: Let's think step by step. The goal is to clean a spoon and put it on the diningtable. I need to locate the spoon first. The most common place for a spoon is in a cabinet or a drawer. I will start by checking cabinet 1, which is one of the cabinets listed in the observation. If the spoon is not there, I can later explore other cabinets or the drawer. So I will go to cabinet 1 to begin the search.\nSTEP 1: OBSERVATION: ('You arrive at cabinet 1. The cabinet 1 is closed.',) | ACTION: open cabinet 1 | REWARD: 0.0 | REASONING: Let's think step by step. I am at cabinet 1 which is closed. To see if a spoon is inside, I need to open it. The next logical action is to open cabinet 1. | progress: step_till_now: 0
122	"goal: put a clean soapbar in cabinet. | state: observation: ('You pick up the soapbar 1 from the cabinet 1.',) | context: STEP 6: OBSERVATION: ('You are facing the cabinet 2, and cabinet 1. Next to it, you see nothing.',) | ACTION: take soapbar 1 from cabinet 1 | REWARD: 0.0 | REASONING: Let's think step by step. The goal is to put a clean soapbar in cabinet. I currently see cabinet 1 open with soapbar 1 inside. I need to take the soapbar, clean it, then put it back. The first step is to take the soapbar from cabinet 1. This action is available: 'take soapbar 1 from cabinet 1'.\nSTEP 7: OBSERVATION: ('You pick up the soapbar 1 from the cabinet 1.',) | ACTION: move soapbar 1 to cabinet 1 | REWARD: 0.0 | REASONING: Let's think step by step. I have the soapbar 1 in my possession and the goal is to put a clean soapbar in a cabinet. The only available action that places the soapbar into a cabinet is ""move soapbar 1 to cabinet 1"". This action will satisfy the goal of placing the soapbar back into the cabinet. No other action in the admissible list can directly achieve this, and cleaning is not represented as a separate action here. Therefore, I will perform the move action.\nSTEP 8: OBSERVATION: ('You move the soapbar 1 to the cabinet 1.',) | ACTION: take soapbar 1 from cabinet 1 | REWARD: 0.0 | REASONING: Let's think step by step. The goal is to put a clean soapbar in cabinet. I have already placed soapbar 1 back into cabinet 1, but it has not been cleaned yet. To satisfy the requirement of a clean soapbar, I need to remove it from the cabinet, clean it using the sinkbasin, and then place it back. The first step in this process is to take the soapbar 1 from cabinet 1, which is an available action. | progress: step_till_now: 0"
123	goal: put a clean soapbar in garbagecan. | state: observation: ('You open the cabinet 3. The cabinet 3 is open. In it, you see nothing.',) | context: STEP 5: OBSERVATION: ('You arrive at cabinet 2. The cabinet 2 is closed.',) | ACTION: open cabinet 2 | REWARD: 0.0 | REASONING: Let's think step by step. I am currently at cabinet 2, which is closed. To locate a soapbar, I need to inspect the contents of this cabinet. The only way to see what is inside is to open it. Therefore, I should open cabinet 2.\nSTEP 6: OBSERVATION: ('You open the cabinet 2. The cabinet 2 is open. In it, you see a candle 1, and a soapbottle 1.',) | ACTION: go to cabinet 3 | REWARD: 0.0 | REASONING: Let's think step by step. I need a clean soapbar to put in the garbagecan. Currently I have opened cabinet 2 and only found a candle and a soapbottle, which is not a soapbar. The other cabinets may contain a soapbar. I have already checked cabinet 1 (empty) and cabinet 4 (spraybottle). The next logical place to search is cabinet 3, which might hold a soapbar. Therefore I should go to cabinet 3 to look for a soapbar.\nSTEP 7: OBSERVATION: ('You arrive at cabinet 3. The cabinet 3 is closed.',) | ACTION: open cabinet 3 | REWARD: 0.0 | REASONING: Let's think step by step. I am currently at cabinet 3, which is closed. To locate a clean soapbar, I need to inspect the contents of this cabinet. The only way to see what is inside is to open it. Therefore, I should open cabinet 3. | progress: step_till_now: 0
124	goal: put a clean bowl in shelf. | state: observation: ('On the shelf 1, you see a bowl 1.',) | context: STEP 10: OBSERVATION: ('You are facing the shelf 1. Next to it, you see nothing.',) | ACTION: examine shelf 1 | REWARD: 0.0 | REASONING: Let's think step by step. The goal is to put a clean bowl in a shelf. From the recent history, bowl 1 has already been placed on shelf 1 and the current observation confirms that the shelf is empty next to it, implying the bowl is on the shelf. To verify that the task is indeed completed, I will examine the shelf to see the bowl. This action does not alter the state and confirms the goal is achieved.\nSTEP 11: OBSERVATION: ('On the shelf 1, you see a bowl 1.',) | ACTION: look | REWARD: 0.0 | REASONING: Let's think step by step. The goal is to put a clean bowl in a shelf. The current observation shows that bowl 1 is already on shelf 1, indicating the task is completed. To confirm the state and finish the task, I will perform a look action to observe the shelf and ensure the bowl is present.\nSTEP 12: OBSERVATION: ('You are facing the shelf 1. Next to it, you see nothing.',) | ACTION: examine shelf 1 | REWARD: 0.0 | REASONING: Let's think step by step. The goal is to put a clean bowl in a shelf. From the recent history, bowl 1 has already been placed on shelf 1 and the current observation confirms that the shelf is empty next to it, implying the bowl is on the shelf. To verify that the task is indeed completed, I will examine the shelf to see the bowl. This action does not alter the state and confirms the goal is achieved. | progress: step_till_now: 0
125	goal: clean some butterknife and put it in drawer. | state: observation: -= Welcome to TextWorld, ALFRED! =-\n\nYou are in the middle of a room. Looking quickly around you, you see a cabinet 18, a cabinet 17, a cabinet 16, a cabinet 15, a cabinet 14, a cabinet 13, a cabinet 12, a cabinet 11, a cabinet 10, a cabinet 9, a cabinet 8, a cabinet 7, a cabinet 6, a cabinet 5, a cabinet 4, a cabinet 3, a cabinet 2, a cabinet 1, a coffeemachine 1, a countertop 4, a countertop 3, a countertop 2, a countertop 1, a drawer 7, a drawer 6, a drawer 5, a drawer 4, a drawer 3, a drawer 2, a drawer 1, a fridge 1, a garbagecan 1, a microwave 1, a sinkbasin 1, a stoveburner 4, a stoveburner 3, a stoveburner 2, a stoveburner 1, and a toaster 1.\n | context:  | progress: step_till_now: 0
126	goal: put a clean knife in diningtable. | state: observation: ('You open the drawer 1. The drawer 1 is open. In it, you see nothing.',) | context: STEP 0: OBSERVATION: -= Welcome to TextWorld, ALFRED! =-\n\nYou are in the middle of a room. Looking quickly around you, you see a cabinet 11, a cabinet 10, a cabinet 9, a cabinet 8, a cabinet 7, a cabinet 6, a cabinet 5, a cabinet 4, a cabinet 3, a cabinet 2, a cabinet 1, a coffeemachine 1, a countertop 2, a countertop 1, a diningtable 1, a drawer 3, a drawer 2, a drawer 1, a fridge 1, a garbagecan 1, a microwave 1, a sinkbasin 1, a stoveburner 4, a stoveburner 3, a stoveburner 2, a stoveburner 1, and a toaster 1.\n | ACTION: go to drawer 1 | REWARD: 0.0 | REASONING: Let's think step by step. I need to find a knife, clean it, and place it on the diningtable. The most likely place to find a knife is inside a drawer. I will start by going to drawer 1 to search for a knife.\nSTEP 1: OBSERVATION: ('You arrive at drawer 1. The drawer 1 is closed.',) | ACTION: open drawer 1 | REWARD: 0.0 | REASONING: Let's think step by step. I need to find a knife, so I should open drawer 1 to inspect its contents. | progress: step_till_now: 0
127	goal: clean some ladle and put it in diningtable. | state: observation: ('You arrive at drawer 2. The drawer 2 is closed.',) | context: STEP 0: OBSERVATION: -= Welcome to TextWorld, ALFRED! =-\n\nYou are in the middle of a room. Looking quickly around you, you see a cabinet 2, a cabinet 1, a coffeemachine 1, a countertop 3, a countertop 2, a countertop 1, a diningtable 1, a drawer 6, a drawer 5, a drawer 4, a drawer 3, a drawer 2, a drawer 1, a fridge 1, a garbagecan 1, a microwave 1, a sinkbasin 1, a stoveburner 4, a stoveburner 3, a stoveburner 2, a stoveburner 1, and a toaster 1.\n | ACTION: go to drawer 1 | REWARD: 0.0 | REASONING: Let's think step by step. I need to locate the ladle before I can clean it. The ladle is likely stored in a drawer or cabinet. I will start by checking drawer 1, which is one of the drawers in the room. This is a reasonable first exploratory step to find the ladle.\nSTEP 1: OBSERVATION: ('You arrive at drawer 1. The drawer 1 is closed.',) | ACTION: open drawer 1 | REWARD: 0.0 | REASONING: Let's think step by step. I am currently at drawer 1, which is closed. To see if the ladle is inside, I need to open it. Opening the drawer will reveal its contents and allow me to locate the ladle if it is there. This is the most direct next step toward finding and cleaning the ladle.\nSTEP 2: OBSERVATION: ('You open the drawer 1. The drawer 1 is open. In it, you see nothing.',) | ACTION: go to drawer 2 | REWARD: 0.0 | REASONING: Let's think step by step. The ladle is not in drawer 1, so I need to search other potential locations. The next logical step is to inspect another drawer, such as drawer 2, to see if the ladle is there. | progress: step_till_now: 0
128	goal: clean some soapbar and put it in drawer. | state: observation: ('You arrive at bathtubbasin 1. On the bathtubbasin 1, you see nothing.',) | context: STEP 8: OBSERVATION: ('You arrive at drawer 1. The drawer 1 is open. In it, you see nothing.',) | ACTION: go to sinkbasin 1 | REWARD: 0.0 | REASONING: Let's think step by step. I am currently at drawer 1, which is open and empty. I need to find a soapbar to clean and put it in a drawer. The most likely place to find a soapbar is near the sink or bathtub. I will go to sinkbasin 1 to search for a soapbar.\nSTEP 9: OBSERVATION: ('You arrive at sinkbasin 1. On the sinkbasin 1, you see nothing.',) | ACTION: go to drawer 2 | REWARD: 0.0 | REASONING: Let's think step by step. I am at sinkbasin 1 and it is empty. I need to find a soapbar to clean and put in a drawer. The next logical place to search is another drawer, such as drawer 2, which may contain a soapbar. I will go to drawer 2.\nSTEP 10: OBSERVATION: ('You arrive at drawer 2. The drawer 2 is open. In it, you see a soapbottle 2.',) | ACTION: go to bathtubbasin 1 | REWARD: 0.0 | REASONING: Let's think step by step. I need to find a soapbar to clean and put in a drawer. The current drawer 2 contains a soapbottle, not a soapbar. I should search other locations that might hold a soapbar. The bathtubbasin is a likely place to find a soapbar, so I will go there next. | progress: step_till_now: 0
129	goal: clean some dishsponge and put it in shelf. | state: observation: ('You arrive at cart 1. On the cart 1, you see a soapbottle 2, a spraybottle 2, and a spraybottle 1.',) | context: STEP 1: OBSERVATION: ('You are in the middle of a room. Looking quickly around you, you see nothing.',) | ACTION: go to sinkbasin 1 | REWARD: 0.0 | REASONING: Let's think step by step. I need to find a dishsponge to clean and then put it on a shelf. The current observation shows nothing in the middle of the room, so I should move to a location where a dishsponge is likely to be, such as the sinkbasin. Going to the sinkbasin will allow me to see if a dishsponge is present and then I can clean it.\nSTEP 2: OBSERVATION: ('You arrive at sinkbasin 1. On the sinkbasin 1, you see nothing.',) | ACTION: look | REWARD: 0.0 | REASONING: Fallback: structured parsing failed, using look action\nSTEP 3: OBSERVATION: ('You are facing the sinkbasin 1. Next to it, you see nothing.',) | ACTION: go to cart 1 | REWARD: 0.0 | REASONING: Let's think step by step. I need to find a dishsponge to clean and then put it on a shelf. I am currently at sinkbasin 1 and it contains nothing. The dishsponge is likely located in another receptacle such as the cart or garbagecan. I will move to the cart to search for the dishsponge. | progress: step_till_now: 0
130	"goal: put a clean mug in coffeemachine. | state: observation: ('This is a normal mug 1. In it, you see nothing.',) | context: STEP 5: OBSERVATION: ('You open the cabinet 2. The cabinet 2 is open. In it, you see a mug 1.',) | ACTION: take mug 1 from cabinet 2 | REWARD: 0.0 | REASONING: Let's think step by step. I am currently at cabinet 2, which is open, and I see a mug 1. The goal is to put a clean mug in the coffeemachine. I need to first acquire the mug. The admissible action to pick up the mug is ""take mug 1 from cabinet 2"". This will give me the mug in my inventory, after which I can move to the coffeemachine to place it. Therefore, the best next action is to take the mug from cabinet 2.\nSTEP 6: OBSERVATION: ('You pick up the mug 1 from the cabinet 2.',) | ACTION: look | REWARD: 0.0 | REASONING: Fallback: structured parsing failed, using look action\nSTEP 7: OBSERVATION: ('You are facing the cabinet 2. Next to it, you see nothing.',) | ACTION: examine mug 1 | REWARD: 0.0 | REASONING: Let's think step by step. I have mug 1 in my inventory after taking it from cabinet 2. The goal is to put a clean mug in the coffeemachine. I need to confirm that the mug is clean before placing it. The only action that lets me inspect the mug is ""examine mug 1"". Therefore, I will examine the mug to verify its cleanliness before proceeding to the coffeemachine. | progress: step_till_now: 0"
131	goal: put a clean soapbar in garbagecan. | state: observation: ('You arrive at cabinet 4. The cabinet 4 is open. In it, you see a spraybottle 2.',) | context: STEP 11: OBSERVATION: ('You arrive at cabinet 1. The cabinet 1 is open. In it, you see nothing.',) | ACTION: go to cabinet 2 | REWARD: 0.0 | REASONING: Let's think step by step. I need to find a clean soapbar to put in the garbagecan. I have already searched cabinet 1 and cabinet 3, both empty. The next likely location for a soapbar is cabinet 2, which I have not inspected yet. Therefore I should go to cabinet 2 to look for a soapbar.\nSTEP 12: OBSERVATION: ('You arrive at cabinet 2. The cabinet 2 is open. In it, you see a candle 1, and a soapbottle 1.',) | ACTION: go to cabinet 3 | REWARD: 0.0 | REASONING: Let's think step by step. I need a clean soapbar to put in the garbagecan. Currently I am in cabinet 2, which contains a candle and a soapbottle, not a soapbar. I have not yet searched cabinet 3 or cabinet 4, which are the remaining likely locations for a soapbar. Therefore I should move to cabinet 3 to continue searching for the soapbar.\nSTEP 13: OBSERVATION: ('You arrive at cabinet 3. The cabinet 3 is open. In it, you see nothing.',) | ACTION: go to cabinet 4 | REWARD: 0.0 | REASONING: Let's think step by step. I have searched cabinets 1, 2, and 3 and found no soapbar. The remaining likely location for a soapbar is cabinet 4. I need to find a clean soapbar before I can put it in the garbagecan, so I should go to cabinet 4 to inspect its contents. | progress: step_till_now: 0
132	goal: clean some tomato and put it in garbagecan. | state: observation: ('On the garbagecan 1, you see a tomato 1.',) | context: STEP 10: OBSERVATION: ('On the garbagecan 1, you see a tomato 1.',) | ACTION: examine garbagecan 1 | REWARD: 0.0 | REASONING: Let's think step by step. The observation shows that a tomato is already present in the garbagecan, which satisfies the goal of cleaning and placing it there. Since there is no further action required to complete the task, I will simply re-examine the garbagecan to confirm its state.\nSTEP 11: OBSERVATION: ('On the garbagecan 1, you see a tomato 1.',) | ACTION: look | REWARD: 0.0 | REASONING: Let's think step by step. The goal is to clean a tomato and put it in the garbagecan. The current observation shows that a tomato is already in the garbagecan, and previous steps have confirmed this. Therefore the task is already satisfied. To simply confirm the state, I will perform a look action.\nSTEP 12: OBSERVATION: ('You are facing the garbagecan 1. Next to it, you see nothing.',) | ACTION: examine garbagecan 1 | REWARD: 0.0 | REASONING: Let's think step by step. The goal is to clean a tomato and put it in the garbagecan. The current observation shows that we are facing garbagecan 1 and nothing else is present. From the recent history, we already know that a tomato is inside the garbagecan and the task is effectively satisfied. To confirm the state and ensure the task is complete, I will examine the garbagecan again. | progress: step_till_now: 0
133	goal: put a clean cloth in toilet. | state: observation: -= Welcome to TextWorld, ALFRED! =-\n\nYou are in the middle of a room. Looking quickly around you, you see a bathtubbasin 1, a cabinet 4, a cabinet 3, a cabinet 2, a cabinet 1, a countertop 1, a drawer 4, a drawer 3, a drawer 2, a drawer 1, a dresser 1, a garbagecan 1, a handtowelholder 1, a sinkbasin 2, a sinkbasin 1, a toilet 1, a toiletpaperhanger 1, and a towelholder 1.\n | context:  | progress: step_till_now: 0
134	"goal: put a clean mug in coffeemachine. | state: observation: ('You are facing the cabinet 2. Next to it, you see nothing.',) | context: STEP 6: OBSERVATION: ('You pick up the mug 1 from the cabinet 2.',) | ACTION: look | REWARD: 0.0 | REASONING: Fallback: structured parsing failed, using look action\nSTEP 7: OBSERVATION: ('You are facing the cabinet 2. Next to it, you see nothing.',) | ACTION: examine mug 1 | REWARD: 0.0 | REASONING: Let's think step by step. I have mug 1 in my inventory after taking it from cabinet 2. The goal is to put a clean mug in the coffeemachine. I need to confirm that the mug is clean before placing it. The only action that lets me inspect the mug is ""examine mug 1"". Therefore, I will examine the mug to verify its cleanliness before proceeding to the coffeemachine.\nSTEP 8: OBSERVATION: ('This is a normal mug 1. In it, you see nothing.',) | ACTION: look | REWARD: 0.0 | REASONING: Fallback: structured parsing failed, using look action | progress: step_till_now: 0"
135	goal: clean some potato and put it in sidetable. | state: observation: ('You arrive at cabinet 3. The cabinet 3 is closed.',) | context: STEP 8: OBSERVATION: ('You arrive at cabinet 2. The cabinet 2 is closed.',) | ACTION: open cabinet 2 | REWARD: 0.0 | REASONING: Let's think step by step. I am currently at cabinet 2, which is closed. To find a potato, I need to inspect its contents. The logical next step is to open cabinet 2.\nSTEP 9: OBSERVATION: ('You open the cabinet 2. The cabinet 2 is open. In it, you see a dishsponge 1.',) | ACTION: go to fridge 1 | REWARD: 0.0 | REASONING: Let's think step by step. I am currently in cabinet 2, which is open and contains only a dishsponge. I need to find a potato to clean and then put it on the sidetable. The cabinet does not have a potato, so I should search other likely locations. The fridge is a common place to store potatoes. I will go to the fridge to look for a potato.\nSTEP 10: OBSERVATION: ('You arrive at fridge 1. The fridge 1 is open. In it, you see a bowl 2, a lettuce 2, and a tomato 1.',) | ACTION: go to cabinet 3 | REWARD: 0.0 | REASONING: Let's think step by step. The fridge is open but contains no potato, only a bowl, lettuce, and tomato. To find a potato, I need to search other likely locations. The next logical place to look is cabinet 3, which may hold a potato. I will go to cabinet 3 to continue searching for the potato. | progress: step_till_now: 0
136	goal: put a clean ladle in cabinet. | state: observation: -= Welcome to TextWorld, ALFRED! =-\n\nYou are in the middle of a room. Looking quickly around you, you see a cabinet 27, a cabinet 26, a cabinet 25, a cabinet 24, a cabinet 23, a cabinet 22, a cabinet 21, a cabinet 20, a cabinet 19, a cabinet 18, a cabinet 17, a cabinet 16, a cabinet 15, a cabinet 14, a cabinet 13, a cabinet 12, a cabinet 11, a cabinet 10, a cabinet 9, a cabinet 8, a cabinet 7, a cabinet 6, a cabinet 5, a cabinet 4, a cabinet 3, a cabinet 2, a cabinet 1, a coffeemachine 1, a countertop 2, a countertop 1, a diningtable 1, a drawer 12, a drawer 11, a drawer 10, a drawer 9, a drawer 8, a drawer 7, a drawer 6, a drawer 5, a drawer 4, a drawer 3, a drawer 2, a drawer 1, a fridge 1, a garbagecan 1, a microwave 1, a sinkbasin 1, a stoveburner 4, a stoveburner 3, a stoveburner 2, a stoveburner 1, and a toaster 1.\n | context:  | progress: step_till_now: 0
137	goal: put a clean potato in garbagecan. | state: observation: ('You arrive at cabinet 20. On the cabinet 20, you see a peppershaker 1.',) | context: STEP 7: OBSERVATION: ('You open the cabinet 3. The cabinet 3 is open. In it, you see nothing.',) | ACTION: go to fridge 1 | REWARD: 0.0 | REASONING: Let's think step by step. I have opened cabinet 3 and found nothing. I still need to locate a potato to clean and then put it in the garbagecan. The most common place for a potato is the fridge or a cabinet. I have already checked cabinet 3, 2, and 20. The next logical step is to search the fridge for a potato. Therefore I will go to fridge 1.\nSTEP 8: OBSERVATION: ('You arrive at fridge 1. The fridge 1 is open. In it, you see a apple 1, and a lettuce 1.',) | ACTION: go to cabinet 1 | REWARD: 0.0 | REASONING: Let's think step by step. I need to find a potato to clean and then put it in the garbagecan. I have already checked the fridge and cabinets 3, 2, and 20, none of which contained a potato. The next logical place to search is cabinet 1, which has not yet been inspected. I will go to cabinet 1 to continue searching for the potato.\nSTEP 9: OBSERVATION: ('You arrive at cabinet 1. On the cabinet 1, you see nothing.',) | ACTION: go to cabinet 20 | REWARD: 0.0 | REASONING: Let's think step by step. I have searched cabinet 3, fridge 1, and cabinet 1, but found no potato. The next logical place to search is cabinet 20, which has not yet been inspected. I will go to cabinet 20 to continue searching for a potato. | progress: step_till_now: 0
138	goal: clean some ladle and put it in diningtable. | state: observation: ('The drawer 3 is open. In it, you see nothing.',) | context: STEP 10: OBSERVATION: ('You arrive at drawer 6. The drawer 6 is closed.',) | ACTION: open drawer 6 | REWARD: 0.0 | REASONING: Let's think step by step. I am currently at drawer 6, which is closed. To determine if the ladle is inside, I need to open it. Opening the drawer will reveal its contents and allow me to locate the ladle if it is there.\nSTEP 11: OBSERVATION: ('You open the drawer 6. The drawer 6 is open. In it, you see nothing.',) | ACTION: go to drawer 4 | REWARD: 0.0 | REASONING: Let's think step by step. I have opened drawer 6 and found it empty, so the ladle is not there. I still need to locate the ladle before I can clean it and place it on the dining table. The next logical step is to inspect another drawer that hasn't been checked yet. Drawer 4 is a good candidate to search next.\nSTEP 12: OBSERVATION: ('You arrive at drawer 4. The drawer 4 is open. In it, you see nothing.',) | ACTION: examine drawer 3 | REWARD: 0.0 | REASONING: Let's think step by step. I have just inspected drawer 4 and found it empty. The ladle has not been found yet, so I need to continue searching. The next uninspected drawer is drawer 3. I can examine it to see if the ladle is inside. This is the most direct next step toward locating the ladle. | progress: step_till_now: 0
139	goal: clean some spoon and put it in diningtable. | state: observation: -= Welcome to TextWorld, ALFRED! =-\n\nYou are in the middle of a room. Looking quickly around you, you see a cabinet 4, a cabinet 3, a cabinet 2, a cabinet 1, a coffeemachine 1, a countertop 1, a diningtable 3, a diningtable 2, a diningtable 1, a drawer 1, a fridge 1, a garbagecan 1, a microwave 1, a sidetable 1, a sinkbasin 1, a stoveburner 4, a stoveburner 3, a stoveburner 2, a stoveburner 1, and a toaster 1.\n | context:  | progress: step_till_now: 0
140	goal: put a clean bowl in shelf. | state: observation: ('On the shelf 1, you see a bowl 1.',) | context: STEP 4: OBSERVATION: ('You arrive at shelf 1. On the shelf 1, you see nothing.',) | ACTION: move bowl 1 to shelf 1 | REWARD: 0.0 | REASONING: Let's think step by step. I have bowl 1 in my inventory and I am currently at shelf 1, which is empty. The goal is to put a clean bowl on a shelf. The appropriate action to place the bowl onto the shelf is 'move bowl 1 to shelf 1'.\nSTEP 5: OBSERVATION: ('You move the bowl 1 to the shelf 1.',) | ACTION: look | REWARD: 0.0 | REASONING: Let's think step by step. The goal is to put a clean bowl in a shelf. The last observation indicates that I have successfully moved bowl 1 onto shelf 1. To confirm the task is completed and to observe the current state, I will perform a look action.\nSTEP 6: OBSERVATION: ('You are facing the shelf 1. Next to it, you see nothing.',) | ACTION: examine shelf 1 | REWARD: 0.0 | REASONING: Let's think step by step. The goal is to put a clean bowl in a shelf. From the recent history, I already moved bowl 1 onto shelf 1. The current observation shows that I am facing shelf 1 and nothing is next to it, which indicates the bowl is on the shelf. To confirm the task is completed, I can examine the shelf to see the bowl. This is a safe action that does not alter the state and verifies the goal. | progress: step_till_now: 0
141	"goal: put a clean mug in coffeemachine. | state: observation: ('You move the mug 1 to the coffeemachine 1.',) | context: STEP 3: OBSERVATION: ('You are facing the fridge 1. Next to it, you see nothing.',) | ACTION: take mug 1 from fridge 1 | REWARD: 0.0 | REASONING: Let's think step by step. I need a clean mug to put in the coffeemachine. The fridge contains a mug, and I can take it from the fridge. The next logical action is to take the mug from the fridge.\nSTEP 4: OBSERVATION: ('You pick up the mug 1 from the fridge 1.',) | ACTION: go to coffeemachine 1 | REWARD: 0.0 | REASONING: Let's think step by step. I have picked up mug 1 from the fridge and it is presumably clean. The goal is to put a clean mug in the coffeemachine. I need to move to the coffeemachine to place the mug there. The next logical action is to go to coffeemachine 1.\nSTEP 5: OBSERVATION: ('You arrive at coffeemachine 1. On the coffeemachine 1, you see a mug 3.',) | ACTION: move mug 1 to coffeemachine 1 | REWARD: 0.0 | REASONING: Let's think step by step. I have mug 1 in my inventory, which is clean. The goal is to put a clean mug in the coffeemachine. The coffeemachine currently contains mug 3, but that doesn't prevent adding another mug. The admissible action that directly places mug 1 into the coffeemachine is ""move mug 1 to coffeemachine 1"". This will satisfy the goal. | progress: step_till_now: 0"
142	"goal: clean some bowl and put it in fridge. | state: observation: ('You are facing the fridge 1. Next to it, you see nothing.',) | context: STEP 3: OBSERVATION: ('You pick up the bowl 3 from the diningtable 2.',) | ACTION: go to fridge 1 | REWARD: 0.0 | REASONING: Let's think step by step. I have already picked up bowl 3 from diningtable 2. The goal is to clean the bowl and put it in the fridge. Since I cannot directly clean or place the bowl with the available actions, the next logical step is to move to the fridge so that I can eventually put the bowl there. I will go to fridge 1.\nSTEP 4: OBSERVATION: ('You arrive at fridge 1. The fridge 1 is closed.',) | ACTION: cool bowl 3 with fridge 1 | REWARD: 0.0 | REASONING: Let's think step by step. I have the bowl 3 in my inventory and the fridge 1 is closed. The goal is to clean the bowl and put it in the fridge. The only action that involves both cleaning and interacting with the fridge is ""cool bowl 3 with fridge 1"". Performing this action will clean the bowl and place it inside the fridge, satisfying the goal.\nSTEP 5: OBSERVATION: ('You cool the bowl 3 using the fridge 1.',) | ACTION: look | REWARD: 0.0 | REASONING: Let's think step by step. I have just cooled bowl 3 with fridge 1, which cleans the bowl and places it inside the fridge, satisfying the goal of cleaning a bowl and putting it in the fridge. To confirm the state, I will look around. | progress: step_till_now: 0"
143	"goal: clean some potato and put it in microwave. | state: observation: ('You pick up the potato 2 from the fridge 1.',) | context: STEP 1: OBSERVATION: ('You are in the middle of a room. Looking quickly around you, you see nothing.',) | ACTION: go to fridge 1 | REWARD: 0.0 | REASONING: Let's think step by step. I need to locate a potato in the environment before I can clean it and put it in the microwave. The observation says I see nothing in the middle of the room, so I should move to a location that might contain food items, such as the fridge. I will go to fridge 1 to search for a potato.\nSTEP 2: OBSERVATION: ('You arrive at fridge 1. The fridge 1 is closed.',) | ACTION: open fridge 1 | REWARD: 0.0 | REASONING: Let's think step by step. I need to find a potato to clean and put in the microwave. The fridge is closed, so I should open it to see its contents.\nSTEP 3: OBSERVATION: ('You open the fridge 1. The fridge 1 is open. In it, you see a apple 2, a lettuce 1, a mug 1, a pan 2, and a potato 2.',) | ACTION: take potato 2 from fridge 1 | REWARD: 0.0 | REASONING: Let's think step by step. I need to clean a potato and put it in the microwave. The potato 2 is currently inside the open fridge 1. I should first take the potato out of the fridge so I can clean it. The admissible action to do that is ""take potato 2 from fridge 1"". | progress: step_till_now: 0"
144	goal: clean some lettuce and put it in fridge. | state: observation: ('You pick up the lettuce 1 from the fridge 1.',) | context: STEP 1: OBSERVATION: ('You arrive at fridge 1. The fridge 1 is closed.',) | ACTION: look | REWARD: 0.0 | REASONING: Fallback: structured parsing failed, using look action\nSTEP 2: OBSERVATION: ('You are facing the fridge 1. Next to it, you see nothing.',) | ACTION: open fridge 1 | REWARD: 0.0 | REASONING: Let's think step by step. I am currently facing fridge 1 and it is closed. To find and clean lettuce, I need to inspect its contents. Opening the fridge will allow me to see if lettuce is present and then proceed to clean it.\nSTEP 3: OBSERVATION: ('You open the fridge 1. The fridge 1 is open. In it, you see a cup 1, a lettuce 1, and a mug 1.',) | ACTION: take lettuce 1 from fridge 1 | REWARD: 0.0 | REASONING: Let's think step by step. I need to get the lettuce out of the fridge to clean it. The fridge is open and contains lettuce 1. I should take it from the fridge. | progress: step_till_now: 0
145	goal: clean some dishsponge and put it in shelf. | state: observation: ('You arrive at cart 1. On the cart 1, you see a soapbottle 2, a spraybottle 2, and a spraybottle 1.',) | context: STEP 7: OBSERVATION: ('You arrive at shelf 1. On the shelf 1, you see a candle 3, a papertowelroll 1, a spraybottle 3, and a toiletpaper 1.',) | ACTION: look | REWARD: 0.0 | REASONING: Fallback: structured parsing failed, using look action\nSTEP 8: OBSERVATION: ('You are facing the shelf 1. Next to it, you see nothing.',) | ACTION: go to sinkbasin 1 | REWARD: 0.0 | REASONING: Let's think step by step. I need to find a dishsponge to clean and then put it on a shelf. I am currently at shelf 1 and there is no dishsponge here. The next logical place to search for a dishsponge is the sinkbasin 1, where cleaning supplies are often stored. I will go to sinkbasin 1 to look for a dishsponge.\nSTEP 9: OBSERVATION: ('You arrive at sinkbasin 1. On the sinkbasin 1, you see nothing.',) | ACTION: go to cart 1 | REWARD: 0.0 | REASONING: Let's think step by step. I am at sinkbasin 1 and see nothing. I need to locate a dishsponge to clean and then put it on a shelf. The cart is a common place for cleaning supplies, so I will go to cart 1 to search for a dishsponge. | progress: step_till_now: 0
146	goal: clean some potato and put it in diningtable. | state: observation: -= Welcome to TextWorld, ALFRED! =-\n\nYou are in the middle of a room. Looking quickly around you, you see a cabinet 2, a cabinet 1, a coffeemachine 1, a countertop 3, a countertop 2, a countertop 1, a diningtable 1, a drawer 6, a drawer 5, a drawer 4, a drawer 3, a drawer 2, a drawer 1, a fridge 1, a garbagecan 1, a microwave 1, a sinkbasin 1, a stoveburner 4, a stoveburner 3, a stoveburner 2, a stoveburner 1, and a toaster 1.\n | context:  | progress: step_till_now: 0
147	goal: put a clean butterknife in countertop. | state: observation: ('You arrive at drawer 1. The drawer 1 is closed.',) | context: STEP 0: OBSERVATION: -= Welcome to TextWorld, ALFRED! =-\n\nYou are in the middle of a room. Looking quickly around you, you see a cabinet 13, a cabinet 12, a cabinet 11, a cabinet 10, a cabinet 9, a cabinet 8, a cabinet 7, a cabinet 6, a cabinet 5, a cabinet 4, a cabinet 3, a cabinet 2, a cabinet 1, a coffeemachine 1, a countertop 1, a drawer 5, a drawer 4, a drawer 3, a drawer 2, a drawer 1, a fridge 1, a garbagecan 1, a microwave 1, a sinkbasin 1, a stoveburner 4, a stoveburner 3, a stoveburner 2, a stoveburner 1, and a toaster 1.\n | ACTION: go to drawer 1 | REWARD: 0.0 | REASONING: Let's think step by step. I need to find a clean butterknife. The most likely place to find utensils is in a drawer. I will go to drawer 1 to inspect its contents. | progress: step_till_now: 0
148	goal: clean some soapbar and put it in garbagecan. | state: observation: ('You arrive at shelf 1. On the shelf 1, you see a tissuebox 1, and a toiletpaper 1.',) | context: STEP 4: OBSERVATION: ('You arrive at sinkbasin 1. On the sinkbasin 1, you see nothing.',) | ACTION: go to handtowelholder 1 | REWARD: 0.0 | REASONING: Let's think step by step. I need to locate a soapbar to clean and dispose of it. The sinkbasin is empty, and the bathtubbasin only had cloths. The soapbar might be in another bathroom receptacle such as the handtowelholder. I will go to handtowelholder 1 to search for the soapbar.\nSTEP 5: OBSERVATION: ('You arrive at handtowelholder 1. On the handtowelholder 1, you see a handtowel 1.',) | ACTION: go to shelf 2 | REWARD: 0.0 | REASONING: Let's think step by step. I have searched the handtowelholder, bathtubbasin, and sinkbasin, but no soapbar was found. The remaining likely locations are the other shelves (shelf 2 or shelf 3). I will go to shelf 2 to look for the soapbar.\nSTEP 6: OBSERVATION: ('You arrive at shelf 2. On the shelf 2, you see a toiletpaper 2.',) | ACTION: go to shelf 1 | REWARD: 0.0 | REASONING: Let's think step by step. I need to locate a soapbar to clean and dispose of it. The current shelf 2 only has toiletpaper 2, so the soapbar is not there. I should search other likely locations. The next logical step is to go to shelf 1 to check for the soapbar. | progress: step_till_now: 0
149	goal: put a clean ladle in cabinet. | state: observation: ('You arrive at cabinet 2. The cabinet 2 is closed.',) | context: STEP 7: OBSERVATION: ('You open the drawer 4. The drawer 4 is open. In it, you see nothing.',) | ACTION: go to cabinet 1 | REWARD: 0.0 | REASONING: Let's think step by step. I have opened drawer 4 and found it empty, so the clean ladle is not there. I need to search other locations. The next logical step is to move to a cabinet where the ladle might be stored. I will go to cabinet 1 to continue searching for the clean ladle.\nSTEP 8: OBSERVATION: ('You arrive at cabinet 1. The cabinet 1 is closed.',) | ACTION: open cabinet 1 | REWARD: 0.0 | REASONING: Let's think step by step. I am currently at cabinet 1, which is closed. To locate a clean ladle, I need to inspect the contents of this cabinet. The only way to see inside is to open it. Therefore, I should open cabinet 1.\nSTEP 9: OBSERVATION: ('You open the cabinet 1. The cabinet 1 is open. In it, you see nothing.',) | ACTION: go to cabinet 2 | REWARD: 0.0 | REASONING: Let's think step by step. I have opened cabinet 1 and found it empty, so the clean ladle is not there. I need to search other locations. The next logical step is to move to another cabinet where the ladle might be stored. I will go to cabinet 2 to continue searching for the clean ladle. | progress: step_till_now: 0
150	goal: clean some soapbar and put it in garbagecan. | state: observation: ('You are facing the shelf 3. Next to it, you see nothing.',) | context: STEP 9: OBSERVATION: ('You arrive at shelf 3. On the shelf 3, you see a soapbar 1, a spraybottle 1, and a tissuebox 2.',) | ACTION: look | REWARD: 0.0 | REASONING: Fallback: structured parsing failed, using look action\nSTEP 10: OBSERVATION: ('You are facing the shelf 3. Next to it, you see nothing.',) | ACTION: take soapbar 1 from shelf 3 | REWARD: 0.0 | REASONING: Let's think step by step. I need to acquire the soapbar to clean it and discard it. The observation indicates I am at shelf 3, and the admissible actions include taking soapbar 1 from shelf 3. I will take it.\nSTEP 11: OBSERVATION: ('You pick up the soapbar 1 from the shelf 3.',) | ACTION: look | REWARD: 0.0 | REASONING: Fallback: structured parsing failed, using look action | progress: step_till_now: 0
151	goal: clean some pan and put it in fridge. | state: observation: ('You open the cabinet 2. The cabinet 2 is open. In it, you see nothing.',) | context: STEP 5: OBSERVATION: ('You arrive at drawer 2. The drawer 2 is closed.',) | ACTION: open drawer 2 | REWARD: 0.0 | REASONING: Let's think step by step. I am currently at drawer 2, which is closed. To see if there is a pan inside, I need to open it. Opening the drawer will reveal its contents, allowing me to locate a pan for cleaning and later placing it in the fridge.\nSTEP 6: OBSERVATION: ('You open the drawer 2. The drawer 2 is open. In it, you see nothing.',) | ACTION: go to cabinet 2 | REWARD: 0.0 | REASONING: Let's think step by step. The drawer 2 is open but empty, so no pan is found there. To locate a pan, I should explore other storage locations. Cabinets are common places for pans, and I have not yet visited cabinet 2. Therefore, I will go to cabinet 2 to search for a pan.\nSTEP 7: OBSERVATION: ('You arrive at cabinet 2. The cabinet 2 is closed.',) | ACTION: open cabinet 2 | REWARD: 0.0 | REASONING: Let's think step by step. I am currently at cabinet 2 and it is closed. To see if there is a pan inside, I need to open it. Opening the cabinet will reveal its contents, allowing me to locate a pan for cleaning and later placing it in the fridge. | progress: step_till_now: 0
152	goal: clean some butterknife and put it in countertop. | state: observation: ('You arrive at cabinet 1. The cabinet 1 is closed.',) | context: STEP 0: OBSERVATION: -= Welcome to TextWorld, ALFRED! =-\n\nYou are in the middle of a room. Looking quickly around you, you see a cabinet 19, a cabinet 18, a cabinet 17, a cabinet 16, a cabinet 15, a cabinet 14, a cabinet 13, a cabinet 12, a cabinet 11, a cabinet 10, a cabinet 9, a cabinet 8, a cabinet 7, a cabinet 6, a cabinet 5, a cabinet 4, a cabinet 3, a cabinet 2, a cabinet 1, a coffeemachine 1, a countertop 3, a countertop 2, a countertop 1, a drawer 4, a drawer 3, a drawer 2, a drawer 1, a fridge 1, a garbagecan 1, a microwave 1, a sinkbasin 1, a stoveburner 4, a stoveburner 3, a stoveburner 2, a stoveburner 1, and a toaster 1.\n | ACTION: go to cabinet 1 | REWARD: 0.0 | REASONING: Let's think step by step. I need to locate a butterknife to clean it and then place it on a countertop. The butter knife is likely stored in a cabinet or drawer. I will start by exploring a cabinet, such as cabinet 1, to see if it contains a butterknife. This is a safe exploratory action that will bring me closer to the object needed for the task. | progress: step_till_now: 0
153	goal: clean some soapbar and put it in drawer. | state: observation: ('You arrive at drawer 1. The drawer 1 is closed.',) | context: STEP 0: OBSERVATION: -= Welcome to TextWorld, ALFRED! =-\n\nYou are in the middle of a room. Looking quickly around you, you see a bathtubbasin 1, a countertop 1, a drawer 8, a drawer 7, a drawer 6, a drawer 5, a drawer 4, a drawer 3, a drawer 2, a drawer 1, a garbagecan 1, a handtowelholder 1, a sinkbasin 1, a toilet 1, a toiletpaperhanger 1, a towelholder 2, and a towelholder 1.\n | ACTION: look | REWARD: 0.0 | REASONING: Let's think step by step. I need to locate the soapbar before I can clean it. The current observation lists many objects but no soapbar is mentioned. I should look around to see if any soapbar is present in the room or in a receptacle. The only action that allows me to inspect the environment is 'look'.\nSTEP 1: OBSERVATION: ('You are in the middle of a room. Looking quickly around you, you see nothing.',) | ACTION: go to sinkbasin 1 | REWARD: 0.0 | REASONING: Let's think step by step. I need to locate a soapbar to clean it. The current observation shows nothing in the room, so I should inspect a receptacle that might contain a soapbar. The sinkbasin is a common place for soapbars, so I will go there to look for one.\nSTEP 2: OBSERVATION: ('You arrive at sinkbasin 1. On the sinkbasin 1, you see nothing.',) | ACTION: go to drawer 1 | REWARD: 0.0 | REASONING: Let's think step by step. I have searched the sinkbasin and found nothing. The soapbar must be in another receptacle. The most common place for a soapbar is a drawer. I will go to drawer 1 to look for it. | progress: step_till_now: 0
154	goal: clean some potato and put it in microwave. | state: observation: ('You open the cabinet 2. The cabinet 2 is open. In it, you see a saltshaker 1.',) | context: STEP 10: OBSERVATION: ('You arrive at cabinet 1. The cabinet 1 is open. In it, you see nothing.',) | ACTION: go to cabinet 2 | REWARD: 0.0 | REASONING: Let's think step by step. I have already searched cabinet 1, drawer 1, drawer 2, and fridge 1, all of which did not contain a potato. The next logical place to look for produce is another cabinet. I will go to cabinet 2 to continue searching for a potato to clean and put in the microwave.\nSTEP 11: OBSERVATION: ('You arrive at cabinet 2. The cabinet 2 is closed.',) | ACTION: look | REWARD: 0.0 | REASONING: Fallback: structured parsing failed, using look action\nSTEP 12: OBSERVATION: ('You are facing the cabinet 2. Next to it, you see nothing.',) | ACTION: open cabinet 2 | REWARD: 0.0 | REASONING: Let's think step by step. I am currently facing cabinet 2, which is closed and contains nothing visible. To search for a potato inside, I need to open the cabinet. The next logical action is to open cabinet 2. | progress: step_till_now: 0
155	goal: clean some bowl and put it in microwave. | state: observation: ('You arrive at drawer 1. The drawer 1 is open. In it, you see nothing.',) | context: STEP 6: OBSERVATION: ('You open the cabinet 2. The cabinet 2 is open. In it, you see a ladle 1.',) | ACTION: go to countertop 1 | REWARD: 0.0 | REASONING: Let's think step by step. I am currently at cabinet 2, which is open, and I see a ladle 1. I need to find a bowl to clean and put in the microwave. The cabinet does not contain a bowl, so I should move to a location that might hold a bowl, such as a countertop. I will go to countertop 1 to search for a bowl.\nSTEP 7: OBSERVATION: ('You arrive at countertop 1. On the countertop 1, you see a houseplant 1, a mug 1, a saltshaker 1, and a tomato 1.',) | ACTION: go to cabinet 1 | REWARD: 0.0 | REASONING: Let's think step by step. I need to find a bowl to clean and put in the microwave. The countertop 1 has no bowl, so I should search other locations. A common place for bowls is a cabinet. I will go to cabinet 1 to look for a bowl.\nSTEP 8: OBSERVATION: ('You arrive at cabinet 1. The cabinet 1 is open. In it, you see nothing.',) | ACTION: go to drawer 1 | REWARD: 0.0 | REASONING: Let's think step by step. I am currently at cabinet 1, which is open and empty. I still need to find a bowl to clean and put in the microwave. The next logical step is to search a location that might contain a bowl, such as a drawer. I will go to drawer 1 to look for a bowl. | progress: step_till_now: 0
156	goal: clean some bowl and put it in shelf. | state: observation: ('You arrive at cabinet 3. The cabinet 3 is closed.',) | context: STEP 7: OBSERVATION: ('You arrive at cabinet 2. The cabinet 2 is closed.',) | ACTION: open cabinet 2 | REWARD: 0.0 | REASONING: Let's think step by step. I am currently at cabinet 2, which is closed. I need to find a bowl to clean and then put it on a shelf. The first step is to open cabinet 2 to see its contents. This will allow me to locate a bowl if it is inside. Therefore, I will open cabinet 2.\nSTEP 8: OBSERVATION: ('You open the cabinet 2. The cabinet 2 is open. In it, you see nothing.',) | ACTION: go to countertop 1 | REWARD: 0.0 | REASONING: Let's think step by step. I have opened cabinet 2 and found it empty, so I still need to locate a bowl to clean and then place it on a shelf. The next logical step is to search a location that is likely to contain a bowl, such as a countertop. I will go to countertop 1 to look for a bowl.\nSTEP 9: OBSERVATION: ('You arrive at countertop 1. On the countertop 1, you see a fork 1, and a spoon 1.',) | ACTION: go to cabinet 3 | REWARD: 0.0 | REASONING: Let's think step by step. I am currently at countertop 1 and only see a fork and a spoon, no bowl to clean. I need to find a bowl, so I should move to a location that might contain a bowl. A cabinet is a good place to check. I will go to cabinet 3 next. | progress: step_till_now: 0
157	goal: put a clean plate in shelf. | state: observation: ('You arrive at cabinet 4. The cabinet 4 is closed.',) | context: STEP 7: OBSERVATION: ('You arrive at countertop 1. On the countertop 1, you see a butterknife 2, a cup 1, a dishsponge 1, a fork 1, a knife 2, a knife 1, a mug 1, a saltshaker 3, a soapbottle 1, a spatula 2, a spatula 1, and a spoon 2.',) | ACTION: go to cabinet 3 | REWARD: 0.0 | REASONING: Let's think step by step. I need a clean plate to put on a shelf, but I currently see no plates on the countertop. I have already checked cabinet 1 (empty) and cabinet 2 (only a bowl). The next logical place to search for a plate is another cabinet, such as cabinet 3. I will navigate to cabinet 3 to look for a clean plate.\nSTEP 8: OBSERVATION: ('You arrive at cabinet 3. The cabinet 3 is closed.',) | ACTION: open cabinet 3 | REWARD: 0.0 | REASONING: Let's think step by step. I am currently at cabinet 3, which is closed. I need to find a clean plate to put on a shelf. The only way to see if there is a plate inside cabinet 3 is to open it. Therefore, the best next action is to open cabinet 3.\nSTEP 9: OBSERVATION: ('You open the cabinet 3. The cabinet 3 is open. In it, you see nothing.',) | ACTION: go to cabinet 4 | REWARD: 0.0 | REASONING: Let's think step by step. I have opened cabinet 3 and found it empty, so I still need to locate a clean plate. The next logical step is to search another cabinet that might contain plates. I will go to cabinet 4 to continue the search. | progress: step_till_now: 0
158	goal: clean some bowl and put it in shelf. | state: observation: ('You open the cabinet 1. The cabinet 1 is open. In it, you see a kettle 1.',) | context: STEP 1: OBSERVATION: ('You are in the middle of a room. Looking quickly around you, you see nothing.',) | ACTION: go to countertop 1 | REWARD: 0.0 | REASONING: Let's think step by step. I am currently in the middle of a room and see nothing. I need to find a bowl to clean and then put it on a shelf. The most likely places to find a bowl are on a countertop, in a cabinet, or in a drawer. I will start by going to a countertop to look for a bowl there.\nSTEP 2: OBSERVATION: ('You arrive at countertop 1. On the countertop 1, you see a fork 1, and a spoon 1.',) | ACTION: go to cabinet 1 | REWARD: 0.0 | REASONING: Let's think step by step. I need to find a bowl to clean and then put it on a shelf. Currently I am at countertop 1 and only see a fork and a spoon. No bowl is present. The next step is to search for a bowl in nearby locations such as cabinets or drawers. I will go to cabinet 1, which is likely close to the countertop, to inspect its contents for a bowl.\nSTEP 3: OBSERVATION: ('You arrive at cabinet 1. The cabinet 1 is closed.',) | ACTION: open cabinet 1 | REWARD: 0.0 | REASONING: Let's think step by step. I am currently at cabinet 1, which is closed. I need to find a bowl to clean and then put it on a shelf. The only way to see if a bowl is inside this cabinet is to open it. Therefore, I should open cabinet 1. | progress: step_till_now: 0
159	goal: clean some potato and put it in microwave. | state: observation: ('You open the drawer 2. The drawer 2 is open. In it, you see a pencil 1.',) | context: STEP 4: OBSERVATION: ('You arrive at cabinet 1. The cabinet 1 is closed.',) | ACTION: open cabinet 1 | REWARD: 0.0 | REASONING: Let's think step by step. I am currently at cabinet 1, which is closed. To find a potato, I need to inspect the contents of the cabinet. The only logical action is to open the cabinet to see what is inside.\nSTEP 5: OBSERVATION: ('You open the cabinet 1. The cabinet 1 is open. In it, you see nothing.',) | ACTION: go to drawer 2 | REWARD: 0.0 | REASONING: Let's think step by step. I have opened cabinet 1 and found nothing inside. I still need to locate a potato to clean and put in the microwave. The next logical place to search is another storage area that might contain food items. Drawer 2 is a common location for produce and is not yet inspected. I will go to drawer 2 to look for a potato.\nSTEP 6: OBSERVATION: ('You arrive at drawer 2. The drawer 2 is closed.',) | ACTION: open drawer 2 | REWARD: 0.0 | REASONING: Let's think step by step. I am at drawer 2, which is closed. To find a potato inside, I need to open it. Opening the drawer will reveal its contents and allow me to locate the potato for cleaning and putting in the microwave. | progress: step_till_now: 0
160	goal: clean some plate and put it in shelf. | state: observation: ('You open the drawer 1. The drawer 1 is open. In it, you see a spatula 1.',) | context: STEP 1: OBSERVATION: ('You arrive at cabinet 1. The cabinet 1 is closed.',) | ACTION: open cabinet 1 | REWARD: 0.0 | REASONING: Let's think step by step. I am at cabinet 1 which is closed. To find a plate I need to inspect its contents, so I should open it.\nSTEP 2: OBSERVATION: ('You open the cabinet 1. The cabinet 1 is open. In it, you see a vase 2.',) | ACTION: go to drawer 1 | REWARD: 0.0 | REASONING: Let's think step by step. I need to find a plate to clean and then put it on a shelf. The cabinet 1 only contains a vase, so I should search elsewhere. The most common place for plates is in a drawer. I will go to drawer 1 to look for a plate.\nSTEP 3: OBSERVATION: ('You arrive at drawer 1. The drawer 1 is closed.',) | ACTION: open drawer 1 | REWARD: 0.0 | REASONING: Let's think step by step. I am currently at drawer 1, which is closed. To find a plate inside, I need to open the drawer. Opening it will reveal its contents, allowing me to locate a plate for cleaning and later placing it on a shelf. | progress: step_till_now: 0
161	goal: cool some mug and put it in coffeemachine. | state: observation: ('You arrive at cabinet 1. The cabinet 1 is closed.',) | context: STEP 0: OBSERVATION: -= Welcome to TextWorld, ALFRED! =-\n\nYou are in the middle of a room. Looking quickly around you, you see a cabinet 2, a cabinet 1, a coffeemachine 1, a countertop 3, a countertop 2, a countertop 1, a diningtable 1, a drawer 6, a drawer 5, a drawer 4, a drawer 3, a drawer 2, a drawer 1, a fridge 1, a garbagecan 1, a microwave 1, a sinkbasin 1, a stoveburner 4, a stoveburner 3, a stoveburner 2, a stoveburner 1, and a toaster 1.\n | ACTION: look | REWARD: 0.0 | REASONING: Fallback: structured parsing failed, using look action\nSTEP 1: OBSERVATION: ('You are in the middle of a room. Looking quickly around you, you see nothing.',) | ACTION: go to cabinet 1 | REWARD: 0.0 | REASONING: Let's think step by step. I need to find a mug to cool and place in the coffeemachine. The only obvious place to find a mug is inside a cabinet. I will start by going to cabinet 1 to search for a mug. | progress: step_till_now: 0
162	goal: clean some potato and put it in sidetable. | state: observation: ('You arrive at fridge 1. The fridge 1 is open. In it, you see a bowl 2, a lettuce 2, and a tomato 1.',) | context: STEP 2: OBSERVATION: ('You open the fridge 1. The fridge 1 is open. In it, you see a bowl 2, a lettuce 2, and a tomato 1.',) | ACTION: go to drawer 1 | REWARD: 0.0 | REASONING: Let's think step by step. I need to find a potato to clean and then put it on the sidetable. The fridge does not contain a potato; it only has a bowl, lettuce, and tomato. Therefore, I should search other locations where a potato might be stored, such as the drawer. I will go to drawer 1 to look for a potato.\nSTEP 3: OBSERVATION: ('You arrive at drawer 1. The drawer 1 is closed.',) | ACTION: open drawer 1 | REWARD: 0.0 | REASONING: Let's think step by step. I am currently at drawer 1, which is closed. I need to find a potato to clean and then put it on the sidetable. The drawer is a potential location for a potato, so I should open it to see its contents.\nSTEP 4: OBSERVATION: ('You open the drawer 1. The drawer 1 is open. In it, you see a dishsponge 2, a fork 3, a fork 2, and a knife 2.',) | ACTION: go to fridge 1 | REWARD: 0.0 | REASONING: Let's think step by step. I need to find a potato to clean and then put it on the sidetable. The drawer I just opened contains no potato, so I should search another location where a potato might be stored. The fridge is a likely place to find a potato, and I have already opened it earlier. I will go to the fridge to look for a potato. | progress: step_till_now: 0
163	goal: put a cool apple in microwave. | state: observation: ('You are facing the fridge 1. Next to it, you see nothing.',) | context: STEP 3: OBSERVATION: ('You open the cabinet 1. The cabinet 1 is open. In it, you see nothing.',) | ACTION: go to fridge 1 | REWARD: 0.0 | REASONING: Let's think step by step. I have opened cabinet 1 and found nothing inside. To find an apple, I should move to a location that typically contains food, such as the fridge. I will go to fridge 1 to search for an apple.\nSTEP 4: OBSERVATION: ('You arrive at fridge 1. The fridge 1 is closed.',) | ACTION: open fridge 1 | REWARD: 0.0 | REASONING: Let's think step by step. I am currently at fridge 1, which is closed. To find an apple to cool, I need to inspect the contents of the fridge. The only way to see inside is to open it. Therefore I should open fridge 1.\nSTEP 5: OBSERVATION: ('You open the fridge 1. The fridge 1 is open. In it, you see a egg 1, a mug 2, a potato 3, a potato 2, a tomato 3, a tomato 2, and a tomato 1.',) | ACTION: look | REWARD: 0.0 | REASONING: Fallback: structured parsing failed, using look action | progress: step_till_now: 0
164	goal: put a cool mug in cabinet. | state: observation: ('You arrive at cabinet 2. The cabinet 2 is closed.',) | context: STEP 0: OBSERVATION: -= Welcome to TextWorld, ALFRED! =-\n\nYou are in the middle of a room. Looking quickly around you, you see a cabinet 9, a cabinet 8, a cabinet 7, a cabinet 6, a cabinet 5, a cabinet 4, a cabinet 3, a cabinet 2, a cabinet 1, a coffeemachine 1, a countertop 3, a countertop 2, a countertop 1, a drawer 9, a drawer 8, a drawer 7, a drawer 6, a drawer 5, a drawer 4, a drawer 3, a drawer 2, a drawer 1, a fridge 1, a garbagecan 1, a microwave 1, a shelf 3, a shelf 2, a shelf 1, a sinkbasin 1, a stoveburner 4, a stoveburner 3, a stoveburner 2, a stoveburner 1, and a toaster 1.\n | ACTION: go to cabinet 1 | REWARD: 0.0 | REASONING: Let's think step by step. I need to find a mug to cool and then put it in a cabinet. The first step is to locate a mug. Cabinets are likely to contain mugs, so I will go to cabinet 1 to inspect its contents.\nSTEP 1: OBSERVATION: ('You arrive at cabinet 1. The cabinet 1 is closed.',) | ACTION: open cabinet 1 | REWARD: 0.0 | REASONING: Let's think step by step. I need to inspect cabinet 1 to see if it contains a mug that I can cool and then put in a cabinet. The cabinet is currently closed, so I must open it first.\nSTEP 2: OBSERVATION: ('You open the cabinet 1. The cabinet 1 is open. In it, you see nothing.',) | ACTION: go to cabinet 2 | REWARD: 0.0 | REASONING: Let's think step by step. I have opened cabinet 1 and found nothing. I still need to find a mug to cool and then place it in a cabinet. The next logical step is to search another cabinet for a mug. I will go to cabinet 2 to continue the search. | progress: step_till_now: 0
165	"goal: put a cool lettuce in diningtable. | state: observation: ('You arrive at cabinet 1. The cabinet 1 is closed.',) | context: STEP 0: OBSERVATION: -= Welcome to TextWorld, ALFRED! =-\n\nYou are in the middle of a room. Looking quickly around you, you see a cabinet 23, a cabinet 22, a cabinet 21, a cabinet 20, a cabinet 19, a cabinet 18, a cabinet 17, a cabinet 16, a cabinet 15, a cabinet 14, a cabinet 13, a cabinet 12, a cabinet 11, a cabinet 10, a cabinet 9, a cabinet 8, a cabinet 7, a cabinet 6, a cabinet 5, a cabinet 4, a cabinet 3, a cabinet 2, a cabinet 1, a coffeemachine 1, a countertop 3, a countertop 2, a countertop 1, a diningtable 1, a drawer 4, a drawer 3, a drawer 2, a drawer 1, a fridge 1, a garbagecan 1, a microwave 1, a sinkbasin 1, a stoveburner 4, a stoveburner 3, a stoveburner 2, a stoveburner 1, and a toaster 1.\n | ACTION: go to fridge 1 | REWARD: 0.0 | REASONING: Let's think step by step. I need to locate the lettuce, cool it, and then place it on the diningtable. The most common location for lettuce is the fridge. So I should first navigate to the fridge to find and take the lettuce.\nSTEP 1: OBSERVATION: ('You arrive at fridge 1. The fridge 1 is closed.',) | ACTION: open fridge 1 | REWARD: 0.0 | REASONING: Let's think step by step. I am at fridge 1, which is closed. To find and take the lettuce, I need to open the fridge. The only action that allows me to see inside is ""open fridge 1"".\nSTEP 2: OBSERVATION: ('You open the fridge 1. The fridge 1 is open. In it, you see a apple 1, a egg 2, a egg 1, a tomato 3, a tomato 2, and a tomato 1.',) | ACTION: go to cabinet 1 | REWARD: 0.0 | REASONING: Let's think step by step. The goal is to put a cool lettuce on the diningtable. Currently the fridge is open but contains only an apple, eggs, and tomatoes, so no lettuce is visible there. We need to locate a lettuce first. A common place for lettuce is a cabinet or a countertop. To explore, I will go to cabinet 1 to see if it contains a lettuce. This is a safe exploratory action that may reveal the lettuce needed for the task. | progress: step_till_now: 0"
166	goal: put a cool mug in shelf. | state: observation: ('You pick up the mug 2 from the cabinet 7.',) | context: STEP 11: OBSERVATION: ('You open the cabinet 6. The cabinet 6 is open. In it, you see a cup 2.',) | ACTION: go to cabinet 7 | REWARD: 0.0 | REASONING: Let's think step by step. I have opened cabinet 6 and found a cup 2, but the task requires a mug. I need to locate a mug first. The next logical step is to search the remaining cabinets, starting with cabinet 7.\nSTEP 12: OBSERVATION: ('You arrive at cabinet 7. The cabinet 7 is closed.',) | ACTION: open cabinet 7 | REWARD: 0.0 | REASONING: Let's think step by step. I am currently at cabinet 7, which is closed. To find a mug, I need to inspect its contents. The only way to see inside is to open it. Therefore, I should open cabinet 7.\nSTEP 13: OBSERVATION: ('You open the cabinet 7. The cabinet 7 is open. In it, you see a mug 2.',) | ACTION: take mug 2 from cabinet 7 | REWARD: 0.0 | REASONING: Let's think step by step. I have located a mug (mug 2) inside cabinet 7. The task requires me to cool this mug and then place it on a shelf. The first necessary action is to pick up the mug so I can later cool it and move it. Therefore I should take mug 2 from cabinet 7. | progress: step_till_now: 0
167	goal: cool some potato and put it in microwave. | state: observation: ('You arrive at cabinet 4. The cabinet 4 is closed.',) | context: STEP 11: OBSERVATION: ('You arrive at cabinet 1. On the cabinet 1, you see a kettle 1.',) | ACTION: go to cabinet 2 | REWARD: 0.0 | REASONING: Let's think step by step. I need to find a potato to cool and put in the microwave. The current cabinet 1 only contains a kettle, so I should search other storage locations. Going to cabinet 2 is a logical next step to locate a potato.\nSTEP 12: OBSERVATION: ('You arrive at cabinet 2. The cabinet 2 is open. In it, you see nothing.',) | ACTION: go to fridge 1 | REWARD: 0.0 | REASONING: Let's think step by step. I need to find a potato to cool and put in the microwave. The current cabinet 2 is empty, so I should search other storage locations. The fridge is a common place for potatoes, so I will go to fridge 1.\nSTEP 13: OBSERVATION: ('You arrive at fridge 1. The fridge 1 is open. In it, you see a apple 2, a egg 3, a egg 2, and a pan 2.',) | ACTION: go to cabinet 4 | REWARD: 0.0 | REASONING: Let's think step by step. I need to find a potato to cool and put in the microwave. The fridge currently contains no potato, so I must search other storage locations. The next logical place to check is cabinet 4, which may hold a potato. I will go to cabinet 4. | progress: step_till_now: 0
168	goal: cool some bread and put it in countertop. | state: observation: ('You open the cabinet 3. The cabinet 3 is open. In it, you see a saltshaker 1.',) | context: STEP 4: OBSERVATION: ('You arrive at cabinet 2. The cabinet 2 is closed.',) | ACTION: open cabinet 2 | REWARD: 0.0 | REASONING: Let's think step by step. The goal is to cool a 'bread' unit and place it on a countertop. We are currently at cabinet 2, which is closed. To inspect its contents for potential 'bread' items, we need to open it. The only action that allows us to inspect cabinet 2 is 'open cabinet 2'.\nSTEP 5: OBSERVATION: ('You open the cabinet 2. The cabinet 2 is open. In it, you see a bowl 1.',) | ACTION: go to cabinet 3 | REWARD: 0.0 | REASONING: Let's think step by step. I need to find bread to cool and place on a countertop. The current cabinet 2 only contains a bowl, so I should search other cabinets. Going to cabinet 3 is a logical next step to locate bread.\nSTEP 6: OBSERVATION: ('You arrive at cabinet 3. The cabinet 3 is closed.',) | ACTION: open cabinet 3 | REWARD: 0.0 | REASONING: Let's think step by step. I am currently at cabinet 3, which is closed. To find any 'bread' items that might need to be cooled, I must inspect the contents of cabinet 3. The only action that allows me to see inside cabinet 3 is to open it. Therefore I should open cabinet 3. | progress: step_till_now: 0
169	goal: put a cool lettuce in diningtable. | state: observation: ('You arrive at cabinet 3. On the cabinet 3, you see nothing.',) | context: STEP 6: OBSERVATION: ('You arrive at cabinet 2. The cabinet 2 is closed.',) | ACTION: open cabinet 2 | REWARD: 0.0 | REASONING: Let's think step by step. I am currently at cabinet 2, which is closed. To find a lettuce, I need to inspect the contents of the cabinet. The only way to see inside is to open it. Therefore, I should open cabinet 2.\nSTEP 7: OBSERVATION: ('You open the cabinet 2. The cabinet 2 is open. In it, you see nothing.',) | ACTION: go to fridge 1 | REWARD: 0.0 | REASONING: Let's think step by step. I have opened cabinet 2 and found nothing. I still need to locate a lettuce to cool and place on the diningtable. The fridge is a common place to store lettuce, and it also provides the cooling function. Therefore, the next logical step is to go to the fridge to search for lettuce and, if found, cool it there.\nSTEP 8: OBSERVATION: ('You arrive at fridge 1. The fridge 1 is open. In it, you see a apple 1, a egg 2, a egg 1, a tomato 3, a tomato 2, and a tomato 1.',) | ACTION: go to cabinet 3 | REWARD: 0.0 | REASONING: Let's think step by step. I need to find a lettuce to cool and then place it on the diningtable. The fridge currently contains no lettuce, so I must search other locations. The next logical place to look is cabinet 3, which I have not yet inspected. I will go to cabinet 3 to see if it contains a lettuce. | progress: step_till_now: 0
170	goal: put a cool tomato in countertop. | state: observation: ('You arrive at fridge 1. The fridge 1 is closed.',) | context: STEP 0: OBSERVATION: -= Welcome to TextWorld, ALFRED! =-\n\nYou are in the middle of a room. Looking quickly around you, you see a cabinet 19, a cabinet 18, a cabinet 17, a cabinet 16, a cabinet 15, a cabinet 14, a cabinet 13, a cabinet 12, a cabinet 11, a cabinet 10, a cabinet 9, a cabinet 8, a cabinet 7, a cabinet 6, a cabinet 5, a cabinet 4, a cabinet 3, a cabinet 2, a cabinet 1, a coffeemachine 1, a countertop 3, a countertop 2, a countertop 1, a drawer 4, a drawer 3, a drawer 2, a drawer 1, a fridge 1, a garbagecan 1, a microwave 1, a sinkbasin 1, a stoveburner 4, a stoveburner 3, a stoveburner 2, a stoveburner 1, and a toaster 1.\n | ACTION: go to fridge 1 | REWARD: 0.0 | REASONING: Let's think step by step. I need to find a tomato, which is likely in the fridge. I will navigate to the fridge to look for it. | progress: step_till_now: 0
171	goal: cool some bread and put it in countertop. | state: observation: ('You arrive at fridge 1. The fridge 1 is closed.',) | context: STEP 0: OBSERVATION: -= Welcome to TextWorld, ALFRED! =-\n\nYou are in the middle of a room. Looking quickly around you, you see a cabinet 11, a cabinet 10, a cabinet 9, a cabinet 8, a cabinet 7, a cabinet 6, a cabinet 5, a cabinet 4, a cabinet 3, a cabinet 2, a cabinet 1, a coffeemachine 1, a countertop 2, a countertop 1, a diningtable 1, a drawer 3, a drawer 2, a drawer 1, a fridge 1, a garbagecan 1, a microwave 1, a sinkbasin 1, a stoveburner 4, a stoveburner 3, a stoveburner 2, a stoveburner 1, and a toaster 1.\n | ACTION: go to fridge 1 | REWARD: 0.0 | REASONING: Let's think step by step. I need to find bread to cool and place on a countertop. Bread is likely stored in the fridge. I will navigate to the fridge to inspect its contents. | progress: step_till_now: 0
172	goal: cool some apple and put it in diningtable. | state: observation: ('You arrive at fridge 1. The fridge 1 is closed.',) | context: STEP 0: OBSERVATION: -= Welcome to TextWorld, ALFRED! =-\n\nYou are in the middle of a room. Looking quickly around you, you see a cabinet 27, a cabinet 26, a cabinet 25, a cabinet 24, a cabinet 23, a cabinet 22, a cabinet 21, a cabinet 20, a cabinet 19, a cabinet 18, a cabinet 17, a cabinet 16, a cabinet 15, a cabinet 14, a cabinet 13, a cabinet 12, a cabinet 11, a cabinet 10, a cabinet 9, a cabinet 8, a cabinet 7, a cabinet 6, a cabinet 5, a cabinet 4, a cabinet 3, a cabinet 2, a cabinet 1, a coffeemachine 1, a countertop 2, a countertop 1, a diningtable 1, a drawer 12, a drawer 11, a drawer 10, a drawer 9, a drawer 8, a drawer 7, a drawer 6, a drawer 5, a drawer 4, a drawer 3, a drawer 2, a drawer 1, a fridge 1, a garbagecan 1, a microwave 1, a sinkbasin 1, a stoveburner 4, a stoveburner 3, a stoveburner 2, a stoveburner 1, and a toaster 1.\n | ACTION: go to fridge 1 | REWARD: 0.0 | REASONING: Let's think step by step. I need to find an apple to cool and place on the diningtable. The most common location for apples is the fridge. I should navigate to the fridge to search for an apple. | progress: step_till_now: 0
173	goal: put a cool apple in microwave. | state: observation: ('You open the cabinet 1. The cabinet 1 is open. In it, you see a plate 1.',) | context: STEP 1: OBSERVATION: ('You arrive at fridge 1. The fridge 1 is closed.',) | ACTION: open fridge 1 | REWARD: 0.0 | REASONING: Let's think step by step. I need to cool an apple, which means placing it in the fridge. I am currently at the fridge but it is closed, so I should open it to see if an apple is inside. If an apple is inside, I can take it out to cool it, but that would actually warm it. Instead, I should keep it inside. If no apple is inside, I need to find one elsewhere and then put it in the fridge. The first step is to open the fridge to inspect its contents.\nSTEP 2: OBSERVATION: ('You open the fridge 1. The fridge 1 is open. In it, you see a potato 1, and a tomato 2.',) | ACTION: go to cabinet 1 | REWARD: 0.0 | REASONING: Let's think step by step. I need to find an apple to cool and then microwave it. The fridge currently has no apple, so I must search other locations. The most common place for an apple is in a cabinet. I will go to cabinet 1 to look for an apple.\nSTEP 3: OBSERVATION: ('You arrive at cabinet 1. The cabinet 1 is closed.',) | ACTION: open cabinet 1 | REWARD: 0.0 | REASONING: Let's think step by step. I need to find an apple to cool and then microwave it. I am currently at cabinet 1, which is closed. To see if it contains an apple, I should open it. Opening the cabinet will allow me to inspect its contents and potentially find an apple. This is the next logical step toward achieving the goal. | progress: step_till_now: 0
174	goal: cool some plate and put it in shelf. | state: observation: ('You arrive at cabinet 1. The cabinet 1 is closed.',) | context: STEP 0: OBSERVATION: -= Welcome to TextWorld, ALFRED! =-\n\nYou are in the middle of a room. Looking quickly around you, you see a cabinet 13, a cabinet 12, a cabinet 11, a cabinet 10, a cabinet 9, a cabinet 8, a cabinet 7, a cabinet 6, a cabinet 5, a cabinet 4, a cabinet 3, a cabinet 2, a cabinet 1, a coffeemachine 1, a countertop 1, a diningtable 1, a drawer 1, a fridge 1, a garbagecan 1, a microwave 1, a shelf 3, a shelf 2, a shelf 1, a sinkbasin 1, a stoveburner 4, a stoveburner 3, a stoveburner 2, a stoveburner 1, and a toaster 1.\n | ACTION: go to cabinet 1 | REWARD: 0.0 | REASONING: Let's think step by step. I need to find a plate to cool and then put it on a shelf. The first step is to locate a plate. I will start by exploring a cabinet, as plates are often stored there. I will go to cabinet 1 to see if it contains a plate. | progress: step_till_now: 0
175	goal: put a cool apple in diningtable. | state: observation: ('You arrive at drawer 1. The drawer 1 is closed.',) | context: STEP 0: OBSERVATION: -= Welcome to TextWorld, ALFRED! =-\n\nYou are in the middle of a room. Looking quickly around you, you see a cabinet 27, a cabinet 26, a cabinet 25, a cabinet 24, a cabinet 23, a cabinet 22, a cabinet 21, a cabinet 20, a cabinet 19, a cabinet 18, a cabinet 17, a cabinet 16, a cabinet 15, a cabinet 14, a cabinet 13, a cabinet 12, a cabinet 11, a cabinet 10, a cabinet 9, a cabinet 8, a cabinet 7, a cabinet 6, a cabinet 5, a cabinet 4, a cabinet 3, a cabinet 2, a cabinet 1, a coffeemachine 1, a countertop 2, a countertop 1, a diningtable 1, a drawer 12, a drawer 11, a drawer 10, a drawer 9, a drawer 8, a drawer 7, a drawer 6, a drawer 5, a drawer 4, a drawer 3, a drawer 2, a drawer 1, a fridge 1, a garbagecan 1, a microwave 1, a sinkbasin 1, a stoveburner 4, a stoveburner 3, a stoveburner 2, a stoveburner 1, and a toaster 1.\n | ACTION: go to drawer 1 | REWARD: 0.0 | REASONING: Let's think step by step. I need to find an apple to cool and then place it on the diningtable. The first step is to locate the apple, which is likely in a drawer or cabinet. I will start by going to drawer 1 to search for the apple. | progress: step_till_now: 0
176	goal: put a cool bowl in microwave. | state: observation: ('You arrive at cabinet 5. The cabinet 5 is closed.',) | context: STEP 7: OBSERVATION: ('You arrive at cabinet 1. The cabinet 1 is open. In it, you see a mug 1.',) | ACTION: go to cabinet 2 | REWARD: 0.0 | REASONING: Let's think step by step. I need to find a bowl to cool and then place it in the microwave. I currently have only a mug in cabinet 1 and no bowl. The next logical step is to search other cabinets for a bowl. I will go to cabinet 2 to continue the search.\nSTEP 8: OBSERVATION: ('You arrive at cabinet 2. The cabinet 2 is open. In it, you see a peppershaker 1.',) | ACTION: go to cabinet 4 | REWARD: 0.0 | REASONING: Let's think step by step. I need to find a bowl to cool and then put it in the microwave. I have not found a bowl yet and I am currently at cabinet 2, which only contains a peppershaker. The next logical step is to search another cabinet that might contain a bowl. I will go to cabinet 4 to continue the search.\nSTEP 9: OBSERVATION: ('You arrive at cabinet 4. On the cabinet 4, you see nothing.',) | ACTION: go to cabinet 5 | REWARD: 0.0 | REASONING: Let's think step by step. I am currently at cabinet 4, which is empty. I still need to find a bowl to cool and then put it in the microwave. The next logical step is to search another cabinet that might contain a bowl. I will go to cabinet 5 to continue the search. | progress: step_till_now: 0
177	"goal: put a cool potato in microwave. | state: observation: ('You open the fridge 1. The fridge 1 is open. In it, you see a cup 1.',) | context: STEP 0: OBSERVATION: -= Welcome to TextWorld, ALFRED! =-\n\nYou are in the middle of a room. Looking quickly around you, you see a cabinet 16, a cabinet 15, a cabinet 14, a cabinet 13, a cabinet 12, a cabinet 11, a cabinet 10, a cabinet 9, a cabinet 8, a cabinet 7, a cabinet 6, a cabinet 5, a cabinet 4, a cabinet 3, a cabinet 2, a cabinet 1, a coffeemachine 1, a countertop 2, a countertop 1, a diningtable 1, a drawer 5, a drawer 4, a drawer 3, a drawer 2, a drawer 1, a fridge 1, a garbagecan 1, a microwave 1, a safe 1, a sinkbasin 1, a stoveburner 4, a stoveburner 3, a stoveburner 2, a stoveburner 1, and a toaster 1.\n | ACTION: look | REWARD: 0.0 | REASONING: Let's think step by step. The goal is to put a cool potato in the microwave. We can directly cool the potato using the fridge and then place it in the microwave without needing to pick it up. The action ""cool potato with fridge 1"" will cool the potato, and then ""put potato in/on microwave 1"" will place it in the microwave. This sequence directly achieves the goal.\nSTEP 1: OBSERVATION: ('You are in the middle of a room. Looking quickly around you, you see nothing.',) | ACTION: go to fridge 1 | REWARD: 0.0 | REASONING: Let's think step by step. I need to locate the potato before I can cool it and put it in the microwave. The current observation shows nothing in the middle of the room, so I should move to a location where objects are likely to be, such as the fridge. Going to the fridge will allow me to see if the potato is inside and then I can cool it. Therefore, I will go to fridge 1.\nSTEP 2: OBSERVATION: ('You arrive at fridge 1. The fridge 1 is closed.',) | ACTION: open fridge 1 | REWARD: 0.0 | REASONING: Let's think step by step. I am at fridge 1, which is closed. To cool the potato, I need to access it inside the fridge. Therefore I should open the fridge to see if the potato is there and then cool it. The next logical action is to open fridge 1. | progress: step_till_now: 0"
178	goal: cool some pan and put it in stoveburner. | state: observation: ('You open the cabinet 1. The cabinet 1 is open. In it, you see a cup 2.',) | context: STEP 0: OBSERVATION: -= Welcome to TextWorld, ALFRED! =-\n\nYou are in the middle of a room. Looking quickly around you, you see a cabinet 16, a cabinet 15, a cabinet 14, a cabinet 13, a cabinet 12, a cabinet 11, a cabinet 10, a cabinet 9, a cabinet 8, a cabinet 7, a cabinet 6, a cabinet 5, a cabinet 4, a cabinet 3, a cabinet 2, a cabinet 1, a coffeemachine 1, a countertop 2, a countertop 1, a diningtable 1, a drawer 5, a drawer 4, a drawer 3, a drawer 2, a drawer 1, a fridge 1, a garbagecan 1, a microwave 1, a safe 1, a sinkbasin 1, a stoveburner 4, a stoveburner 3, a stoveburner 2, a stoveburner 1, and a toaster 1.\n | ACTION: go to cabinet 1 | REWARD: 0.0 | REASONING: Let's think step by step. I need to locate a pan in the environment. The only way to see contents is to go to a cabinet or drawer. I will start by going to cabinet 1 to check if it contains a pan. If not, I will continue searching other cabinets. The first action is to navigate to cabinet 1.\nSTEP 1: OBSERVATION: ('You arrive at cabinet 1. The cabinet 1 is closed.',) | ACTION: open cabinet 1 | REWARD: 0.0 | REASONING: Let's think step by step. The cabinet 1 is closed and I need to find a pan to cool and put on stoveburner. Opening the cabinet will reveal its contents, allowing me to locate a pan if present. | progress: step_till_now: 0
179	goal: put a cool mug in coffeemachine. | state: observation: ('You arrive at cabinet 1. The cabinet 1 is closed.',) | context: STEP 0: OBSERVATION: -= Welcome to TextWorld, ALFRED! =-\n\nYou are in the middle of a room. Looking quickly around you, you see a cabinet 23, a cabinet 22, a cabinet 21, a cabinet 20, a cabinet 19, a cabinet 18, a cabinet 17, a cabinet 16, a cabinet 15, a cabinet 14, a cabinet 13, a cabinet 12, a cabinet 11, a cabinet 10, a cabinet 9, a cabinet 8, a cabinet 7, a cabinet 6, a cabinet 5, a cabinet 4, a cabinet 3, a cabinet 2, a cabinet 1, a coffeemachine 1, a countertop 3, a countertop 2, a countertop 1, a diningtable 1, a drawer 4, a drawer 3, a drawer 2, a drawer 1, a fridge 1, a garbagecan 1, a microwave 1, a sinkbasin 1, a stoveburner 4, a stoveburner 3, a stoveburner 2, a stoveburner 1, and a toaster 1.\n | ACTION: go to cabinet 1 | REWARD: 0.0 | REASONING: Let's think step by step. I need to find a mug to cool and then place it in the coffeemachine. The first step is to search for a mug, which is likely inside a cabinet. I will start by going to cabinet 1 to see if it contains a mug. | progress: step_till_now: 0
180	goal: put a cool mug in cabinet. | state: observation: ('You open the cabinet 2. The cabinet 2 is open. In it, you see a dishsponge 1.',) | context: STEP 1: OBSERVATION: ('You arrive at cabinet 1. The cabinet 1 is closed.',) | ACTION: open cabinet 1 | REWARD: 0.0 | REASONING: Let's think step by step. I am currently at cabinet 1, which is closed. To find a mug, I need to inspect the contents of the cabinet. The only immediate action that will reveal what is inside is to open the cabinet. Therefore, I should open cabinet 1.\nSTEP 2: OBSERVATION: ('You open the cabinet 1. The cabinet 1 is open. In it, you see a peppershaker 1.',) | ACTION: go to cabinet 2 | REWARD: 0.0 | REASONING: Let's think step by step. I have opened cabinet 1 and only found a peppershaker, not a mug. To accomplish the goal of putting a cool mug in a cabinet, I first need to locate a mug. The next logical step is to search other cabinets for a mug. I will move to cabinet 2 to continue the search.\nSTEP 3: OBSERVATION: ('You arrive at cabinet 2. The cabinet 2 is closed.',) | ACTION: open cabinet 2 | REWARD: 0.0 | REASONING: Let's think step by step. I am currently at cabinet 2, which is closed. To find a mug, I need to inspect the contents of the cabinet. The only immediate action that will reveal what is inside is to open the cabinet. Therefore, I should open cabinet 2. | progress: step_till_now: 0
181	goal: put a cool mug in coffeemachine. | state: observation: ('You arrive at cabinet 4. The cabinet 4 is closed.',) | context: STEP 1: OBSERVATION: ('You arrive at cabinet 6. The cabinet 6 is closed.',) | ACTION: open cabinet 6 | REWARD: 0.0 | REASONING: Let's think step by step. I am at cabinet 6 which is closed. I need to search for a mug inside. The first step is to open the cabinet to see its contents.\nSTEP 2: OBSERVATION: ('You open the cabinet 6. The cabinet 6 is open. In it, you see nothing.',) | ACTION: go to cabinet 5 | REWARD: 0.0 | REASONING: Let's think step by step. I have opened cabinet 6 and found it empty, so I need to search elsewhere for a mug. The next logical step is to move to another cabinet that might contain a mug. I will go to cabinet 5 to continue searching for a mug.\nSTEP 3: OBSERVATION: ('You arrive at cabinet 5. On the cabinet 5, you see nothing.',) | ACTION: go to cabinet 4 | REWARD: 0.0 | REASONING: Let's think step by step. I need to find a mug to cool and then put it in the coffeemachine. I have checked cabinet 6 and 5, both empty. The next logical step is to search another cabinet that might contain a mug. I will go to cabinet 4 to continue searching for a mug. | progress: step_till_now: 0
182	goal: cool some pan and put it in diningtable. | state: observation: ('You arrive at cabinet 4. The cabinet 4 is closed.',) | context: STEP 5: OBSERVATION: ('You arrive at cabinet 3. The cabinet 3 is closed.',) | ACTION: open cabinet 3 | REWARD: 0.0 | REASONING: Let's think step by step. I need to locate a pan to cool and then place it on a diningtable. I am currently at cabinet 3, which is closed. The most direct next step is to open cabinet 3 to inspect its contents for a pan.\nSTEP 6: OBSERVATION: ('You open the cabinet 3. The cabinet 3 is open. In it, you see a soapbottle 2, and a soapbottle 1.',) | ACTION: go to cabinet 1 | REWARD: 0.0 | REASONING: Let's think step by step. I need to find a pan to cool and later place it on a diningtable. Currently I am at cabinet 3, which contains only soapbottles. I have not yet inspected cabinet 1, which may contain a pan. Therefore, I should move to cabinet 1 to search for a pan.\nSTEP 7: OBSERVATION: ('You arrive at cabinet 1. The cabinet 1 is open. In it, you see nothing.',) | ACTION: go to cabinet 4 | REWARD: 0.0 | REASONING: Let's think step by step. I am currently at cabinet 1, which is open but empty. I still need to find a pan to cool and later place it on a diningtable. The next logical step is to search the next cabinet, cabinet 4, for a pan. | progress: step_till_now: 0
183	goal: cool some plate and put it in shelf. | state: observation: ('You open the cabinet 3. The cabinet 3 is open. In it, you see nothing.',) | context: STEP 4: OBSERVATION: ('You open the cabinet 2. The cabinet 2 is open. In it, you see nothing.',) | ACTION: go to countertop 1 | REWARD: 0.0 | REASONING: Let's think step by step. I have opened cabinet 2 and found nothing. I still need to locate a plate to cool and then place it on a shelf. The next logical place to search for a plate is the countertop, where plates are often found. Therefore, I will go to countertop 1 to continue searching for a plate.\nSTEP 5: OBSERVATION: ('You arrive at countertop 1. On the countertop 1, you see a apple 3, a apple 1, a bowl 1, a butterknife 2, a butterknife 1, a dishsponge 3, a dishsponge 1, a pan 1, a peppershaker 3, a saltshaker 1, a soapbottle 3, a soapbottle 1, a spatula 2, a spatula 1, and a tomato 2.',) | ACTION: go to cabinet 3 | REWARD: 0.0 | REASONING: Let's think step by step. I need to find a plate to cool and then place it on a shelf. The countertop 1 has no plate, so I should search a cabinet that might contain a plate. I haven't visited cabinet 3 yet, so I will go there next.\nSTEP 6: OBSERVATION: ('You arrive at cabinet 3. The cabinet 3 is closed.',) | ACTION: open cabinet 3 | REWARD: 0.0 | REASONING: Let's think step by step. I am currently at cabinet 3, which is closed. I need to find a plate to cool and then place it on a shelf. The only way to see inside is to open it. Therefore, I should open cabinet 3. | progress: step_till_now: 0
184	goal: put a cool bowl in cabinet. | state: observation: ('You arrive at drawer 1. On the drawer 1, you see nothing.',) | context: STEP 0: OBSERVATION: -= Welcome to TextWorld, ALFRED! =-\n\nYou are in the middle of a room. Looking quickly around you, you see a cabinet 21, a cabinet 20, a cabinet 19, a cabinet 18, a cabinet 17, a cabinet 16, a cabinet 15, a cabinet 14, a cabinet 13, a cabinet 12, a cabinet 11, a cabinet 10, a cabinet 9, a cabinet 8, a cabinet 7, a cabinet 6, a cabinet 5, a cabinet 4, a cabinet 3, a cabinet 2, a cabinet 1, a coffeemachine 1, a countertop 2, a countertop 1, a diningtable 1, a drawer 5, a drawer 4, a drawer 3, a drawer 2, a drawer 1, a fridge 1, a garbagecan 1, a microwave 1, a sinkbasin 1, a stoveburner 4, a stoveburner 3, a stoveburner 2, a stoveburner 1, and a toaster 1.\n | ACTION: go to cabinet 1 | REWARD: 0.0 | REASONING: Let's think step by step. I need to find a bowl, cool it, and then put it in a cabinet. The first step is to locate a bowl. I don't know where bowls are, but cabinets are likely to contain them. I will start by going to cabinet 1 to inspect it for a bowl. The action list only allows me to go to a cabinet, not open it, but I can still go to cabinet 1 and then try to take an object from it if it is accessible. So I will go to cabinet 1.\nSTEP 1: OBSERVATION: ('You arrive at cabinet 1. On the cabinet 1, you see nothing.',) | ACTION: go to drawer 1 | REWARD: 0.0 | REASONING: Let's think step by step. I need to find a bowl to cool and then put it in a cabinet. Cabinet 1 is empty, so I should explore other storage locations. The next logical place to search is a drawer, which may contain a bowl. I will go to drawer 1 to inspect its contents. | progress: step_till_now: 0
185	goal: put a cool bowl in countertop. | state: observation: ('You open the cabinet 6. The cabinet 6 is open. In it, you see nothing.',) | context: STEP 6: OBSERVATION: ('You open the cabinet 5. The cabinet 5 is open. In it, you see a cup 2.',) | ACTION: go to cabinet 6 | REWARD: 0.0 | REASONING: Let's think step by step. I am currently at cabinet 5, which is open and contains a cup 2. The goal is to put a cool bowl on a countertop, but I do not yet have a bowl. I need to search for a bowl in the environment. The next logical step is to move to another cabinet that might contain a bowl, such as cabinet 6. This will bring me closer to locating the bowl needed for the task.\nSTEP 7: OBSERVATION: ('You arrive at cabinet 6. The cabinet 6 is closed.',) | ACTION: look | REWARD: 0.0 | REASONING: Fallback: structured parsing failed, using look action\nSTEP 8: OBSERVATION: ('You are facing the cabinet 6. Next to it, you see nothing.',) | ACTION: open cabinet 6 | REWARD: 0.0 | REASONING: Let's think step by step. I am currently facing cabinet 6, which is closed and I see nothing next to it. To find a bowl, I need to inspect the contents of cabinet 6. Therefore, I should open cabinet 6. | progress: step_till_now: 0
186	goal: cool some plate and put it in microwave. | state: observation: ('You open the cabinet 5. The cabinet 5 is open. In it, you see a vase 2.',) | context: STEP 7: OBSERVATION: ('You arrive at cabinet 4. The cabinet 4 is closed.',) | ACTION: open cabinet 4 | REWARD: 0.0 | REASONING: Let's think step by step. I need to find a plate to cool and then put it in the microwave. I am currently at cabinet 4, which is closed. The next logical step is to open cabinet 4 to see if it contains a plate or other useful items.\nSTEP 8: OBSERVATION: ('You open the cabinet 4. The cabinet 4 is open. In it, you see nothing.',) | ACTION: go to cabinet 5 | REWARD: 0.0 | REASONING: Let's think step by step. I have opened cabinet 4 and found nothing. I still need to locate a plate to cool and then put it in the microwave. The next logical step is to search another cabinet that might contain a plate. I will go to cabinet 5 to continue the search.\nSTEP 9: OBSERVATION: ('You arrive at cabinet 5. The cabinet 5 is closed.',) | ACTION: open cabinet 5 | REWARD: 0.0 | REASONING: Let's think step by step. I am currently at cabinet 5, which is closed. To find a plate, I need to inspect the contents of this cabinet. The only logical next step is to open cabinet 5. | progress: step_till_now: 0
187	goal: put a cool mug in coffeemachine. | state: observation: ('You arrive at cabinet 8. The cabinet 8 is closed.',) | context: STEP 10: OBSERVATION: ('You arrive at cabinet 4. The cabinet 4 is open. In it, you see nothing.',) | ACTION: go to cabinet 7 | REWARD: 0.0 | REASONING: Let's think step by step. I have searched cabinets 3, 6, 5, and 4, all of which are empty. I still need to find a mug to cool and then place it in the coffeemachine. The next logical step is to continue searching the remaining cabinets. I will go to cabinet 7 to look for a mug.\nSTEP 11: OBSERVATION: ('You arrive at cabinet 7. The cabinet 7 is closed.',) | ACTION: open cabinet 7 | REWARD: 0.0 | REASONING: Let's think step by step. I am currently at cabinet 7, which is closed. I need to search for a mug to cool and then place it in the coffeemachine. The logical next step is to open cabinet 7 to see its contents.\nSTEP 12: OBSERVATION: ('You open the cabinet 7. The cabinet 7 is open. In it, you see nothing.',) | ACTION: go to cabinet 8 | REWARD: 0.0 | REASONING: Let's think step by step. I have opened cabinet 7 and found nothing. I still need to locate a mug to cool and then place it in the coffeemachine. The next logical step is to search another cabinet that might contain a mug. I will go to cabinet 8 to continue searching for a mug. | progress: step_till_now: 0
188	goal: cool some egg and put it in microwave. | state: observation: ('You arrive at fridge 1. The fridge 1 is closed.',) | context: STEP 0: OBSERVATION: -= Welcome to TextWorld, ALFRED! =-\n\nYou are in the middle of a room. Looking quickly around you, you see a cabinet 20, a cabinet 19, a cabinet 18, a cabinet 17, a cabinet 16, a cabinet 15, a cabinet 14, a cabinet 13, a cabinet 12, a cabinet 11, a cabinet 10, a cabinet 9, a cabinet 8, a cabinet 7, a cabinet 6, a cabinet 5, a cabinet 4, a cabinet 3, a cabinet 2, a cabinet 1, a coffeemachine 1, a countertop 3, a countertop 2, a countertop 1, a drawer 3, a drawer 2, a drawer 1, a fridge 1, a garbagecan 1, a microwave 1, a shelf 3, a shelf 2, a shelf 1, a sinkbasin 1, a stoveburner 4, a stoveburner 3, a stoveburner 2, a stoveburner 1, and a toaster 1.\n | ACTION: go to fridge 1 | REWARD: 0.0 | REASONING: Let's think step by step. The goal is to cool an egg and put it in the microwave. The only way to cool an egg is to put it in the fridge. I need to go to the fridge first to access the egg. The admissible actions include navigation to the fridge. So I will navigate to fridge 1. | progress: step_till_now: 0
189	goal: cool some bread and put it in diningtable. | state: observation: ('You open the fridge 1. The fridge 1 is open. In it, you see a mug 3, a plate 1, a potato 3, a tomato 3, and a tomato 2.',) | context: STEP 1: OBSERVATION: ('You are in the middle of a room. Looking quickly around you, you see nothing.',) | ACTION: go to cabinet 1 | REWARD: 0.0 | REASONING: Let's think step by step. I need to locate the bread. The observation shows nothing in the middle of the room, so I must search a location that could contain bread. Cabinets are common places for bread. I'll start by going to cabinet 1 to inspect it for bread.\nSTEP 2: OBSERVATION: ('You arrive at cabinet 1. On the cabinet 1, you see nothing.',) | ACTION: go to fridge 1 | REWARD: 0.0 | REASONING: Let's think step by step. I have searched cabinet 1 and found nothing. Bread is likely in a common storage area like the fridge or a drawer. I will go to the fridge to check for bread.\nSTEP 3: OBSERVATION: ('You arrive at fridge 1. The fridge 1 is closed.',) | ACTION: open fridge 1 | REWARD: 0.0 | REASONING: Let's think step by step. I need to find bread to cool it and then put it on the diningtable. The fridge is closed, so I should open it to inspect its contents. If bread is inside, I can take it, cool it (fridge already cool), then put it on diningtable. The only relevant action is to open the fridge. | progress: step_till_now: 0
190	goal: cool some pan and put it in stoveburner. | state: observation: ('You open the cabinet 7. The cabinet 7 is open. In it, you see nothing.',) | context: STEP 8: OBSERVATION: ('You arrive at cabinet 5. On the cabinet 5, you see nothing.',) | ACTION: go to cabinet 6 | REWARD: 0.0 | REASONING: Let's think step by step. I have searched cabinets 3, 4, and 5 and found nothing. The next logical step is to continue searching the remaining cabinets for a pan. I will move to cabinet 6 to inspect its contents.\nSTEP 9: OBSERVATION: ('You arrive at cabinet 6. On the cabinet 6, you see nothing.',) | ACTION: go to cabinet 7 | REWARD: 0.0 | REASONING: Let's think step by step. I have searched cabinets 3, 4, 5, and 6 and found nothing. The next logical step is to continue searching the remaining cabinets for a pan. I will move to cabinet 7 to inspect its contents.\nSTEP 10: OBSERVATION: ('You arrive at cabinet 7. The cabinet 7 is closed.',) | ACTION: open cabinet 7 | REWARD: 0.0 | REASONING: Let's think step by step. I am currently at cabinet 7 which is closed. To find a pan, I need to inspect its contents. The only logical action is to open the cabinet to see if a pan is inside. | progress: step_till_now: 0
191	goal: cool some plate and put it in microwave. | state: observation: ('You arrive at cabinet 3. The cabinet 3 is closed.',) | context: STEP 2: OBSERVATION: ('You open the cabinet 1. The cabinet 1 is open. In it, you see a mug 1.',) | ACTION: go to cabinet 2 | REWARD: 0.0 | REASONING: Let's think step by step. I need to find a plate to cool and then put it in the microwave. The cabinet 1 only contains a mug, so I should search another cabinet that might hold a plate. I will go to cabinet 2 to continue searching for a plate.\nSTEP 3: OBSERVATION: ('You arrive at cabinet 2. The cabinet 2 is closed.',) | ACTION: open cabinet 2 | REWARD: 0.0 | REASONING: Let's think step by step. I need to find a plate to cool and then put it in the microwave. I am currently at cabinet 2, which is closed. The most direct next step is to open cabinet 2 to see if it contains a plate or other useful items. This will allow me to continue the task of locating a plate.\nSTEP 4: OBSERVATION: ('You open the cabinet 2. The cabinet 2 is open. In it, you see nothing.',) | ACTION: go to cabinet 3 | REWARD: 0.0 | REASONING: Let's think step by step. I have opened cabinet 2 and found nothing. I still need to locate a plate to cool and then put it in the microwave. The next logical step is to search another cabinet that might contain a plate. I will go to cabinet 3 to continue the search. | progress: step_till_now: 0
192	goal: cool some bread and put it in diningtable. | state: observation: ('You arrive at fridge 1. The fridge 1 is open. In it, you see a egg 2, a egg 1, a lettuce 1, and a pot 1.',) | context: STEP 11: OBSERVATION: ('You arrive at cabinet 2. The cabinet 2 is open. In it, you see nothing.',) | ACTION: go to drawer 1 | REWARD: 0.0 | REASONING: Let's think step by step. I have searched cabinet 2 and found nothing. The goal is to cool bread and put it on the dining table. Bread is often stored in a drawer or a shelf. I have not yet inspected any drawers, so I will go to drawer 1 to look for bread.\nSTEP 12: OBSERVATION: ('You arrive at drawer 1. The drawer 1 is closed.',) | ACTION: open drawer 1 | REWARD: 0.0 | REASONING: Let's think step by step. I am currently at drawer 1 which is closed. To find bread, I need to inspect the contents of the drawer. The only logical next step is to open drawer 1.\nSTEP 13: OBSERVATION: ('You open the drawer 1. The drawer 1 is open. In it, you see nothing.',) | ACTION: go to fridge 1 | REWARD: 0.0 | REASONING: Let's think step by step. I have opened drawer 1 and found nothing. Bread is often stored in a fridge or pantry. The fridge is a likely location for bread. I will go to fridge 1 to search for bread. | progress: step_till_now: 0
193	goal: cool some lettuce and put it in diningtable. | state: observation: ('You open the cabinet 1. The cabinet 1 is open. In it, you see nothing.',) | context: STEP 2: OBSERVATION: ('You arrive at fridge 1. The fridge 1 is closed.',) | ACTION: open fridge 1 | REWARD: 0.0 | REASONING: Let's think step by step. I need to find lettuce to cool and put on diningtable. The fridge is closed, so I should open it to see contents.\nSTEP 3: OBSERVATION: ('You open the fridge 1. The fridge 1 is open. In it, you see nothing.',) | ACTION: go to cabinet 1 | REWARD: 0.0 | REASONING: Let's think step by step. The fridge is empty, so the lettuce must be elsewhere. The next logical place to search is a cabinet. I will go to cabinet 1 to look for the lettuce.\nSTEP 4: OBSERVATION: ('You arrive at cabinet 1. The cabinet 1 is closed.',) | ACTION: open cabinet 1 | REWARD: 0.0 | REASONING: Let's think step by step. I am currently at cabinet 1, which is closed. To find lettuce, I need to inspect the contents of the cabinet. The only logical action is to open the cabinet to see if lettuce is inside. | progress: step_till_now: 0
194	goal: put a cool winebottle in countertop. | state: observation: ('You open the cabinet 1. The cabinet 1 is open. In it, you see nothing.',) | context: STEP 3: OBSERVATION: ('You open the fridge 1. The fridge 1 is open. In it, you see a apple 2, a glassbottle 2, a glassbottle 1, and a potato 3.',) | ACTION: look | REWARD: 0.0 | REASONING: Let's think step by step. I need to locate a winebottle to cool and place on a countertop. The fridge currently contains no winebottle, so I should search the room for it. The best next action is to look around to see if the winebottle is present elsewhere.\nSTEP 4: OBSERVATION: ('You are facing the fridge 1. Next to it, you see nothing.',) | ACTION: go to cabinet 1 | REWARD: 0.0 | REASONING: Let's think step by step. I have not found a winebottle yet. The fridge contains no winebottle. I need to search other locations. The most likely place for a winebottle is a cabinet. I will go to cabinet 1 to look for it.\nSTEP 5: OBSERVATION: ('You arrive at cabinet 1. The cabinet 1 is closed.',) | ACTION: open cabinet 1 | REWARD: 0.0 | REASONING: Let's think step by step. I am currently at cabinet 1, which is closed. I need to search for a winebottle. The most likely place to find it is inside a cabinet. Therefore, I should open cabinet 1 to inspect its contents. | progress: step_till_now: 0
195	goal: put a cool winebottle in countertop. | state: observation: ('You arrive at cabinet 4. The cabinet 4 is closed.',) | context: STEP 9: OBSERVATION: ('You arrive at cabinet 3. The cabinet 3 is closed.',) | ACTION: open cabinet 3 | REWARD: 0.0 | REASONING: Let's think step by step. I am at cabinet 3 which is closed. I need to search for a winebottle. The next logical step is to open cabinet 3 to inspect its contents.\nSTEP 10: OBSERVATION: ('You open the cabinet 3. The cabinet 3 is open. In it, you see nothing.',) | ACTION: go to cabinet 1 | REWARD: 0.0 | REASONING: Let's think step by step. I have opened cabinet 3 and found nothing. I still need to locate a winebottle to cool and place on a countertop. The next logical step is to search another cabinet. I will go to cabinet 1 to continue searching for the winebottle.\nSTEP 11: OBSERVATION: ('You arrive at cabinet 1. The cabinet 1 is open. In it, you see nothing.',) | ACTION: go to cabinet 4 | REWARD: 0.0 | REASONING: Let's think step by step. I have searched cabinets 1-3 and found nothing. I still need to locate a winebottle to cool and place on a countertop. The next logical step is to search another cabinet, so I will go to cabinet 4. | progress: step_till_now: 0
196	goal: put a cool pot in stoveburner. | state: observation: -= Welcome to TextWorld, ALFRED! =-\n\nYou are in the middle of a room. Looking quickly around you, you see a cabinet 2, a cabinet 1, a coffeemachine 1, a countertop 3, a countertop 2, a countertop 1, a diningtable 1, a drawer 6, a drawer 5, a drawer 4, a drawer 3, a drawer 2, a drawer 1, a fridge 1, a garbagecan 1, a microwave 1, a sinkbasin 1, a stoveburner 4, a stoveburner 3, a stoveburner 2, a stoveburner 1, and a toaster 1.\n | context:  | progress: step_till_now: 0
197	goal: cool some apple and put it in diningtable. | state: observation: ('You arrive at fridge 1. The fridge 1 is open. In it, you see a bread 1, a cup 2, a glassbottle 2, a potato 1, and a tomato 3.',) | context: STEP 4: OBSERVATION: ('You open the cabinet 1. The cabinet 1 is open. In it, you see nothing.',) | ACTION: go to cabinet 2 | REWARD: 0.0 | REASONING: Let's think step by step. I have opened cabinet 1 and found nothing. I still need to locate an apple to cool and place on the diningtable. The next logical step is to search another location. I will go to cabinet 2 to continue searching for an apple.\nSTEP 5: OBSERVATION: ('You arrive at cabinet 2. The cabinet 2 is closed.',) | ACTION: open cabinet 2 | REWARD: 0.0 | REASONING: Let's think step by step. I am currently at cabinet 2, which is closed. I need to search for an apple to cool and place on the diningtable. The logical next step is to open cabinet 2 to inspect its contents for an apple.\nSTEP 6: OBSERVATION: ('You open the cabinet 2. The cabinet 2 is open. In it, you see nothing.',) | ACTION: go to fridge 1 | REWARD: 0.0 | REASONING: Let's think step by step. I have opened cabinet 2 and found nothing. I still need to locate an apple to cool and place on the diningtable. The next logical step is to search a location that typically contains food, such as the fridge. I will go to fridge 1 to look for an apple. | progress: step_till_now: 0
198	goal: cool some pan and put it in diningtable. | state: observation: ('You arrive at cabinet 4. The cabinet 4 is open. In it, you see a peppershaker 2.',) | context: STEP 11: OBSERVATION: ('You arrive at cabinet 3. The cabinet 3 is open. In it, you see a soapbottle 2, and a soapbottle 1.',) | ACTION: go to cabinet 1 | REWARD: 0.0 | REASONING: Let's think step by step. I need to find a pan to cool and then place it on a diningtable. Currently I am at cabinet 3, which only contains soapbottles. I have not yet inspected cabinet 1, which may hold a pan. Therefore, I should move to cabinet 1 to search for a pan.\nSTEP 12: OBSERVATION: ('You arrive at cabinet 1. The cabinet 1 is open. In it, you see nothing.',) | ACTION: go to stoveburner 1 | REWARD: 0.0 | REASONING: Let's think step by step. I have searched all cabinets and found no pan. The next logical place to find a pan is on the stove. I will go to stoveburner 1 to look for a pan.\nSTEP 13: OBSERVATION: ('You arrive at stoveburner 1. On the stoveburner 1, you see nothing.',) | ACTION: go to cabinet 4 | REWARD: 0.0 | REASONING: Let's think step by step. I need to find a pan to cool and then place it on a diningtable. I have searched cabinets 1-3 and the stoveburner 1, but found nothing. The next logical place to look for a pan is cabinet 4, which I haven't inspected yet. Therefore I should go to cabinet 4. | progress: step_till_now: 0
199	goal: put a cool bread in diningtable. | state: observation: ('You open the cabinet 2. The cabinet 2 is open. In it, you see a soapbottle 1.',) | context: STEP 0: OBSERVATION: -= Welcome to TextWorld, ALFRED! =-\n\nYou are in the middle of a room. Looking quickly around you, you see a cabinet 10, a cabinet 9, a cabinet 8, a cabinet 7, a cabinet 6, a cabinet 5, a cabinet 4, a cabinet 3, a cabinet 2, a cabinet 1, a coffeemachine 1, a countertop 2, a countertop 1, a diningtable 2, a diningtable 1, a drawer 3, a drawer 2, a drawer 1, a fridge 1, a garbagecan 1, a microwave 1, a sinkbasin 1, a stoveburner 4, a stoveburner 3, a stoveburner 2, a stoveburner 1, and a toaster 1.\n | ACTION: go to cabinet 1 | REWARD: 0.0 | REASONING: Let's think step by step. I need to find a bread to cool and then place it on the diningtable. The bread is likely inside a cabinet or drawer. I will start by going to cabinet 1 to inspect its contents.\nSTEP 1: OBSERVATION: ('You arrive at cabinet 1. On the cabinet 1, you see nothing.',) | ACTION: go to cabinet 2 | REWARD: 0.0 | REASONING: Let's think step by step. I have checked cabinet 1 and found nothing. The bread is likely stored in another cabinet or drawer. I will move to cabinet 2 to search for bread.\nSTEP 2: OBSERVATION: ('You arrive at cabinet 2. The cabinet 2 is closed.',) | ACTION: open cabinet 2 | REWARD: 0.0 | REASONING: Let's think step by step. I am currently at cabinet 2, which is closed. To find bread, I need to inspect its contents. The only way to see inside is to open it. Therefore I should open cabinet 2. | progress: step_till_now: 0
200	goal: cool some pot and put it in cabinet. | state: observation: ('You open the cabinet 3. The cabinet 3 is open. In it, you see a vase 2.',) | context: STEP 5: OBSERVATION: ('You arrive at cabinet 2. The cabinet 2 is closed.',) | ACTION: open cabinet 2 | REWARD: 0.0 | REASONING: Let's think step by step. I need to find a pot to cool and then place it in a cabinet. I am currently at cabinet 2, which is closed. The next logical step is to open cabinet 2 to inspect its contents for a pot.\nSTEP 6: OBSERVATION: ('You open the cabinet 2. The cabinet 2 is open. In it, you see nothing.',) | ACTION: go to cabinet 3 | REWARD: 0.0 | REASONING: Let's think step by step. I have opened cabinet 2 and found nothing. I still need to locate a pot to cool and then place it in a cabinet. The next logical step is to search another cabinet. I will move to cabinet 3 to inspect its contents for a pot.\nSTEP 7: OBSERVATION: ('You arrive at cabinet 3. The cabinet 3 is closed.',) | ACTION: open cabinet 3 | REWARD: 0.0 | REASONING: Let's think step by step. I am currently at cabinet 3, which is closed. To find a pot to cool, I need to inspect the contents of this cabinet. The only logical next step is to open cabinet 3. | progress: step_till_now: 0
201	"goal: cool some apple and put it in microwave. | state: observation: ('You arrive at fridge 1. The fridge 1 is closed.',) | context: STEP 0: OBSERVATION: -= Welcome to TextWorld, ALFRED! =-\n\nYou are in the middle of a room. Looking quickly around you, you see a cabinet 10, a cabinet 9, a cabinet 8, a cabinet 7, a cabinet 6, a cabinet 5, a cabinet 4, a cabinet 3, a cabinet 2, a cabinet 1, a coffeemachine 1, a countertop 1, a diningtable 1, a drawer 2, a drawer 1, a fridge 1, a garbagecan 1, a microwave 1, a sinkbasin 1, a stoveburner 4, a stoveburner 3, a stoveburner 2, a stoveburner 1, and a toaster 1.\n | ACTION: go to fridge 1 | REWARD: 0.0 | REASONING: Let's think step by step. The goal is to cool an apple and put it in the microwave. Cooling is done by the fridge, and putting it in the microwave is achieved by going to the microwave. We need to first go to the fridge to cool the apple, then go to the microwave to place it there. The only navigation action available is ""go to fridge 1"". | progress: step_till_now: 0"
202	goal: put a cool mug in coffeemachine. | state: observation: ('This is a normal mug 2. In it, you see nothing.',) | context: STEP 4: OBSERVATION: ('You arrive at cabinet 3. The cabinet 3 is closed.',) | ACTION: open cabinet 3 | REWARD: 0.0 | REASONING: Let's think step by step. I am currently at cabinet 3, which is closed. I need to find a mug to cool and then place it in the coffeemachine. The next logical step is to open cabinet 3 to inspect its contents for a mug.\nSTEP 5: OBSERVATION: ('You open the cabinet 3. The cabinet 3 is open. In it, you see a mug 2.',) | ACTION: take mug 2 from cabinet 3 | REWARD: 0.0 | REASONING: Let's think step by step. I am currently at cabinet 3, which is open, and I see a mug 2 inside. The goal is to put a cool mug in the coffeemachine. To achieve this, I first need to pick up the mug from the cabinet. The next logical action is to take mug 2 from cabinet 3.\nSTEP 6: OBSERVATION: ('You pick up the mug 2 from the cabinet 3.',) | ACTION: examine mug 2 | REWARD: 0.0 | REASONING: Let's think step by step. I have mug 2 in my possession and the goal is to put a cool mug in the coffeemachine. The available actions do not include cooling or putting the mug into the coffeemachine. The only actions that can give me more information about the mug are to examine it. By examining mug 2 I can learn whether it is already cool or not, which is the only relevant information I can obtain with the current action set. Therefore the best next step is to examine the mug. | progress: step_till_now: 0
203	goal: cool some mug and put it in coffeemachine. | state: observation: ('You open the cabinet 6. The cabinet 6 is open. In it, you see a saltshaker 3.',) | context: STEP 0: OBSERVATION: -= Welcome to TextWorld, ALFRED! =-\n\nYou are in the middle of a room. Looking quickly around you, you see a cabinet 10, a cabinet 9, a cabinet 8, a cabinet 7, a cabinet 6, a cabinet 5, a cabinet 4, a cabinet 3, a cabinet 2, a cabinet 1, a coffeemachine 1, a countertop 3, a countertop 2, a countertop 1, a diningtable 1, a drawer 6, a drawer 5, a drawer 4, a drawer 3, a drawer 2, a drawer 1, a fridge 1, a garbagecan 1, a microwave 1, a sinkbasin 1, a stoveburner 4, a stoveburner 3, a stoveburner 2, a stoveburner 1, and a toaster 1.\n | ACTION: go to cabinet 6 | REWARD: 0.0 | REASONING: Let's think step by step. I need to find a mug to cool and then put it in the coffeemachine. The only way to get a mug is to go to a cabinet that contains one. I don't know which cabinet has a mug, so I will start by going to cabinet 6, which is a common location for mugs in this environment. Once I get there, I can look for the mug and then proceed to cool it in the fridge and finally put it in the coffeemachine.\nSTEP 1: OBSERVATION: ('You arrive at cabinet 6. The cabinet 6 is closed.',) | ACTION: open cabinet 6 | REWARD: 0.0 | REASONING: Let's think step by step. I am at cabinet 6, which is closed. To find a mug inside, I must open it. The only action that will allow me to see inside is 'open cabinet 6'. | progress: step_till_now: 0
204	goal: put a cool bowl in microwave. | state: observation: -= Welcome to TextWorld, ALFRED! =-\n\nYou are in the middle of a room. Looking quickly around you, you see a cabinet 13, a cabinet 12, a cabinet 11, a cabinet 10, a cabinet 9, a cabinet 8, a cabinet 7, a cabinet 6, a cabinet 5, a cabinet 4, a cabinet 3, a cabinet 2, a cabinet 1, a coffeemachine 1, a countertop 1, a drawer 5, a drawer 4, a drawer 3, a drawer 2, a drawer 1, a fridge 1, a garbagecan 1, a microwave 1, a sinkbasin 1, a stoveburner 4, a stoveburner 3, a stoveburner 2, a stoveburner 1, and a toaster 1.\n | context:  | progress: step_till_now: 0
205	goal: put a cool bowl in countertop. | state: observation: -= Welcome to TextWorld, ALFRED! =-\n\nYou are in the middle of a room. Looking quickly around you, you see a cabinet 20, a cabinet 19, a cabinet 18, a cabinet 17, a cabinet 16, a cabinet 15, a cabinet 14, a cabinet 13, a cabinet 12, a cabinet 11, a cabinet 10, a cabinet 9, a cabinet 8, a cabinet 7, a cabinet 6, a cabinet 5, a cabinet 4, a cabinet 3, a cabinet 2, a cabinet 1, a coffeemachine 1, a countertop 2, a countertop 1, a diningtable 2, a diningtable 1, a drawer 6, a drawer 5, a drawer 4, a drawer 3, a drawer 2, a drawer 1, a fridge 1, a garbagecan 1, a microwave 1, a sinkbasin 1, a stoveburner 4, a stoveburner 3, a stoveburner 2, a stoveburner 1, and a toaster 1.\n | context:  | progress: step_till_now: 0
206	goal: put a cool mug in coffeemachine. | state: observation: ('You arrive at cabinet 1. On the cabinet 1, you see a cup 1, and a winebottle 1.',) | context: STEP 0: OBSERVATION: -= Welcome to TextWorld, ALFRED! =-\n\nYou are in the middle of a room. Looking quickly around you, you see a cabinet 26, a cabinet 25, a cabinet 24, a cabinet 23, a cabinet 22, a cabinet 21, a cabinet 20, a cabinet 19, a cabinet 18, a cabinet 17, a cabinet 16, a cabinet 15, a cabinet 14, a cabinet 13, a cabinet 12, a cabinet 11, a cabinet 10, a cabinet 9, a cabinet 8, a cabinet 7, a cabinet 6, a cabinet 5, a cabinet 4, a cabinet 3, a cabinet 2, a cabinet 1, a coffeemachine 1, a countertop 3, a countertop 2, a countertop 1, a drawer 12, a drawer 11, a drawer 10, a drawer 9, a drawer 8, a drawer 7, a drawer 6, a drawer 5, a drawer 4, a drawer 3, a drawer 2, a drawer 1, a fridge 1, a garbagecan 1, a microwave 1, a sinkbasin 1, a stoveburner 4, a stoveburner 3, a stoveburner 2, a stoveburner 1, and a toaster 1.\n | ACTION: go to cabinet 1 | REWARD: 0.0 | REASONING: Let's think step by step. I need to find a mug to cool and then place it in the coffeemachine. The first step is to locate a mug. I will start by exploring a cabinet, such as cabinet 1, to see if it contains a mug. | progress: step_till_now: 0
207	goal: put a cool mug in shelf. | state: observation: ('You arrive at cabinet 3. The cabinet 3 is closed.',) | context: STEP 2: OBSERVATION: ('You open the cabinet 1. The cabinet 1 is open. In it, you see nothing.',) | ACTION: go to cabinet 2 | REWARD: 0.0 | REASONING: Let's think step by step. The current cabinet 1 is open but empty, so I need to search other locations for a mug. The next logical step is to move to cabinet 2 to continue the search.\nSTEP 3: OBSERVATION: ('You arrive at cabinet 2. The cabinet 2 is closed.',) | ACTION: open cabinet 2 | REWARD: 0.0 | REASONING: Let's think step by step. I am currently at cabinet 2, which is closed. To search for a mug, I need to open it. The only action that will allow me to see inside is 'open cabinet 2'.\nSTEP 4: OBSERVATION: ('You open the cabinet 2. The cabinet 2 is open. In it, you see nothing.',) | ACTION: go to cabinet 3 | REWARD: 0.0 | REASONING: Let's think step by step. I have opened cabinet 2 and found nothing inside. To locate a mug, I need to search other locations. The next logical step is to move to the next cabinet, cabinet 3, to continue the search. | progress: step_till_now: 0
208	goal: put a cool egg in microwave. | state: observation: ('You arrive at cabinet 3. The cabinet 3 is closed.',) | context: STEP 6: OBSERVATION: ('You open the cabinet 1. The cabinet 1 is open. In it, you see nothing.',) | ACTION: go to cabinet 2 | REWARD: 0.0 | REASONING: Let's think step by step. We have opened cabinet 1 and found nothing. The goal is to find an egg, cool it, and put it in the microwave. The next logical step is to search other cabinets for the egg. We can go to cabinet 2 to continue the search.\nSTEP 7: OBSERVATION: ('You arrive at cabinet 2. The cabinet 2 is closed.',) | ACTION: open cabinet 2 | REWARD: 0.0 | REASONING: Let's think step by step. I am currently at cabinet 2, which is closed. To locate an egg, I need to inspect the contents of this cabinet. The only logical next step is to open it.\nSTEP 8: OBSERVATION: ('You open the cabinet 2. The cabinet 2 is open. In it, you see a cup 1.',) | ACTION: go to cabinet 3 | REWARD: 0.0 | REASONING: Let's think step by step. I am currently at cabinet 2, which is open, and I see only a cup 1. I need to find an egg to cool and put in the microwave. The next logical step is to search another cabinet for the egg. I will go to cabinet 3 to continue the search. | progress: step_till_now: 0
209	goal: cool some lettuce and put it in diningtable. | state: observation: ('You arrive at cabinet 2. The cabinet 2 is closed.',) | context: STEP 2: OBSERVATION: ('You arrive at fridge 1. The fridge 1 is closed.',) | ACTION: open fridge 1 | REWARD: 0.0 | REASONING: Let's think step by step. I am at fridge 1 which is closed. To find lettuce I need to open it. Opening the fridge will reveal its contents, allowing me to locate lettuce. This is the next logical step toward cooling lettuce and placing it on the dining table.\nSTEP 3: OBSERVATION: ('You open the fridge 1. The fridge 1 is open. In it, you see a bowl 1, a egg 3, a egg 1, and a tomato 1.',) | ACTION: go to cabinet 1 | REWARD: 0.0 | REASONING: Let's think step by step. I need to find lettuce to cool and put on the dining table. The fridge does not contain lettuce. The next logical step is to explore a cabinet where food items might be stored. I will go to cabinet 1 to look for lettuce.\nSTEP 4: OBSERVATION: ('You arrive at cabinet 1. On the cabinet 1, you see nothing.',) | ACTION: go to cabinet 2 | REWARD: 0.0 | REASONING: Let's think step by step. I am currently at cabinet 1 and it contains nothing. I need to find lettuce to cool and place on the dining table. The next logical location to search for food items is cabinet 2. I will navigate there to continue the search. | progress: step_till_now: 0
210	goal: cool some egg and put it in microwave. | state: observation: ('You arrive at fridge 1. The fridge 1 is open. In it, you see a apple 2, a bowl 2, a bowl 1, a lettuce 3, a lettuce 2, a lettuce 1, and a tomato 1.',) | context: STEP 4: OBSERVATION: ('You open the cabinet 1. The cabinet 1 is open. In it, you see nothing.',) | ACTION: go to cabinet 20 | REWARD: 0.0 | REASONING: Let's think step by step. I need to find an egg to cool and put in microwave. The only place left to search is cabinet 2. I will go there.\nSTEP 5: OBSERVATION: ('You arrive at cabinet 20. The cabinet 20 is closed.',) | ACTION: open cabinet 20 | REWARD: 0.0 | REASONING: Let's think step by step. I am currently at cabinet 20 which is closed. To find an egg I need to inspect the contents of the cabinet. The only way to see inside is to open it. Therefore the best next action is to open cabinet 20.\nSTEP 6: OBSERVATION: ('You open the cabinet 20. The cabinet 20 is open. In it, you see a dishsponge 1, and a plate 2.',) | ACTION: go to fridge 1 | REWARD: 0.0 | REASONING: Let's think step by step. I need to find an egg to cool and then put it in the microwave. The current cabinet 20 contains only a dishsponge and a plate, so no egg is present. The next logical place to search for an egg is the fridge, where eggs are typically stored. Therefore I should navigate to the fridge to look for an egg. | progress: step_till_now: 0
211	goal: cool some lettuce and put it in countertop. | state: observation: ('You arrive at cabinet 2. The cabinet 2 is closed.',) | context: STEP 4: OBSERVATION: ('You open the cabinet 1. The cabinet 1 is open. In it, you see a saltshaker 1.',) | ACTION: go to drawer 1 | REWARD: 0.0 | REASONING: Let's think step by step. I need to find lettuce to cool it and place it on the countertop. Currently I am in cabinet 1, which only contains a saltshaker. I have not found lettuce yet. The next logical step is to explore another location that might contain lettuce, such as a drawer. I will go to drawer 1 to search for lettuce.\nSTEP 5: OBSERVATION: ('You arrive at drawer 1. The drawer 1 is closed.',) | ACTION: open drawer 1 | REWARD: 0.0 | REASONING: Let's think step by step. I need to locate lettuce to cool it and place it on the countertop. I am currently at drawer 1, which is closed. The next logical step is to open drawer 1 to inspect its contents for lettuce.\nSTEP 6: OBSERVATION: ('You open the drawer 1. The drawer 1 is open. In it, you see a fork 1.',) | ACTION: go to cabinet 2 | REWARD: 0.0 | REASONING: Let's think step by step. I am currently in drawer 1, which is open and contains only a fork. I have not found any lettuce yet, which is required for the task. The next logical step is to explore another location that might contain lettuce, such as a cabinet. I will go to cabinet 2 to continue searching for lettuce. | progress: step_till_now: 0
212	goal: put a cool mug in cabinet. | state: observation: ('You arrive at cabinet 6. The cabinet 6 is open. In it, you see a saltshaker 2.',) | context: STEP 10: OBSERVATION: ('You arrive at cabinet 6. The cabinet 6 is open. In it, you see a saltshaker 2.',) | ACTION: go to cabinet 7 | REWARD: 0.0 | REASONING: Let's think step by step. The goal is to put a cool mug in a cabinet, but I currently have no mug in hand. I am at cabinet 6, which only contains a saltshaker 2. I need to locate a mug first. The most logical next step is to search another cabinet that might contain a mug. I will go to cabinet 7 to continue the search.\nSTEP 11: OBSERVATION: ('You arrive at cabinet 7. The cabinet 7 is closed.',) | ACTION: open cabinet 7 | REWARD: 0.0 | REASONING: Let's think step by step. I am at cabinet 7 which is closed. To find a mug I need to inspect its contents. The only way to see inside is to open it. Therefore I should open cabinet 7.\nSTEP 12: OBSERVATION: ('You open the cabinet 7. The cabinet 7 is open. In it, you see nothing.',) | ACTION: go to cabinet 6 | REWARD: 0.0 | REASONING: Let's think step by step. I need a mug to cool and put in a cabinet. I am currently at cabinet 7, which is empty. The only remaining cabinet that might contain a mug is cabinet 6, which previously had a mug 3. I should go there to retrieve the mug before cooling it and placing it in a cabinet. | progress: step_till_now: 0
213	goal: cool some bread and put it in diningtable. | state: observation: ('You open the cabinet 3. The cabinet 3 is open. In it, you see nothing.',) | context: STEP 5: OBSERVATION: ('You arrive at cabinet 2. The cabinet 2 is closed.',) | ACTION: open cabinet 2 | REWARD: 0.0 | REASONING: Let's think step by step. I am currently at cabinet 2, which is closed. To find bread, I need to inspect its contents. The next logical action is to open cabinet 2.\nSTEP 6: OBSERVATION: ('You open the cabinet 2. The cabinet 2 is open. In it, you see nothing.',) | ACTION: go to cabinet 3 | REWARD: 0.0 | REASONING: Let's think step by step. I am currently at cabinet 2 which is open but empty. I need to find bread to cool and then place it on the diningtable. The next logical step is to search another cabinet that might contain bread. I will go to cabinet 3 to inspect its contents.\nSTEP 7: OBSERVATION: ('You arrive at cabinet 3. The cabinet 3 is closed.',) | ACTION: open cabinet 3 | REWARD: 0.0 | REASONING: Let's think step by step. I am currently at cabinet 3, which is closed. To find bread, I need to inspect its contents. The next logical action is to open cabinet 3. | progress: step_till_now: 0
214	goal: heat some tomato and put it in garbagecan. | state: observation: ('You arrive at drawer 3. The drawer 3 is closed.',) | context: STEP 8: OBSERVATION: ('You arrive at drawer 2. The drawer 2 is closed.',) | ACTION: open drawer 2 | REWARD: 0.0 | REASONING: Let's think step by step. I am currently at drawer 2, which is closed. To find a tomato, I need to inspect the contents of the drawer. The only way to see inside is to open it. Therefore I should open drawer 2.\nSTEP 9: OBSERVATION: ('You open the drawer 2. The drawer 2 is open. In it, you see a spoon 1.',) | ACTION: go to fridge 1 | REWARD: 0.0 | REASONING: Let's think step by step. I currently have no tomato in my possession and the only object in drawer 2 is a spoon. To accomplish the goal of heating a tomato and discarding it, I need to locate a tomato first. The most common place for tomatoes is the fridge. Therefore, I should go to fridge 1 to search for a tomato.\nSTEP 10: OBSERVATION: ('You arrive at fridge 1. The fridge 1 is open. In it, you see a egg 3, and a lettuce 1.',) | ACTION: go to drawer 3 | REWARD: 0.0 | REASONING: Let's think step by step. I am currently at fridge 1, which is open, but it only contains an egg and lettuce, so no tomato is present. To accomplish the goal of heating a tomato and discarding it, I need to locate a tomato. The most common places for tomatoes are in drawers or cabinets. I have already checked drawer 2, so the next logical step is to inspect another drawer. I will go to drawer 3 to continue searching for a tomato. | progress: step_till_now: 0
215	goal: put a cool mug in coffeemachine. | state: observation: ('You arrive at cabinet 2. The cabinet 2 is open. In it, you see nothing.',) | context: STEP 8: OBSERVATION: ('You arrive at cabinet 5. The cabinet 5 is closed.',) | ACTION: open cabinet 5 | REWARD: 0.0 | REASONING: Let's think step by step. I am currently at cabinet 5, which is closed. I need to find a mug to cool and place in the coffeemachine. The logical next step is to inspect the contents of cabinet 5 by opening it. This will allow me to see if a mug is present or if I need to explore further.\nSTEP 9: OBSERVATION: ('You open the cabinet 5. The cabinet 5 is open. In it, you see nothing.',) | ACTION: go to cabinet 1 | REWARD: 0.0 | REASONING: Let's think step by step. I have opened cabinet 5 and found nothing inside. I still need to locate a mug to cool and place in the coffeemachine. The next logical step is to explore another cabinet that might contain a mug. I will go to cabinet 4 to continue searching for the mug.\nSTEP 10: OBSERVATION: ('You arrive at cabinet 1. The cabinet 1 is open. In it, you see nothing.',) | ACTION: go to cabinet 2 | REWARD: 0.0 | REASONING: Let's think step by step. I have opened cabinet 1 and found nothing. I still need to locate a mug to cool and then place it in the coffeemachine. The next logical step is to explore another cabinet that might contain a mug. I will go to cabinet 2 to continue searching for the mug. | progress: step_till_now: 0
216	goal: put a hot apple in fridge. | state: observation: -= Welcome to TextWorld, ALFRED! =-\n\nYou are in the middle of a room. Looking quickly around you, you see a cabinet 19, a cabinet 18, a cabinet 17, a cabinet 16, a cabinet 15, a cabinet 14, a cabinet 13, a cabinet 12, a cabinet 11, a cabinet 10, a cabinet 9, a cabinet 8, a cabinet 7, a cabinet 6, a cabinet 5, a cabinet 4, a cabinet 3, a cabinet 2, a cabinet 1, a coffeemachine 1, a countertop 3, a countertop 2, a countertop 1, a drawer 4, a drawer 3, a drawer 2, a drawer 1, a fridge 1, a garbagecan 1, a microwave 1, a sinkbasin 1, a stoveburner 4, a stoveburner 3, a stoveburner 2, a stoveburner 1, and a toaster 1.\n | context:  | progress: step_till_now: 0
217	goal: put a hot cup in countertop. | state: observation: ('On the cabinet 1, you see a peppershaker 1.',) | context: STEP 1: OBSERVATION: ('You are in the middle of a room. Looking quickly around you, you see nothing.',) | ACTION: go to cabinet 1 | REWARD: 0.0 | REASONING: Let's think step by step. I need to find a cup to heat and place on the countertop. The current observation shows nothing visible, so I should move to a location where objects are present, such as a cabinet. I'll go to cabinet 1 to look for a cup.\nSTEP 2: OBSERVATION: ('You arrive at cabinet 1. On the cabinet 1, you see a peppershaker 1.',) | ACTION: examine cabinet 1 | REWARD: 0.0 | REASONING: Let's think step by step. I need to find a cup to heat and place on the countertop. Currently I am at cabinet 1 and only see a peppershaker 1. The next step is to examine the cabinet to see if it contains a cup or other items that could be used. This will give me more information about what is inside the cabinet and whether a cup is present.\nSTEP 3: OBSERVATION: ('On the cabinet 1, you see a peppershaker 1.',) | ACTION: examine cabinet 1 | REWARD: 0.0 | REASONING: Let's think step by step. I am currently at cabinet 1 and only see a peppershaker 1. To find a cup, I should examine the cabinet to see if it contains a cup or other items that could be used. This will give me more information about what is inside the cabinet and whether a cup is present. | progress: step_till_now: 0
218	goal: put a hot plate in diningtable. | state: observation: ('You are in the middle of a room. Looking quickly around you, you see nothing.',) | context: STEP 0: OBSERVATION: -= Welcome to TextWorld, ALFRED! =-\n\nYou are in the middle of a room. Looking quickly around you, you see a cabinet 11, a cabinet 10, a cabinet 9, a cabinet 8, a cabinet 7, a cabinet 6, a cabinet 5, a cabinet 4, a cabinet 3, a cabinet 2, a cabinet 1, a coffeemachine 1, a countertop 2, a countertop 1, a diningtable 2, a diningtable 1, a drawer 3, a drawer 2, a drawer 1, a fridge 1, a garbagecan 1, a microwave 1, a sidetable 1, a sinkbasin 1, a stoveburner 4, a stoveburner 3, a stoveburner 2, a stoveburner 1, and a toaster 1.\n | ACTION: look | REWARD: 0.0 | REASONING: Fallback: structured parsing failed, using look action | progress: step_till_now: 0
219	goal: put a hot bread in garbagecan. | state: observation: ('You arrive at diningtable 1. On the diningtable 1, you see a bread 4, a bread 2, a butterknife 2, a cup 3, a dishsponge 3, a dishsponge 2, a knife 3, a lettuce 2, a mug 3, a peppershaker 2, a potato 1, a saltshaker 3, a soapbottle 2, a soapbottle 1, a spatula 3, a spoon 3, and a winebottle 2.',) | context: STEP 0: OBSERVATION: -= Welcome to TextWorld, ALFRED! =-\n\nYou are in the middle of a room. Looking quickly around you, you see a cabinet 11, a cabinet 10, a cabinet 9, a cabinet 8, a cabinet 7, a cabinet 6, a cabinet 5, a cabinet 4, a cabinet 3, a cabinet 2, a cabinet 1, a coffeemachine 1, a countertop 2, a countertop 1, a diningtable 1, a drawer 3, a drawer 2, a drawer 1, a fridge 1, a garbagecan 1, a microwave 1, a sinkbasin 1, a stoveburner 4, a stoveburner 3, a stoveburner 2, a stoveburner 1, and a toaster 1.\n | ACTION: go to countertop 1 | REWARD: 0.0 | REASONING: Let's think step by step. I need to find a bread to heat and then discard it in the garbagecan. The bread is likely on a countertop or diningtable. I will first go to countertop 1 to look for bread.\nSTEP 1: OBSERVATION: ('You arrive at countertop 1. On the countertop 1, you see a cup 2, a knife 1, a mug 1, a pan 2, a pan 1, a plate 1, a spoon 1, a tomato 1, and a winebottle 1.',) | ACTION: go to diningtable 1 | REWARD: 0.0 | REASONING: Let's think step by step. I need to find a bread to heat and then discard it in the garbagecan. The bread is not on countertop 1, so I should look elsewhere, likely on the diningtable. I will go to diningtable 1 to search for bread. | progress: step_till_now: 0
220	goal: heat some apple and put it in fridge. | state: observation: ('You arrive at cabinet 4. The cabinet 4 is closed.',) | context: STEP 5: OBSERVATION: ('You arrive at cabinet 3. The cabinet 3 is closed.',) | ACTION: open cabinet 3 | REWARD: 0.0 | REASONING: Let's think step by step. I am currently at cabinet 3, which is closed. To find an apple, I need to inspect its contents. The only logical next step is to open cabinet 3.\nSTEP 6: OBSERVATION: ('You open the cabinet 3. The cabinet 3 is open. In it, you see a saltshaker 1.',) | ACTION: go to cabinet 1 | REWARD: 0.0 | REASONING: Let's think step by step. I have opened cabinet 3 and found only a saltshaker, no apple. To locate an apple, I need to explore other cabinets. The next logical step is to go to cabinet 1 and inspect its contents.\nSTEP 7: OBSERVATION: ('You arrive at cabinet 1. The cabinet 1 is open. In it, you see a kettle 1.',) | ACTION: go to cabinet 4 | REWARD: 0.0 | REASONING: Let's think step by step. I need to find an apple to heat and put in the fridge. The current cabinet 1 only contains a kettle, so I should explore another cabinet. I will go to cabinet 4 to continue searching for an apple. | progress: step_till_now: 0
221	goal: heat some apple and put it in garbagecan. | state: observation: ('You arrive at fridge 1. The fridge 1 is closed.',) | context: STEP 0: OBSERVATION: -= Welcome to TextWorld, ALFRED! =-\n\nYou are in the middle of a room. Looking quickly around you, you see a cabinet 18, a cabinet 17, a cabinet 16, a cabinet 15, a cabinet 14, a cabinet 13, a cabinet 12, a cabinet 11, a cabinet 10, a cabinet 9, a cabinet 8, a cabinet 7, a cabinet 6, a cabinet 5, a cabinet 4, a cabinet 3, a cabinet 2, a cabinet 1, a coffeemachine 1, a countertop 4, a countertop 3, a countertop 2, a countertop 1, a drawer 7, a drawer 6, a drawer 5, a drawer 4, a drawer 3, a drawer 2, a drawer 1, a fridge 1, a garbagecan 1, a microwave 1, a sinkbasin 1, a stoveburner 4, a stoveburner 3, a stoveburner 2, a stoveburner 1, and a toaster 1.\n | ACTION: go to fridge 1 | REWARD: 0.0 | REASONING: Let's think step by step. I need to find an apple to heat and then discard it. The observation shows a fridge 1, which is a common place for apples. I will go to the fridge to look for an apple. | progress: step_till_now: 0
222	goal: put a hot potato in sidetable. | state: observation: ('You open the drawer 2. The drawer 2 is open. In it, you see nothing.',) | context: STEP 6: OBSERVATION: ('You arrive at fridge 1. The fridge 1 is closed.',) | ACTION: open fridge 1 | REWARD: 0.0 | REASONING: Let's think step by step. I am currently at fridge 1, which is closed. To find a potato, I need to inspect the contents of the fridge. The only logical action is to open the fridge to see what is inside.\nSTEP 7: OBSERVATION: ('You open the fridge 1. The fridge 1 is open. In it, you see a cup 1, and a egg 1.',) | ACTION: go to drawer 2 | REWARD: 0.0 | REASONING: Let's think step by step. I need to find a potato to heat and then place it on the sidetable. The fridge contains only a cup and an egg, so the potato is not there. I should search other storage locations. The next logical step is to go to another drawer, such as drawer 2, to look for a potato.\nSTEP 8: OBSERVATION: ('You arrive at drawer 2. The drawer 2 is closed.',) | ACTION: open drawer 2 | REWARD: 0.0 | REASONING: Let's think step by step. I am currently at drawer 2, which is closed. To find a potato, I need to inspect the contents of the drawer. The logical next step is to open drawer 2. | progress: step_till_now: 0
223	goal: heat some cup and put it in cabinet. | state: observation: ('You arrive at cabinet 4. On the cabinet 4, you see nothing.',) | context: STEP 8: OBSERVATION: ('You arrive at countertop 1. On the countertop 1, you see a butterknife 1, a egg 1, a knife 1, a pan 1, and a plate 1.',) | ACTION: go to cabinet 1 | REWARD: 0.0 | REASONING: Let's think step by step. I need to find a cup to heat and then put it in a cabinet. I have searched cabinet 2 and countertop 1, but found no cup. The next logical place to look for a cup is another cabinet. I will go to cabinet 1 to search for a cup.\nSTEP 9: OBSERVATION: ('You arrive at cabinet 1. The cabinet 1 is open. In it, you see a vase 2.',) | ACTION: go to cabinet 2 | REWARD: 0.0 | REASONING: Let's think step by step. I need to find a cup to heat and then put it in a cabinet. I currently have no cup in my inventory and the only object in cabinet 1 is a vase. I should search another cabinet that might contain a cup. The next logical step is to go to cabinet 2 to look for a cup.\nSTEP 10: OBSERVATION: ('You arrive at cabinet 2. The cabinet 2 is open. In it, you see nothing.',) | ACTION: go to cabinet 4 | REWARD: 0.0 | REASONING: Let's think step by step. I have searched cabinet 1, 2, and 3 and found no cup. The next logical place to look for a cup is another cabinet. I will go to cabinet 4 to continue searching for a cup to heat and later put in a cabinet. | progress: step_till_now: 0
224	"goal: put a hot cup in fridge. | state: observation: ('You move the mug 1 to the fridge 1.',) | context: STEP 5: OBSERVATION: ('You are facing the microwave 1. Next to it, you see nothing.',) | ACTION: go to fridge 1 | REWARD: 0.0 | REASONING: Let's think step by step. I have already heated mug 1 using the microwave. The goal is to put a hot cup in the fridge. I am currently at the microwave, so I need to move to the fridge to place the mug. The appropriate action is to go to fridge 1.\nSTEP 6: OBSERVATION: ('You arrive at fridge 1. The fridge 1 is closed.',) | ACTION: open fridge 1 | REWARD: 0.0 | REASONING: Let's think step by step. I have mug 1 heated and I am at fridge 1, which is closed. To place the mug inside, I must first open the fridge. The only action that allows me to do that is 'open fridge 1'.\nSTEP 7: OBSERVATION: ('You open the fridge 1. The fridge 1 is open. In it, you see a bread 3, a lettuce 2, and a lettuce 1.',) | ACTION: move mug 1 to fridge 1 | REWARD: 0.0 | REASONING: Let's think step by step. The goal is to put a hot cup in the fridge. We have already heated mug 1 and the fridge is open. The only action that places the mug into the fridge is ""move mug 1 to fridge 1"". This will satisfy the goal. | progress: step_till_now: 0"
225	goal: heat some tomato and put it in garbagecan. | state: observation: ('You open the fridge 1. The fridge 1 is open. In it, you see a egg 3, and a lettuce 1.',) | context: STEP 0: OBSERVATION: -= Welcome to TextWorld, ALFRED! =-\n\nYou are in the middle of a room. Looking quickly around you, you see a cabinet 9, a cabinet 8, a cabinet 7, a cabinet 6, a cabinet 5, a cabinet 4, a cabinet 3, a cabinet 2, a cabinet 1, a coffeemachine 1, a countertop 2, a countertop 1, a drawer 13, a drawer 12, a drawer 11, a drawer 10, a drawer 9, a drawer 8, a drawer 7, a drawer 6, a drawer 5, a drawer 4, a drawer 3, a drawer 2, a drawer 1, a fridge 1, a garbagecan 1, a microwave 1, a sinkbasin 1, a stoveburner 6, a stoveburner 5, a stoveburner 4, a stoveburner 3, a stoveburner 2, a stoveburner 1, and a toaster 1.\n | ACTION: go to fridge 1 | REWARD: 0.0 | REASONING: Let's think step by step. The goal is to heat a tomato and put it in the garbagecan. I need to locate a tomato first. The most common place for a tomato is the fridge. I will go to the fridge to search for it.\nSTEP 1: OBSERVATION: ('You arrive at fridge 1. The fridge 1 is closed.',) | ACTION: open fridge 1 | REWARD: 0.0 | REASONING: Let's think step by step. I am at fridge 1, which is closed. To find a tomato, I need to open the fridge to see its contents. The only relevant action is to open the fridge. | progress: step_till_now: 0
226	goal: put a hot plate in diningtable. | state: observation: ('You arrive at cabinet 3. The cabinet 3 is closed.',) | context: STEP 4: OBSERVATION: ('You open the cabinet 1. The cabinet 1 is open. In it, you see nothing.',) | ACTION: go to cabinet 2 | REWARD: 0.0 | REASONING: Let's think step by step. I am currently at cabinet 1, which is open but empty. I need to find a plate to heat and then place it on the diningtable. Plates are usually stored in cabinets or drawers. I will move to another cabinet to search for a plate. The next logical step is to go to cabinet 2.\nSTEP 5: OBSERVATION: ('You arrive at cabinet 2. The cabinet 2 is closed.',) | ACTION: look | REWARD: 0.0 | REASONING: Fallback: structured parsing failed, using look action\nSTEP 6: OBSERVATION: ('You are facing the cabinet 2. Next to it, you see nothing.',) | ACTION: go to cabinet 3 | REWARD: 0.0 | REASONING: Let's think step by step. I am currently at cabinet 2, which is empty. I need to find a plate to heat and later put on the diningtable. Plates are usually stored in cabinets or drawers. I should move to another cabinet to search for a plate. The next logical step is to go to cabinet 3. | progress: step_till_now: 0
227	goal: heat some potato and put it in fridge. | state: observation: -= Welcome to TextWorld, ALFRED! =-\n\nYou are in the middle of a room. Looking quickly around you, you see a cabinet 15, a cabinet 14, a cabinet 13, a cabinet 12, a cabinet 11, a cabinet 10, a cabinet 9, a cabinet 8, a cabinet 7, a cabinet 6, a cabinet 5, a cabinet 4, a cabinet 3, a cabinet 2, a cabinet 1, a coffeemachine 1, a countertop 4, a countertop 3, a countertop 2, a countertop 1, a drawer 4, a drawer 3, a drawer 2, a drawer 1, a fridge 1, a garbagecan 1, a microwave 1, a sinkbasin 1, a stoveburner 4, a stoveburner 3, a stoveburner 2, a stoveburner 1, and a toaster 1.\n | context:  | progress: step_till_now: 0
228	goal: heat some mug and put it in coffeemachine. | state: observation: ('You open the cabinet 2. The cabinet 2 is open. In it, you see a soapbottle 1.',) | context: STEP 4: OBSERVATION: ('You are facing the drawer 1. Next to it, you see nothing.',) | ACTION: go to cabinet 1 | REWARD: 0.0 | REASONING: Let's think step by step. I need to find a mug to heat and put in the coffeemachine. I have only seen a dishsponge in drawer 1. The observation now shows I am facing drawer 1 but nothing next to it, so I am not inside the drawer. I should explore other locations that might contain mugs, such as cabinets. I will go to cabinet 1 to look for a mug.\nSTEP 5: OBSERVATION: ('You arrive at cabinet 1. On the cabinet 1, you see nothing.',) | ACTION: go to cabinet 2 | REWARD: 0.0 | REASONING: Let's think step by step. I am currently at cabinet 1 and it contains nothing. I need to find a mug to heat and put in the coffeemachine. The most likely place to find a mug is in another cabinet. I will move to cabinet 2 to search for a mug.\nSTEP 6: OBSERVATION: ('You arrive at cabinet 2. The cabinet 2 is closed.',) | ACTION: open cabinet 2 | REWARD: 0.0 | REASONING: Let's think step by step. I am currently at cabinet 2, which is closed. I need to find a mug to heat and put in the coffeemachine. The most logical next step is to open cabinet 2 to see if it contains a mug. | progress: step_till_now: 0
229	"goal: heat some potato and put it in garbagecan. | state: observation: ('You open the cabinet 5. The cabinet 5 is open. In it, you see a ladle 1, and a saltshaker 2.',) | context: STEP 1: OBSERVATION: ('You arrive at cabinet 1. On the cabinet 1, you see a cup 1, and a dishsponge 1.',) | ACTION: go to cabinet 2 | REWARD: 0.0 | REASONING: Let's think step by step. I need to find a potato to heat, but cabinet 1 only contains a cup and a dishsponge. The potato is likely in another cabinet. I will move to cabinet 2 to search for it.\nSTEP 2: OBSERVATION: ('You arrive at cabinet 2. On the cabinet 2, you see nothing.',) | ACTION: examine cabinet 5 | REWARD: 0.0 | REASONING: Let's think step by step. I am currently at cabinet 2 and it contains nothing. I need to find a potato to heat. The next logical place to search is cabinet 5, which may contain a potato. I will examine cabinet 5 to see its contents.\nSTEP 3: OBSERVATION: ('The cabinet 5 is closed.',) | ACTION: open cabinet 5 | REWARD: 0.0 | REASONING: Let's think step by step. The observation says cabinet 5 is closed. To see if it contains a potato, I need to open it. Opening the cabinet will reveal its contents, which is necessary to locate the potato for heating. The only relevant action from the list is ""open cabinet 5"". | progress: step_till_now: 0"
230	goal: heat some potato and put it in fridge. | state: observation: ('You arrive at cabinet 3. The cabinet 3 is closed.',) | context: STEP 6: OBSERVATION: ('You are facing the cabinet 2. Next to it, you see nothing.',) | ACTION: open cabinet 2 | REWARD: 0.0 | REASONING: Let's think step by step. I am currently facing cabinet 2 and see nothing. To find a potato, I need to inspect the contents of cabinet 2. The only way to see inside is to open it. Therefore I should open cabinet 2.\nSTEP 7: OBSERVATION: ('You open the cabinet 2. The cabinet 2 is open. In it, you see nothing.',) | ACTION: go to cabinet 1 | REWARD: 0.0 | REASONING: Let's think step by step. The current cabinet 2 is open but empty, so the potato is not there. I need to search other storage locations. The next logical place to look is cabinet 1, which is likely to contain food items such as potatoes. I will navigate to cabinet 1 to inspect its contents.\nSTEP 8: OBSERVATION: ('You arrive at cabinet 1. The cabinet 1 is open. In it, you see a cup 1, and a dishsponge 1.',) | ACTION: go to cabinet 3 | REWARD: 0.0 | REASONING: Let's think step by step. I am currently at cabinet 1, which contains a cup and a dishsponge, but no potato. The task requires heating a potato and putting it in the fridge. I need to locate a potato. The next logical step is to search another storage location that might contain food items. Cabinet 3 is a good candidate to check for a potato. Therefore I will go to cabinet 3. | progress: step_till_now: 0
231	goal: heat some bread and put it in diningtable. | state: observation: ('You are facing the fridge 1. Next to it, you see nothing.',) | context: STEP 3: OBSERVATION: ('You open the fridge 1. The fridge 1 is open. In it, you see a bread 3, a cup 2, and a lettuce 2.',) | ACTION: take bread 3 from fridge 1 | REWARD: 0.0 | REASONING: Let's think step by step. I need to heat bread and put it on the diningtable. The only bread available is bread 3 in the fridge. I must first take it from the fridge. I cannot heat it directly because the action list does not include a heating command, but taking the bread is the first necessary step before any further action. Therefore I will take bread 3 from fridge 1.\nSTEP 4: OBSERVATION: ('You pick up the bread 3 from the fridge 1.',) | ACTION: look | REWARD: 0.0 | REASONING: Fallback: structured parsing failed, using look action\nSTEP 5: OBSERVATION: ('You are facing the fridge 1. Next to it, you see nothing.',) | ACTION: look | REWARD: 0.0 | REASONING: Fallback: structured parsing failed, using look action | progress: step_till_now: 0
232	goal: put a hot tomato in fridge. | state: observation: ('You arrive at fridge 1. The fridge 1 is closed.',) | context: STEP 4: OBSERVATION: ('You arrive at microwave 1. The microwave 1 is closed.',) | ACTION: heat tomato 4 with microwave 1 | REWARD: 0.0 | REASONING: Let's think step by step. I have the tomato 4 in my hand and the microwave 1 is closed. The task requires heating the tomato before putting it in the fridge. The available action to heat the tomato with the microwave is directly available, and previous examples show that heating can be performed even when the microwave is closed. Therefore I will heat the tomato 4 with microwave 1.\nSTEP 5: OBSERVATION: ('You heat the tomato 4 using the microwave 1.',) | ACTION: look | REWARD: 0.0 | REASONING: Fallback: structured parsing failed, using look action\nSTEP 6: OBSERVATION: ('You are facing the microwave 1. Next to it, you see nothing.',) | ACTION: go to fridge 1 | REWARD: 0.0 | REASONING: Let's think step by step. I have the tomato 4 in my hand and it has been heated. The goal is to put a hot tomato in the fridge. I am currently facing the microwave 1 and have no other objects nearby. The next logical step is to move to the fridge so I can place the tomato there. Therefore I should go to fridge 1. | progress: step_till_now: 0
233	goal: put a hot mug in coffeemachine. | state: observation: ('You arrive at countertop 1. On the countertop 1, you see a bread 1, a butterknife 1, a fork 1, and a soapbottle 1.',) | context: STEP 0: OBSERVATION: -= Welcome to TextWorld, ALFRED! =-\n\nYou are in the middle of a room. Looking quickly around you, you see a cabinet 23, a cabinet 22, a cabinet 21, a cabinet 20, a cabinet 19, a cabinet 18, a cabinet 17, a cabinet 16, a cabinet 15, a cabinet 14, a cabinet 13, a cabinet 12, a cabinet 11, a cabinet 10, a cabinet 9, a cabinet 8, a cabinet 7, a cabinet 6, a cabinet 5, a cabinet 4, a cabinet 3, a cabinet 2, a cabinet 1, a coffeemachine 1, a countertop 3, a countertop 2, a countertop 1, a diningtable 1, a drawer 4, a drawer 3, a drawer 2, a drawer 1, a fridge 1, a garbagecan 1, a microwave 1, a sinkbasin 1, a stoveburner 4, a stoveburner 3, a stoveburner 2, a stoveburner 1, and a toaster 1.\n | ACTION: go to countertop 1 | REWARD: 0.0 | REASONING: Let's think step by step. I need to find a mug to heat and then put it in the coffeemachine. The observation lists a countertop 1, 2, 3, and a diningtable 1. I will go to countertop 1 to search for a mug. | progress: step_till_now: 0
234	goal: put a hot mug in sidetable. | state: observation: ('You open the cabinet 1. The cabinet 1 is open. In it, you see a cup 2, a cup 1, and a pan 1.',) | context: STEP 1: OBSERVATION: ('You arrive at fridge 1. The fridge 1 is closed.',) | ACTION: open fridge 1 | REWARD: 0.0 | REASONING: Let's think step by step. I need to find a mug to heat and then place it on the sidetable. The fridge is closed, so I should open it to see if a mug is inside. Opening the fridge will allow me to examine its contents and decide next steps.\nSTEP 2: OBSERVATION: ('You open the fridge 1. The fridge 1 is open. In it, you see a potato 1.',) | ACTION: go to cabinet 1 | REWARD: 0.0 | REASONING: Let's think step by step. I need a mug to heat and then place on the sidetable. The fridge only contains a potato, so I must search elsewhere. A common location for mugs is a cabinet or drawer. I will start by going to cabinet 1 to look for a mug.\nSTEP 3: OBSERVATION: ('You arrive at cabinet 1. The cabinet 1 is closed.',) | ACTION: open cabinet 1 | REWARD: 0.0 | REASONING: Let's think step by step. I am currently at cabinet 1, which is closed. I need to find a mug to heat and then place it on the sidetable. The most logical next step is to open cabinet 1 to inspect its contents for a mug. | progress: step_till_now: 0
235	goal: heat some apple and put it in fridge. | state: observation: ('You open the cabinet 1. The cabinet 1 is open. In it, you see a kettle 1.',) | context: STEP 0: OBSERVATION: -= Welcome to TextWorld, ALFRED! =-\n\nYou are in the middle of a room. Looking quickly around you, you see a cabinet 20, a cabinet 19, a cabinet 18, a cabinet 17, a cabinet 16, a cabinet 15, a cabinet 14, a cabinet 13, a cabinet 12, a cabinet 11, a cabinet 10, a cabinet 9, a cabinet 8, a cabinet 7, a cabinet 6, a cabinet 5, a cabinet 4, a cabinet 3, a cabinet 2, a cabinet 1, a coffeemachine 1, a countertop 3, a countertop 2, a countertop 1, a drawer 3, a drawer 2, a drawer 1, a fridge 1, a garbagecan 1, a microwave 1, a sinkbasin 1, a stoveburner 4, a stoveburner 3, a stoveburner 2, a stoveburner 1, and a toaster 1.\n | ACTION: go to cabinet 1 | REWARD: 0.0 | REASONING: Let's think step by step. I need to find an apple to heat and put in the fridge. The observation lists many cabinets and drawers, but no apple is visible in the room. The most common place for food items like apples is a cabinet or a drawer. I will start by exploring a cabinet, beginning with cabinet 1, to see if an apple is inside. If not, I can try other cabinets or drawers later. The first action is to go to cabinet 1.\nSTEP 1: OBSERVATION: ('You arrive at cabinet 1. The cabinet 1 is closed.',) | ACTION: open cabinet 1 | REWARD: 0.0 | REASONING: Let's think step by step. I am currently at cabinet 1, which is closed. To find an apple, I need to inspect the contents of the cabinet. The only action that allows me to see inside is to open it. Therefore, I will open cabinet 1. | progress: step_till_now: 0
236	goal: put a hot potato in sidetable. | state: observation: ('You open the cabinet 1. The cabinet 1 is open. In it, you see a dishsponge 1, a peppershaker 2, and a soapbottle 1.',) | context: STEP 0: OBSERVATION: -= Welcome to TextWorld, ALFRED! =-\n\nYou are in the middle of a room. Looking quickly around you, you see a cabinet 4, a cabinet 3, a cabinet 2, a cabinet 1, a coffeemachine 1, a countertop 1, a drawer 8, a drawer 7, a drawer 6, a drawer 5, a drawer 4, a drawer 3, a drawer 2, a drawer 1, a fridge 1, a garbagecan 1, a microwave 1, a sidetable 1, a sinkbasin 1, a stoveburner 4, a stoveburner 3, a stoveburner 2, a stoveburner 1, and a toaster 1.\n | ACTION: look | REWARD: 0.0 | REASONING: Let's think step by step. I need to find a potato to heat and then place it on the sidetable. I don't know where the potato is, so I should look around to see what objects are present in the current location. The 'look' action will provide that information.\nSTEP 1: OBSERVATION: ('You are in the middle of a room. Looking quickly around you, you see nothing.',) | ACTION: go to cabinet 1 | REWARD: 0.0 | REASONING: Let's think step by step. I have no objects in the current location, so I need to search for a potato. The most common place for a potato is in a cabinet or drawer. I'll start by going to cabinet 1 to look for a potato there.\nSTEP 2: OBSERVATION: ('You arrive at cabinet 1. The cabinet 1 is closed.',) | ACTION: open cabinet 1 | REWARD: 0.0 | REASONING: Let's think step by step. I am currently at cabinet 1, which is closed. To find a potato, I need to inspect the contents of the cabinet. The only logical action is to open the cabinet to see what is inside. | progress: step_till_now: 0
237	"goal: heat some potato and put it in garbagecan. | state: observation: ('You arrive at cabinet 1. On the cabinet 1, you see a cup 1, and a dishsponge 1.',) | context: STEP 6: OBSERVATION: ('The cabinet 3 is closed.',) | ACTION: examine cabinet 3 | REWARD: 0.0 | REASONING: Let's think step by step. I am currently at cabinet 3, which is closed. To find a potato, I need to see what is inside. The next logical action is to examine cabinet 3 to see its contents.\nSTEP 7: OBSERVATION: ('The cabinet 3 is closed.',) | ACTION: open cabinet 3 | REWARD: 0.0 | REASONING: Let's think step by step. The current observation indicates that cabinet 3 is still closed. To see its contents and locate a potato, I need to open it. The only action that changes its state is ""open cabinet 3"".\nSTEP 8: OBSERVATION: ('You open the cabinet 3. The cabinet 3 is open. In it, you see a bowl 1.',) | ACTION: go to cabinet 1 | REWARD: 0.0 | REASONING: Let's think step by step. I need to find a potato to heat. The cabinet 3 only has a bowl, so I should explore other cabinets. Going to cabinet 1 is a reasonable next step to locate a potato. | progress: step_till_now: 0"
238	goal: put a hot cup in cabinet. | state: observation: -= Welcome to TextWorld, ALFRED! =-\n\nYou are in the middle of a room. Looking quickly around you, you see a cabinet 19, a cabinet 18, a cabinet 17, a cabinet 16, a cabinet 15, a cabinet 14, a cabinet 13, a cabinet 12, a cabinet 11, a cabinet 10, a cabinet 9, a cabinet 8, a cabinet 7, a cabinet 6, a cabinet 5, a cabinet 4, a cabinet 3, a cabinet 2, a cabinet 1, a coffeemachine 1, a countertop 3, a countertop 2, a countertop 1, a drawer 4, a drawer 3, a drawer 2, a drawer 1, a fridge 1, a garbagecan 1, a microwave 1, a sinkbasin 1, a stoveburner 4, a stoveburner 3, a stoveburner 2, a stoveburner 1, and a toaster 1.\n | context:  | progress: step_till_now: 0
239	goal: put a hot cup in cabinet. | state: observation: ('You arrive at countertop 1. On the countertop 1, you see a egg 3, a knife 1, and a pan 1.',) | context: STEP 0: OBSERVATION: -= Welcome to TextWorld, ALFRED! =-\n\nYou are in the middle of a room. Looking quickly around you, you see a cabinet 11, a cabinet 10, a cabinet 9, a cabinet 8, a cabinet 7, a cabinet 6, a cabinet 5, a cabinet 4, a cabinet 3, a cabinet 2, a cabinet 1, a coffeemachine 1, a countertop 2, a countertop 1, a diningtable 2, a diningtable 1, a drawer 3, a drawer 2, a drawer 1, a fridge 1, a garbagecan 1, a microwave 1, a sidetable 1, a sinkbasin 1, a stoveburner 4, a stoveburner 3, a stoveburner 2, a stoveburner 1, and a toaster 1.\n | ACTION: go to countertop 1 | REWARD: 0.0 | REASONING: Let's think step by step. I need to find a cup to heat and then place it in a cabinet. The most likely location for a cup is on a countertop. I will navigate to countertop 1 to search for a cup. | progress: step_till_now: 0
240	goal: heat some plate and put it in countertop. | state: observation: ('You arrive at cabinet 1. The cabinet 1 is open. In it, you see a bowl 1.',) | context: STEP 11: OBSERVATION: ('The cabinet 6 is closed.',) | ACTION: examine cabinet 6 | REWARD: 0.0 | REASONING: Let's think step by step. I am currently at cabinet 6, which is closed. I need to find a plate to heat and place on a countertop. The only way to see inside cabinet 6 is to examine it. Therefore I should examine cabinet 6 to look for a plate.\nSTEP 12: OBSERVATION: ('The cabinet 6 is closed.',) | ACTION: open cabinet 6 | REWARD: 0.0 | REASONING: Let's think step by step. The goal is to heat a plate and put it on a countertop. We have not found a plate yet. The only way to see inside cabinet 6 is to open it. The admissible actions include 'open cabinet 6', which will reveal its contents. Therefore, the best next step is to open cabinet 6.\nSTEP 13: OBSERVATION: ('You open the cabinet 6. The cabinet 6 is open. In it, you see nothing.',) | ACTION: go to cabinet 1 | REWARD: 0.0 | REASONING: Let's think step by step. The cabinet 6 is open but empty, so we need to search elsewhere for a plate. The next logical step is to move to another cabinet that might contain a plate. We can go to cabinet 3 and then examine it. Therefore, I will go to cabinet 3. | progress: step_till_now: 0
241	goal: put a hot apple in fridge. | state: observation: ('You pick up the apple 1 from the diningtable 1.',) | context: STEP 0: OBSERVATION: -= Welcome to TextWorld, ALFRED! =-\n\nYou are in the middle of a room. Looking quickly around you, you see a cabinet 13, a cabinet 12, a cabinet 11, a cabinet 10, a cabinet 9, a cabinet 8, a cabinet 7, a cabinet 6, a cabinet 5, a cabinet 4, a cabinet 3, a cabinet 2, a cabinet 1, a coffeemachine 1, a countertop 1, a diningtable 1, a drawer 1, a fridge 1, a garbagecan 1, a microwave 1, a shelf 3, a shelf 2, a shelf 1, a sinkbasin 1, a stoveburner 4, a stoveburner 3, a stoveburner 2, a stoveburner 1, and a toaster 1.\n | ACTION: go to diningtable 1 | REWARD: 0.0 | REASONING: Let's think step by step. I need to find an apple to heat and then put it in the fridge. The diningtable 1 is a likely location for an apple. I will navigate there first.\nSTEP 1: OBSERVATION: ('You arrive at diningtable 1. On the diningtable 1, you see a apple 1, a bread 1, a fork 3, a fork 2, a fork 1, a mug 2, a peppershaker 3, a plate 2, a pot 1, a soapbottle 3, a spatula 1, a spoon 3, a spoon 2, a spoon 1, a winebottle 3, and a winebottle 2.',) | ACTION: take apple 1 from diningtable 1 | REWARD: 0.0 | REASONING: Let's think step by step. I need to get the apple from the diningtable so I can heat it and then put it in the fridge. The apple is visible on the diningtable, so I should pick it up first. | progress: step_till_now: 0
242	goal: put a hot plate in countertop. | state: observation: ('You arrive at cabinet 1. The cabinet 1 is open. In it, you see nothing.',) | context: STEP 7: OBSERVATION: ('You arrive at cabinet 3. The cabinet 3 is closed.',) | ACTION: look | REWARD: 0.0 | REASONING: Fallback: structured parsing failed, using look action\nSTEP 8: OBSERVATION: ('You are facing the cabinet 3. Next to it, you see nothing.',) | ACTION: open cabinet 3 | REWARD: 0.0 | REASONING: Let's think step by step. I need to find a plate to heat and then place it on the countertop. I am currently facing cabinet 3, which is closed and empty. The next logical step is to open cabinet 3 to inspect its contents for a plate.\nSTEP 9: OBSERVATION: ('You open the cabinet 3. The cabinet 3 is open. In it, you see a mug 2.',) | ACTION: go to cabinet 1 | REWARD: 0.0 | REASONING: Let's think step by step. I need a plate to heat and then place on the countertop. The only object I see in cabinet 3 is a mug, not a plate. I should search another cabinet that might contain plates. Going to cabinet 1 is a reasonable next step to find a plate. | progress: step_till_now: 0
243	goal: heat some plate and put it in countertop. | state: observation: ('You arrive at cabinet 2. The cabinet 2 is closed.',) | context: STEP 4: OBSERVATION: ('The cabinet 1 is closed.',) | ACTION: open cabinet 1 | REWARD: 0.0 | REASONING: Let's think step by step. I am currently at cabinet 1, which is closed. To find a plate to heat, I need to see what is inside the cabinet. The only way to see inside is to open it. Therefore I should open cabinet 1.\nSTEP 5: OBSERVATION: ('You open the cabinet 1. The cabinet 1 is open. In it, you see a saltshaker 1.',) | ACTION: go to countertop 1 | REWARD: 0.0 | REASONING: Let's think step by step. I have opened cabinet 1 and only found a saltshaker, not a plate. To find a plate I need to explore other locations. The most likely places for a plate are the countertop or dining table. I will move to countertop 1 to search for a plate there.\nSTEP 6: OBSERVATION: ('You arrive at countertop 1. On the countertop 1, you see nothing.',) | ACTION: go to cabinet 2 | REWARD: 0.0 | REASONING: Let's think step by step. I need a plate to heat and then place it on the countertop. I have not found a plate yet. The most common places for plates are cabinets or the dining table. I will go to cabinet 2 to search for a plate there. | progress: step_till_now: 0
244	goal: put a hot potato in diningtable. | state: observation: ('You open the cabinet 1. The cabinet 1 is open. In it, you see a kettle 1, and a peppershaker 1.',) | context: STEP 2: OBSERVATION: ('You open the fridge 1. The fridge 1 is open. In it, you see a bowl 2, a cup 3, a mug 2, and a tomato 1.',) | ACTION: go to drawer 1 | REWARD: 0.0 | REASONING: Let's think step by step. The fridge is open but contains no potato; we need to locate a potato to heat and then place it on the diningtable. The next logical step is to search other common storage locations. A drawer is a typical place to store a potato. Therefore, I will navigate to drawer 1 to look for a potato.\nSTEP 3: OBSERVATION: ('You arrive at drawer 1. On the drawer 1, you see nothing.',) | ACTION: go to cabinet 1 | REWARD: 0.0 | REASONING: Let's think step by step. I have searched the fridge and drawer 1, but no potato was found. The next logical place to look for a potato is a cabinet, as it is a common storage location for food items. I will navigate to cabinet 1 to inspect its contents.\nSTEP 4: OBSERVATION: ('You arrive at cabinet 1. The cabinet 1 is closed.',) | ACTION: open cabinet 1 | REWARD: 0.0 | REASONING: Let's think step by step. I am currently at cabinet 1, which is closed. To inspect its contents for a potato, I need to open it. The only action that allows me to see inside is 'open cabinet 1'. | progress: step_till_now: 0
245	goal: put a hot apple in fridge. | state: observation: ('You arrive at fridge 1. The fridge 1 is closed.',) | context: STEP 4: OBSERVATION: ('You are facing the diningtable 1. Next to it, you see nothing.',) | ACTION: go to microwave 1 | REWARD: 0.0 | REASONING: Let's think step by step. I have the apple 1 in my possession and I need to heat it before putting it in the fridge. The next logical step is to go to the microwave 1 to heat the apple.\nSTEP 5: OBSERVATION: ('You arrive at microwave 1. The microwave 1 is closed.',) | ACTION: heat apple 1 with microwave 1 | REWARD: 0.0 | REASONING: Let's think step by step. I have the apple 1 in my possession and I am at microwave 1, which is closed. The task requires the apple to be hot before placing it in the fridge. The admissible action that directly heats the apple using the microwave is available. I will perform that action to heat the apple.\nSTEP 6: OBSERVATION: ('You heat the apple 1 using the microwave 1.',) | ACTION: go to fridge 1 | REWARD: 0.0 | REASONING: Let's think step by step. I have just heated the apple 1 using the microwave 1, so it is now hot. The goal is to put a hot apple in the fridge. The next logical step is to navigate to the fridge so I can place the apple there. I will choose the navigation action to go to fridge 1. | progress: step_till_now: 0
246	goal: heat some potato and put it in fridge. | state: observation: ('You arrive at drawer 3. The drawer 3 is closed.',) | context: STEP 5: OBSERVATION: ('You open the drawer 5. The drawer 5 is open. In it, you see nothing.',) | ACTION: go to drawer 4 | REWARD: 0.0 | REASONING: Let's think step by step. I have opened drawer 5 and found nothing. To locate a potato, I need to inspect other potential storage locations. Drawers are common places for potatoes, and I have not yet checked drawer 4. Therefore, I should move to drawer 4 to search for the potato.\nSTEP 6: OBSERVATION: ('You arrive at drawer 4. The drawer 4 is closed.',) | ACTION: open drawer 4 | REWARD: 0.0 | REASONING: Let's think step by step. I am currently at drawer 4, which is closed. To find a potato, I need to inspect its contents. The only way to see inside is to open it. Therefore, I should open drawer 4.\nSTEP 7: OBSERVATION: ('You open the drawer 4. The drawer 4 is open. In it, you see nothing.',) | ACTION: go to drawer 3 | REWARD: 0.0 | REASONING: Let's think step by step. I have opened drawer 4 and found nothing. To locate a potato, I need to inspect other potential storage locations. The next logical step is to check another drawer that hasn't been examined yet. I will go to drawer 3 to continue searching for the potato. | progress: step_till_now: 0
247	goal: put a hot plate in countertop. | state: observation: ('You arrive at cabinet 2. The cabinet 2 is closed.',) | context: STEP 1: OBSERVATION: ('You arrive at cabinet 1. The cabinet 1 is closed.',) | ACTION: open cabinet 1 | REWARD: 0.0 | REASONING: Let's think step by step. I am at cabinet 1 which is closed. I need to find a plate to heat. The plate is likely inside the cabinet. I should open the cabinet to inspect its contents.\nSTEP 2: OBSERVATION: ('You open the cabinet 1. The cabinet 1 is open. In it, you see nothing.',) | ACTION: look | REWARD: 0.0 | REASONING: Fallback: structured parsing failed, using look action\nSTEP 3: OBSERVATION: ('You are facing the cabinet 1. Next to it, you see nothing.',) | ACTION: go to cabinet 2 | REWARD: 0.0 | REASONING: Let's think step by step. I need a plate to heat and then place it on the countertop. Cabinet 1 is empty, so I should explore another cabinet that might contain a plate. I will go to cabinet 2 to search for a plate. | progress: step_till_now: 0
248	goal: heat some potato and put it in fridge. | state: observation: ('You open the drawer 1. The drawer 1 is open. In it, you see nothing.',) | context: STEP 0: OBSERVATION: -= Welcome to TextWorld, ALFRED! =-\n\nYou are in the middle of a room. Looking quickly around you, you see a cabinet 27, a cabinet 26, a cabinet 25, a cabinet 24, a cabinet 23, a cabinet 22, a cabinet 21, a cabinet 20, a cabinet 19, a cabinet 18, a cabinet 17, a cabinet 16, a cabinet 15, a cabinet 14, a cabinet 13, a cabinet 12, a cabinet 11, a cabinet 10, a cabinet 9, a cabinet 8, a cabinet 7, a cabinet 6, a cabinet 5, a cabinet 4, a cabinet 3, a cabinet 2, a cabinet 1, a coffeemachine 1, a countertop 2, a countertop 1, a diningtable 1, a drawer 12, a drawer 11, a drawer 10, a drawer 9, a drawer 8, a drawer 7, a drawer 6, a drawer 5, a drawer 4, a drawer 3, a drawer 2, a drawer 1, a fridge 1, a garbagecan 1, a microwave 1, a sinkbasin 1, a stoveburner 4, a stoveburner 3, a stoveburner 2, a stoveburner 1, and a toaster 1.\n | ACTION: look | REWARD: 0.0 | REASONING: Let's think step by step. I need to locate a potato before I can heat it. The current observation lists many objects but no potato is mentioned. I should use the 'look' action to get a detailed inventory of the current location and see if a potato is present or where it might be. This is a safe exploratory action that will give me more information to plan the next steps.\nSTEP 1: OBSERVATION: ('You are in the middle of a room. Looking quickly around you, you see nothing.',) | ACTION: go to drawer 1 | REWARD: 0.0 | REASONING: Let's think step by step. I am currently in the middle of a room and see nothing. To find a potato, I need to explore a location where food items are typically stored. A drawer is a common place for potatoes. I will go to drawer 1 to look for a potato.\nSTEP 2: OBSERVATION: ('You arrive at drawer 1. The drawer 1 is closed.',) | ACTION: open drawer 1 | REWARD: 0.0 | REASONING: Let's think step by step. I am currently at drawer 1, which is closed. To find a potato, I need to inspect the contents of the drawer. The only way to see inside is to open it. Therefore, I should open drawer 1. | progress: step_till_now: 0
249	goal: heat some plate and put it in countertop. | state: observation: ('You are in the middle of a room. Looking quickly around you, you see nothing.',) | context: STEP 0: OBSERVATION: -= Welcome to TextWorld, ALFRED! =-\n\nYou are in the middle of a room. Looking quickly around you, you see a cabinet 13, a cabinet 12, a cabinet 11, a cabinet 10, a cabinet 9, a cabinet 8, a cabinet 7, a cabinet 6, a cabinet 5, a cabinet 4, a cabinet 3, a cabinet 2, a cabinet 1, a coffeemachine 1, a countertop 2, a countertop 1, a diningtable 1, a drawer 4, a drawer 3, a drawer 2, a drawer 1, a fridge 1, a garbagecan 1, a microwave 1, a shelf 3, a shelf 2, a shelf 1, a sinkbasin 1, a stoveburner 4, a stoveburner 3, a stoveburner 2, a stoveburner 1, and a toaster 1.\n | ACTION: look | REWARD: 0.0 | REASONING: Let's think step by step. I need to find a plate to heat and then place it on a countertop. I don't yet know where the plate is located, so I should first look around to get more information about objects in the room. The 'look' action will provide a detailed observation of the current location, which will help me decide where to go next. | progress: step_till_now: 0
250	goal: find two book and put them in bed. | state: observation: ('You arrive at drawer 1. On the drawer 1, you see a creditcard 1.',) | context: STEP 0: OBSERVATION: -= Welcome to TextWorld, ALFRED! =-\n\nYou are in the middle of a room. Looking quickly around you, you see a bed 1, a desk 1, a drawer 2, a drawer 1, a garbagecan 1, a shelf 1, and a sidetable 1.\n | ACTION: go to shelf 1 | REWARD: 0.0 | REASONING: Let's think step by step. I need to find books, and the shelf is a likely place to find books. I will go to the shelf to inspect its contents.\nSTEP 1: OBSERVATION: ('You arrive at shelf 1. On the shelf 1, you see a pencil 1.',) | ACTION: go to desk 1 | REWARD: 0.0 | REASONING: Let's think step by step. I need to find two books. The shelf only has a pencil, so I should search other locations. The desk is a common place for books, so I will go there next.\nSTEP 2: OBSERVATION: ('You arrive at desk 1. On the desk 1, you see a alarmclock 1, a book 1, a bowl 1, a cd 3, a desklamp 1, a houseplant 1, a laptop 1, a pen 2, a pen 1, and a pencil 2.',) | ACTION: go to drawer 1 | REWARD: 0.0 | REASONING: Let's think step by step. I have found one book on the desk, but I need two books. The next likely place to find a book is a drawer. I will go to drawer 1 to search for another book. | progress: step_till_now: 0
251	goal: find two toiletpaper and put them in shelf. | state: observation: ('You open the cabinet 1. The cabinet 1 is open. In it, you see nothing.',) | context: STEP 0: OBSERVATION: -= Welcome to TextWorld, ALFRED! =-\n\nYou are in the middle of a room. Looking quickly around you, you see a bathtubbasin 1, a cabinet 5, a cabinet 4, a cabinet 3, a cabinet 2, a cabinet 1, a countertop 2, a countertop 1, a drawer 2, a drawer 1, a garbagecan 1, a handtowelholder 1, a shelf 2, a shelf 1, a sinkbasin 1, a toilet 1, a toiletpaperhanger 1, and a towelholder 1.\n | ACTION: go to toiletpaperhanger 1 | REWARD: 0.0 | REASONING: Let's think step by step. I need to locate the toiletpaper first. The only place that could contain toiletpaper is the toiletpaperhanger 1. I should navigate there to inspect it. The next logical action is to go to toiletpaperhanger 1.\nSTEP 1: OBSERVATION: ('You arrive at toiletpaperhanger 1. On the toiletpaperhanger 1, you see nothing.',) | ACTION: go to cabinet 1 | REWARD: 0.0 | REASONING: Let's think step by step. I am at the toiletpaperhanger 1 and it is empty. I need to find two toiletpaper items. The next logical step is to search a location that might contain toiletpaper. Cabinets are common places to store toiletpaper. I will go to cabinet 1 to inspect it.\nSTEP 2: OBSERVATION: ('You arrive at cabinet 1. The cabinet 1 is closed.',) | ACTION: open cabinet 1 | REWARD: 0.0 | REASONING: Let's think step by step. I am at cabinet 1, which is closed. To see if it contains toiletpaper, I need to open it. The next logical action is to open cabinet 1. | progress: step_till_now: 0
252	goal: find two soapbottle and put them in cabinet. | state: observation: ('You arrive at cabinet 1. The cabinet 1 is open. In it, you see a cloth 1.',) | context: STEP 3: OBSERVATION: ('You arrive at cabinet 2. The cabinet 2 is closed.',) | ACTION: look | REWARD: 0.0 | REASONING: Fallback: structured parsing failed, using look action\nSTEP 4: OBSERVATION: ('You are facing the cabinet 2. Next to it, you see nothing.',) | ACTION: open cabinet 2 | REWARD: 0.0 | REASONING: Let's think step by step. I am facing cabinet 2, which is closed. To find soapbottles, I need to inspect its contents. The only action that allows me to see inside is to open the cabinet. Therefore I should open cabinet 2.\nSTEP 5: OBSERVATION: ('You open the cabinet 2. The cabinet 2 is open. In it, you see a soapbar 1.',) | ACTION: go to cabinet 1 | REWARD: 0.0 | REASONING: Let's think step by step. I am currently in cabinet 2, which contains a soapbar, not a soapbottle. I need to find soapbottle objects. The next logical step is to explore other locations that might contain soapbottle, such as cabinet 1. I will go to cabinet 1 to inspect its contents. | progress: step_till_now: 0
253	goal: find two tissuebox and put them in shelf. | state: observation: ('You are facing the drawer 1. Next to it, you see nothing.',) | context: STEP 0: OBSERVATION: -= Welcome to TextWorld, ALFRED! =-\n\nYou are in the middle of a room. Looking quickly around you, you see a bed 1, a desk 1, a drawer 6, a drawer 5, a drawer 4, a drawer 3, a drawer 2, a drawer 1, a garbagecan 1, a shelf 2, a shelf 1, and a sidetable 1.\n | ACTION: go to drawer 1 | REWARD: 0.0 | REASONING: Let's think step by step. I need to locate two tissueboxes. The room has many drawers; tissueboxes are often stored in drawers. I will start by inspecting drawer 1 to see if it contains a tissuebox. If not, I can explore other drawers or the shelf later. The first logical step is to go to drawer 1.\nSTEP 1: OBSERVATION: ('You arrive at drawer 1. The drawer 1 is closed.',) | ACTION: look | REWARD: 0.0 | REASONING: Fallback: structured parsing failed, using look action | progress: step_till_now: 0
254	goal: put two soapbar in drawer. | state: observation: ('You arrive at drawer 4. The drawer 4 is closed.',) | context: STEP 8: OBSERVATION: ('The drawer 1 is open. In it, you see nothing.',) | ACTION: go to drawer 3 | REWARD: 0.0 | REASONING: Let's think step by step. I currently have soapbar 1 in my hand and need a second soapbar to place both in a drawer. I have examined drawer 1 and 2 and found no soapbar. The next logical step is to search the remaining drawers for a second soapbar. I will go to drawer 3 to inspect it.\nSTEP 9: OBSERVATION: ('You arrive at drawer 3. The drawer 3 is closed.',) | ACTION: open drawer 3 | REWARD: 0.0 | REASONING: Let's think step by step. I have soapbar 1 in my hand and need a second soapbar to place both in a drawer. I have examined drawers 1 and 2 and found no soapbar. I am now at drawer 3, which is closed. The next logical step is to open drawer 3 to inspect its contents for a second soapbar.\nSTEP 10: OBSERVATION: ('You open the drawer 3. The drawer 3 is open. In it, you see a dishsponge 2.',) | ACTION: go to drawer 4 | REWARD: 0.0 | REASONING: Let's think step by step. I have soapbar 1 in my hand and need a second soapbar to place both in a drawer. Drawer 3 is open but only contains a dishsponge, so it does not hold the second soapbar. I should search the remaining drawers for the second soapbar. The next logical step is to move to another drawer, such as drawer 4, to inspect its contents. | progress: step_till_now: 0
255	goal: put two laptop in desk. | state: observation: ('You arrive at desk 1. On the desk 1, you see a houseplant 1.',) | context: STEP 10: OBSERVATION: ('You arrive at drawer 2. On the drawer 2, you see nothing.',) | ACTION: go to drawer 3 | REWARD: 0.0 | REASONING: Let's think step by step. I have searched cabinet 2, drawer 1, cabinet 1, and drawer 2, finding no laptops. The remaining unsearched drawers are drawer 3 and drawer 4. I should continue searching for laptops by going to drawer 3 next.\nSTEP 11: OBSERVATION: ('You arrive at drawer 3. The drawer 3 is closed.',) | ACTION: open drawer 3 | REWARD: 0.0 | REASONING: Let's think step by step. I am currently at drawer 3, which is closed. To find any objects inside, I need to open it. The goal is to find laptops, so opening the drawer is the next logical step.\nSTEP 12: OBSERVATION: ('You open the drawer 3. The drawer 3 is open. In it, you see a pencil 2.',) | ACTION: go to desk 1 | REWARD: 0.0 | REASONING: Let's think step by step. I am currently at drawer 3, which is open, and I see only a pencil. No laptops are present. I have already searched cabinet 1, cabinet 2, drawer 1, drawer 2, and drawer 3. The remaining locations that might contain laptops include drawer 4, desk 1, safe 1, sidetable 1, and other furniture. The desk is a common place to store laptops, so I will move there to continue searching. | progress: step_till_now: 0
256	"goal: find two newspaper and put them in armchair. | state: observation: ('You are facing the diningtable 1. Next to it, you see nothing.',) | context: STEP 7: OBSERVATION: ('You are facing the sofa 1. Next to it, you see nothing.',) | ACTION: go to diningtable 1 | REWARD: 0.0 | REASONING: Let's think step by step. I currently have one newspaper in inventory and I need a second one. I have already searched armchair 1, armchair 2, coffeetable 1, and sofa 1, none of which contained a newspaper. The next logical place to look is the diningtable 1, which is a common spot for newspapers. I will go there to search for the second newspaper.\nSTEP 8: OBSERVATION: ('You arrive at diningtable 1. On the diningtable 1, you see a box 1, a creditcard 2, a creditcard 1, a laptop 1, a newspaper 1, a plate 3, a plate 1, a remotecontrol 1, a statue 3, a statue 1, a tissuebox 3, and a tissuebox 1.',) | ACTION: examine newspaper 2 | REWARD: 0.0 | REASONING: Let's think step by step. I currently have one newspaper in inventory and I need a second one. The diningtable 1 contains a newspaper 1, which is the second newspaper I need. The admissible actions list does not include a direct 'take' action for newspaper 1, but the only action that interacts with the newspaper on the table is 'examine newspaper 1'. Examining it should allow me to pick it up or at least acknowledge its presence so I can later place it in the armchair. Therefore, I will examine the newspaper 1 on the diningtable 1.\nSTEP 9: OBSERVATION: (""There's nothing special about newspaper 2."",) | ACTION: look | REWARD: 0.0 | REASONING: Fallback: structured parsing failed, using look action | progress: step_till_now: 0"
257	goal: put two spraybottle in cabinet. | state: observation: ('You arrive at cabinet 1. The cabinet 1 is open. In it, you see a cloth 1.',) | context: STEP 10: OBSERVATION: ('You open the cabinet 4. The cabinet 4 is open. In it, you see a candle 3.',) | ACTION: go to cabinet 2 | REWARD: 0.0 | REASONING: Let's think step by step. I have opened cabinet 4 and only found a candle, which is not a spraybottle. I still need to locate two spraybottle objects to place in a cabinet. The next logical step is to search other cabinets that might contain spraybottle. I have not inspected cabinet 2 yet, so I will go there next.\nSTEP 11: OBSERVATION: ('You arrive at cabinet 2. The cabinet 2 is open. In it, you see a soapbar 1, and a toiletpaper 1.',) | ACTION: go to cabinet 3 | REWARD: 0.0 | REASONING: Let's think step by step. I am currently at cabinet 2, which is open and contains a soapbar and a toiletpaper, but no spraybottle. I still need to find two spraybottle objects to put in a cabinet. The only remaining cabinet that hasn't been inspected is cabinet 3. Therefore, I should go to cabinet 3 to search for spraybottle objects.\nSTEP 12: OBSERVATION: ('You arrive at cabinet 3. The cabinet 3 is open. In it, you see nothing.',) | ACTION: go to cabinet 1 | REWARD: 0.0 | REASONING: Let's think step by step. I have searched cabinets 4, 2, and 3 and found no spraybottle objects. The goal is to put two spraybottle in a cabinet, so I need to locate the spraybottle objects. The remaining unvisited cabinet is cabinet 1, which is a likely place to find spraybottle. I will go to cabinet 1 to search for them. | progress: step_till_now: 0
258	"goal: put two handtowel in countertop. | state: observation: ('On the handtowelholder 2, you see a handtowel 2.',) | context: STEP 1: OBSERVATION: ('You arrive at handtowelholder 1. On the handtowelholder 1, you see a handtowel 1.',) | ACTION: take handtowel 1 from handtowelholder 1 | REWARD: 0.0 | REASONING: Let's think step by step. I am at handtowelholder 1 and see a handtowel 1. The goal is to put two handtowels on the countertop. I need to pick up the handtowel first before moving it. The admissible action to pick it up is 'take handtowel 1 from handtowelholder 1'.\nSTEP 2: OBSERVATION: ('You pick up the handtowel 1 from the handtowelholder 1.',) | ACTION: go to handtowelholder 2 | REWARD: 0.0 | REASONING: Let's think step by step. I have handtowel 1 in my hand and need a second handtowel to place on the countertop. The only remaining handtowel is likely in handtowelholder 2. I should navigate there to retrieve it.\nSTEP 3: OBSERVATION: ('You arrive at handtowelholder 2. On the handtowelholder 2, you see a handtowel 2.',) | ACTION: examine handtowelholder 2 | REWARD: 0.0 | REASONING: Let's think step by step. I currently have handtowel 1 in my hand and handtowel 2 is on handtowelholder 2. The goal is to place two handtowels on the countertop. I need to confirm the presence of handtowel 2 before attempting to move it. The only action that lets me inspect the holder is ""examine handtowelholder 2"". | progress: step_till_now: 0"
259	goal: find two tomato and put them in countertop. | state: observation: ('You arrive at cabinet 1. On the cabinet 1, you see nothing.',) | context: STEP 5: OBSERVATION: ('You open the cabinet 21. The cabinet 21 is open. In it, you see a soapbottle 3, and a soapbottle 1.',) | ACTION: go to cabinet 2 | REWARD: 0.0 | REASONING: Let's think step by step. I have opened cabinet 21 and found only soapbottles, no tomatoes. I need to locate two tomatoes. The next logical place to search is another cabinet, as tomatoes are often stored there. I will go to cabinet 2 to continue searching.\nSTEP 6: OBSERVATION: ('You arrive at cabinet 2. On the cabinet 2, you see nothing.',) | ACTION: go to fridge 1 | REWARD: 0.0 | REASONING: Let's think step by step. I have checked cabinet 1, cabinet 21, and cabinet 2, all of which are empty or contain non-tomato items. The next logical place to search for tomatoes is the fridge, as tomatoes are often stored there. I will go to fridge 1 to look for tomatoes.\nSTEP 7: OBSERVATION: ('You arrive at fridge 1. The fridge 1 is open. In it, you see a apple 1, a bowl 1, and a mug 1.',) | ACTION: go to cabinet 1 | REWARD: 0.0 | REASONING: Let's think step by step. I have opened the fridge and found no tomatoes, only an apple, a bowl, and a mug. I need to locate two tomatoes. The next logical place to search is a cabinet, as tomatoes are often stored there. I will go to cabinet 1 to continue searching. | progress: step_till_now: 0
260	goal: put two pen in sidetable. | state: observation: ('You arrive at drawer 2. The drawer 2 is closed.',) | context: STEP 0: OBSERVATION: -= Welcome to TextWorld, ALFRED! =-\n\nYou are in the middle of a room. Looking quickly around you, you see a bed 1, a diningtable 1, a drawer 4, a drawer 3, a drawer 2, a drawer 1, a garbagecan 1, a sidetable 2, and a sidetable 1.\n | ACTION: go to drawer 1 | REWARD: 0.0 | REASONING: Let's think step by step. I need to find two pens and put them on a sidetable. The pens are likely inside one of the drawers. I have no inventory yet, so I should first go to a drawer to inspect its contents. I'll start with drawer 1.\nSTEP 1: OBSERVATION: ('You arrive at drawer 1. The drawer 1 is closed.',) | ACTION: open drawer 1 | REWARD: 0.0 | REASONING: Let's think step by step. I am currently at drawer 1, which is closed. To see if it contains any pens, I need to open it. Opening the drawer will allow me to examine its contents and potentially find the pens needed for the task.\nSTEP 2: OBSERVATION: ('You open the drawer 1. The drawer 1 is open. In it, you see a pencil 1.',) | ACTION: go to drawer 2 | REWARD: 0.0 | REASONING: Let's think step by step. I have opened drawer 1 and found a pencil, but I need two pens. The pens are likely in another drawer. I should move to the next drawer to search for pens. The next logical step is to go to drawer 2. | progress: step_till_now: 0
261	goal: put two book in desk. | state: observation: ('You arrive at cabinet 1. The cabinet 1 is open. In it, you see nothing.',) | context: STEP 4: OBSERVATION: ('You open the cabinet 2. The cabinet 2 is open. In it, you see nothing.',) | ACTION: go to cabinet 3 | REWARD: 0.0 | REASONING: Let's think step by step. I have opened cabinet 2 and found it empty, so it does not contain the books I need. The next logical step is to search other potential locations. I can move to another cabinet, such as cabinet 3, to inspect its contents. This will help me locate the books. Therefore, I will go to cabinet 3.\nSTEP 5: OBSERVATION: ('You arrive at cabinet 3. The cabinet 3 is closed.',) | ACTION: open cabinet 3 | REWARD: 0.0 | REASONING: Let's think step by step. I am currently at cabinet 3, which is closed. To find books, I need to inspect its contents. The only way to see inside is to open it. Therefore, I should open cabinet 3.\nSTEP 6: OBSERVATION: ('You open the cabinet 3. The cabinet 3 is open. In it, you see a book 2.',) | ACTION: go to cabinet 1 | REWARD: 0.0 | REASONING: Let's think step by step. I have opened cabinet 3 and seen a book 2. I need two books to put in the desk. I have not yet inspected cabinet 1, which may contain another book. Therefore, I should go to cabinet 1 to search for the second book. | progress: step_till_now: 0
262	"goal: put two watch in coffeetable. | state: observation: ('You arrive at dresser 1. On the dresser 1, you see a laptop 1, a pen 2, a vase 2, a vase 1, and a watch 2.',) | context: STEP 11: OBSERVATION: ('You arrive at coffeetable 1. On the coffeetable 1, you see a laptop 2, a pen 3, a remotecontrol 1, a statue 2, a statue 1, and a vase 3.',) | ACTION: look | REWARD: 0.0 | REASONING: Fallback: structured parsing failed, using look action\nSTEP 12: OBSERVATION: ('You are facing the coffeetable 1. Next to it, you see nothing.',) | ACTION: move watch 1 to coffeetable 1 | REWARD: 0.0 | REASONING: Let's think step by step. I currently have watch 1 in my hand and watch 2 on dresser 1. The goal is to put both watches on coffeetable 1. I am already at coffeetable 1, so I should first place watch 1 onto the table. The admissible action that does this is ""move watch 1 to coffeetable 1"". After this, I will need to go to dresser 1 to retrieve watch 2 and place it on the table.\nSTEP 13: OBSERVATION: ('You move the watch 1 to the coffeetable 1.',) | ACTION: go to dresser 1 | REWARD: 0.0 | REASONING: Let's think step by step. The goal is to place both watches on the coffeetable. Watch 1 has just been moved onto the coffeetable, so it is already in place. Watch 2 remains on dresser 1. To complete the task, I need to retrieve watch 2 from the dresser and place it on the coffeetable. Therefore, the next logical action is to move to dresser 1. | progress: step_till_now: 0"
263	goal: find two newspaper and put them in armchair. | state: observation: -= Welcome to TextWorld, ALFRED! =-\n\nYou are in the middle of a room. Looking quickly around you, you see a armchair 2, a armchair 1, a coffeetable 2, a coffeetable 1, a diningtable 1, a garbagecan 1, a sidetable 2, a sidetable 1, and a sofa 1.\n | context:  | progress: step_till_now: 0
264	goal: find two laptop and put them in ottoman. | state: observation: -= Welcome to TextWorld, ALFRED! =-\n\nYou are in the middle of a room. Looking quickly around you, you see a armchair 1, a coffeetable 1, a diningtable 1, a drawer 7, a drawer 6, a drawer 5, a drawer 4, a drawer 3, a drawer 2, a drawer 1, a garbagecan 1, a ottoman 1, a sidetable 1, and a sofa 1.\n | context:  | progress: step_till_now: 0
265	goal: put two handtowel in toilet. | state: observation: -= Welcome to TextWorld, ALFRED! =-\n\nYou are in the middle of a room. Looking quickly around you, you see a cabinet 4, a cabinet 3, a cabinet 2, a cabinet 1, a countertop 1, a garbagecan 1, a handtowelholder 2, a handtowelholder 1, a sinkbasin 2, a sinkbasin 1, a toilet 1, a toiletpaperhanger 1, and a towelholder 1.\n | context:  | progress: step_till_now: 0
266	goal: find two toiletpaper and put them in shelf. | state: observation: ('You arrive at cabinet 4. The cabinet 4 is closed.',) | context: STEP 6: OBSERVATION: ('You arrive at cabinet 3. The cabinet 3 is closed.',) | ACTION: open cabinet 3 | REWARD: 0.0 | REASONING: Let's think step by step. I am currently at cabinet 3, which is closed. To search for toiletpaper, I need to open it. The next logical action is to open cabinet 3.\nSTEP 7: OBSERVATION: ('You open the cabinet 3. The cabinet 3 is open. In it, you see nothing.',) | ACTION: go to cabinet 1 | REWARD: 0.0 | REASONING: Let's think step by step. I have opened cabinet 3 and found nothing. I still need to locate two toiletpaper. The next logical step is to search another cabinet that hasn't been checked yet. Cabinet 1 is a good candidate to explore next.\nSTEP 8: OBSERVATION: ('You arrive at cabinet 1. The cabinet 1 is open. In it, you see nothing.',) | ACTION: go to cabinet 4 | REWARD: 0.0 | REASONING: Let's think step by step. I have opened cabinet 1 and found nothing. I still need to locate two toiletpaper. The next logical step is to search another cabinet that hasn't been checked yet. Cabinet 4 is a good candidate to explore next. | progress: step_till_now: 0
267	goal: put two creditcard in armchair. | state: observation: ('You arrive at coffeetable 1. On the coffeetable 1, you see a box 1, a creditcard 1, a houseplant 1, a statue 2, a statue 1, a vase 2, a vase 1, and a wateringcan 1.',) | context: STEP 0: OBSERVATION: -= Welcome to TextWorld, ALFRED! =-\n\nYou are in the middle of a room. Looking quickly around you, you see a armchair 1, a coffeetable 1, a garbagecan 1, a shelf 2, a shelf 1, a sidetable 1, a sofa 2, and a sofa 1.\n | ACTION: look | REWARD: 0.0 | REASONING: Let's think step by step. I need to find the creditcards before I can put them in the armchair. The current observation lists objects but no creditcards are visible. The best next step is to look around to see if any creditcards are present in the room or in any receptacles.\nSTEP 1: OBSERVATION: ('You are in the middle of a room. Looking quickly around you, you see nothing.',) | ACTION: go to coffeetable 1 | REWARD: 0.0 | REASONING: Let's think step by step. I need to locate the creditcards before I can put them in the armchair. The room has several receptacles: coffeetable, shelves, sidetable, sofas, and a garbagecan. A common place for small items like creditcards is a table or a shelf. I will start by checking the coffeetable 1, as it is a likely spot for items to be placed. If I don't find them there, I can move on to other locations. This is a safe exploratory action that will give me more information about where the creditcards are. | progress: step_till_now: 0
268	goal: find two keychain and put them in sofa. | state: observation: -= Welcome to TextWorld, ALFRED! =-\n\nYou are in the middle of a room. Looking quickly around you, you see a armchair 1, a cabinet 1, a drawer 21, a drawer 20, a drawer 19, a drawer 18, a drawer 17, a drawer 16, a drawer 15, a drawer 14, a drawer 13, a drawer 12, a drawer 11, a drawer 10, a drawer 9, a drawer 8, a drawer 7, a drawer 6, a drawer 5, a drawer 4, a drawer 3, a drawer 2, a drawer 1, a dresser 1, a garbagecan 1, a sidetable 5, a sidetable 4, a sidetable 3, a sidetable 2, a sidetable 1, and a sofa 1.\n | context:  | progress: step_till_now: 0
269	goal: put two pencil in desk. | state: observation: ('You arrive at drawer 1. The drawer 1 is closed.',) | context: STEP 0: OBSERVATION: -= Welcome to TextWorld, ALFRED! =-\n\nYou are in the middle of a room. Looking quickly around you, you see a bed 1, a desk 1, a drawer 5, a drawer 4, a drawer 3, a drawer 2, a drawer 1, a dresser 1, and a garbagecan 1.\n | ACTION: look | REWARD: 0.0 | REASONING: Fallback: structured parsing failed, using look action\nSTEP 1: OBSERVATION: ('You are in the middle of a room. Looking quickly around you, you see nothing.',) | ACTION: go to drawer 1 | REWARD: 0.0 | REASONING: Let's think step by step. I need to find pencils to put in the desk. The only place I can find objects is in the drawers. I will start by exploring drawer 1 to see if it contains pencils. | progress: step_till_now: 0
270	goal: put two keychain in ottoman. | state: observation: ('You arrive at ottoman 1. On the ottoman 1, you see nothing.',) | context: STEP 0: OBSERVATION: -= Welcome to TextWorld, ALFRED! =-\n\nYou are in the middle of a room. Looking quickly around you, you see a armchair 1, a diningtable 1, a drawer 1, a garbagecan 1, a ottoman 1, a shelf 8, a shelf 7, a shelf 6, a shelf 5, a shelf 4, a shelf 3, a shelf 2, a shelf 1, a sidetable 1, a sofa 1, and a tvstand 1.\n | ACTION: go to drawer 1 | REWARD: 0.0 | REASONING: Let's think step by step. I need to find keychains. The observation shows a drawer 1, which is a common place to store small items like keychains. I will go to the drawer to inspect it for keychains.\nSTEP 1: OBSERVATION: ('You arrive at drawer 1. The drawer 1 is closed.',) | ACTION: open drawer 1 | REWARD: 0.0 | REASONING: Let's think step by step. I am at drawer 1 which is closed. To find keychains I need to inspect its contents, so I should open it.\nSTEP 2: OBSERVATION: ('You open the drawer 1. The drawer 1 is open. In it, you see a creditcard 1.',) | ACTION: go to ottoman 1 | REWARD: 0.0 | REASONING: Let's think step by step. I have opened drawer 1 and only found a creditcard, no keychains. I need to locate two keychains before I can put them in the ottoman. The next logical step is to search other likely locations. I will go to the ottoman to check if the keychains are already there, as that is the target location for the final action. If not, I can then explore other places. So I will move to ottoman 1. | progress: step_till_now: 0
271	goal: put two pen in shelf. | state: observation: ('You are facing the desk 1. Next to it, you see nothing.',) | context: STEP 4: OBSERVATION: ('You arrive at desk 1. On the desk 1, you see a book 1, a pen 1, a pencil 2, and a pencil 1.',) | ACTION: look | REWARD: 0.0 | REASONING: Fallback: structured parsing failed, using look action\nSTEP 5: OBSERVATION: ('You are facing the desk 1. Next to it, you see nothing.',) | ACTION: look | REWARD: 0.0 | REASONING: Fallback: structured parsing failed, using look action\nSTEP 6: OBSERVATION: ('You are facing the desk 1. Next to it, you see nothing.',) | ACTION: look | REWARD: 0.0 | REASONING: Fallback: structured parsing failed, using look action | progress: step_till_now: 0
272	goal: put two keychain in ottoman. | state: observation: ('You arrive at drawer 1. The drawer 1 is open. In it, you see a creditcard 1.',) | context: STEP 9: OBSERVATION: ('You arrive at shelf 4. On the shelf 4, you see nothing.',) | ACTION: go to shelf 6 | REWARD: 0.0 | REASONING: Let's think step by step. I have searched shelves 1-5, ottoman, and shelf 4, all of which are empty of keychains. The next logical step is to continue searching the remaining shelves, starting with shelf 6.\nSTEP 10: OBSERVATION: ('You arrive at shelf 6. On the shelf 6, you see nothing.',) | ACTION: go to shelf 7 | REWARD: 0.0 | REASONING: Let's think step by step. I have searched shelves 1-6, the ottoman, and shelf 4, all of which are empty of keychains. The remaining shelves to check are shelf 7 and shelf 8, as well as other locations like the drawer, garbagecan, armchair, diningtable, sidetable, sofa, and tvstand. The next logical step is to continue searching the shelves, starting with shelf 7.\nSTEP 11: OBSERVATION: ('You arrive at shelf 7. On the shelf 7, you see a statue 3.',) | ACTION: go to drawer 1 | REWARD: 0.0 | REASONING: Let's think step by step. I have examined shelf 7 and found a statue 3, but no keychains. The goal is to put two keychains in the ottoman, so I need to locate the keychains first. I have not yet searched the drawer, which is a common place for small items like keychains. Therefore, I will go to drawer 1 to look for keychains. | progress: step_till_now: 0
273	goal: put two spraybottle in cart. | state: observation: ('You arrive at cart 1. On the cart 1, you see a soapbar 2.',) | context: STEP 2: OBSERVATION: ('You arrive at shelf 1. On the shelf 1, you see nothing.',) | ACTION: go to sinkbasin 1 | REWARD: 0.0 | REASONING: Let's think step by step. I need to locate two spraybottle objects before I can put them in the cart. The current observation shows nothing on shelf 1, so I should move to another location where objects are likely to be, such as the sinkbasin. This will help me find the spraybottle and plan the next steps.\nSTEP 3: OBSERVATION: ('You arrive at sinkbasin 1. On the sinkbasin 1, you see nothing.',) | ACTION: go to shelf 2 | REWARD: 0.0 | REASONING: Let's think step by step. I need to locate two spraybottle objects before I can put them in the cart. I am currently at sinkbasin 1 and there is nothing there. The next logical step is to search other locations where objects might be, such as the shelves. I will go to shelf 2 to look for spraybottle objects.\nSTEP 4: OBSERVATION: ('You arrive at shelf 2. On the shelf 2, you see nothing.',) | ACTION: go to cart 1 | REWARD: 0.0 | REASONING: Let's think step by step. I have searched shelf 1, sinkbasin 1, and shelf 2, all empty. The goal is to put two spraybottle in cart, so I need to locate the spraybottle objects. The most direct way is to check the cart itself to see if any spraybottle are already there or to find them. I will go to cart 1 to inspect its contents. | progress: step_till_now: 0
274	goal: put two cellphone in diningtable. | state: observation: ('You arrive at bed 1. On the bed 1, you see a book 2, a book 1, a cellphone 1, a laptop 1, and a teddybear 1.',) | context: STEP 5: OBSERVATION: ('You pick up the cellphone 2 from the drawer 2.',) | ACTION: go to diningtable 1 | REWARD: 0.0 | REASONING: Let's think step by step. I have cellphone 2 in hand and need to place two cellphones on the diningtable. I can put the first cellphone on the diningtable now and then search for the second cellphone elsewhere. The next logical action is to go to the diningtable to place the first cellphone.\nSTEP 6: OBSERVATION: ('You arrive at diningtable 1. On the diningtable 1, you see a alarmclock 1, a bowl 2, a bowl 1, a mug 1, and a pencil 1.',) | ACTION: go to drawer 1 | REWARD: 0.0 | REASONING: Let's think step by step. I have cellphone 2 in hand and need a second cellphone to place on the diningtable. The diningtable currently has no cellphones. I should search other locations that might contain a cellphone. Drawer 1 is a likely place to find another cellphone, so I will go there next.\nSTEP 7: OBSERVATION: ('You arrive at drawer 1. The drawer 1 is open. In it, you see a creditcard 1, and a watch 2.',) | ACTION: go to bed 1 | REWARD: 0.0 | REASONING: Let's think step by step. I currently have cellphone 2 in hand and need a second cellphone to place on the diningtable. I am at drawer 1, which contains a creditcard and a watch, so no cellphone is available here. I must search another location that might hold a cellphone. The remaining admissible locations include beds, sidetable, shelves, and the diningtable itself. Since I still need to find a second cellphone, I will move to a location that could plausibly contain one. I choose to go to bed 1 to look for a cellphone there. | progress: step_till_now: 0
275	goal: put two spraybottle in cabinet. | state: observation: ('You are facing the cabinet 1. Next to it, you see nothing.',) | context: STEP 0: OBSERVATION: -= Welcome to TextWorld, ALFRED! =-\n\nYou are in the middle of a room. Looking quickly around you, you see a bathtubbasin 1, a cabinet 4, a cabinet 3, a cabinet 2, a cabinet 1, a countertop 1, a garbagecan 1, a handtowelholder 1, a shelf 1, a sinkbasin 2, a sinkbasin 1, a toilet 1, a toiletpaperhanger 1, a towelholder 2, and a towelholder 1.\n | ACTION: look | REWARD: 0.0 | REASONING: Let's think step by step. I need to find the spraybottle objects before I can put them in a cabinet. The current observation only lists receptacles, not objects. The only action that can reveal object locations is 'look', which will give me a detailed view of the current location and any objects present. Therefore I should perform a look action to see if any spraybottle is visible and where it is located.\nSTEP 1: OBSERVATION: ('You are in the middle of a room. Looking quickly around you, you see nothing.',) | ACTION: go to cabinet 1 | REWARD: 0.0 | REASONING: Let's think step by step. I am currently in the middle of a room and I see no objects. To find the spraybottles, I need to inspect a receptacle that might contain them. The most likely place for spraybottles is a cabinet. I will start by going to cabinet 1 to look inside.\nSTEP 2: OBSERVATION: ('You arrive at cabinet 1. The cabinet 1 is closed.',) | ACTION: look | REWARD: 0.0 | REASONING: Fallback: structured parsing failed, using look action | progress: step_till_now: 0
276	goal: find two laptop and put them in bed. | state: observation: ('You open the drawer 2. The drawer 2 is open. In it, you see a book 1, and a keychain 2.',) | context: STEP 1: OBSERVATION: ('You arrive at drawer 1. The drawer 1 is closed.',) | ACTION: open drawer 1 | REWARD: 0.0 | REASONING: Let's think step by step. I am at drawer 1 which is closed. To see if it contains a laptop, I need to open it. The only action that will allow me to inspect its contents is to open the drawer.\nSTEP 2: OBSERVATION: ('You open the drawer 1. The drawer 1 is open. In it, you see a pen 2.',) | ACTION: go to drawer 2 | REWARD: 0.0 | REASONING: Let's think step by step. I have opened drawer 1 and only found a pen, no laptop. I still need to locate two laptops. The next logical step is to check another potential storage location. Drawer 2 is a likely place to contain a laptop, so I will go there next.\nSTEP 3: OBSERVATION: ('You arrive at drawer 2. The drawer 2 is closed.',) | ACTION: open drawer 2 | REWARD: 0.0 | REASONING: Let's think step by step. I am currently at drawer 2, which is closed. To determine if it contains a laptop, I need to open it. This is the logical next step to locate the laptops. | progress: step_till_now: 0
277	goal: put two cd in shelf. | state: observation: -= Welcome to TextWorld, ALFRED! =-\n\nYou are in the middle of a room. Looking quickly around you, you see a bed 1, a desk 1, a drawer 5, a drawer 4, a drawer 3, a drawer 2, a drawer 1, a dresser 1, a garbagecan 1, a shelf 12, a shelf 11, a shelf 10, a shelf 9, a shelf 8, a shelf 7, a shelf 6, a shelf 5, a shelf 4, a shelf 3, a shelf 2, a shelf 1, and a sidetable 1.\n | context:  | progress: step_till_now: 0
278	goal: put two watch in shelf. | state: observation: ('You arrive at drawer 1. The drawer 1 is closed.',) | context: STEP 0: OBSERVATION: -= Welcome to TextWorld, ALFRED! =-\n\nYou are in the middle of a room. Looking quickly around you, you see a bed 2, a bed 1, a diningtable 1, a drawer 2, a drawer 1, a garbagecan 1, a shelf 14, a shelf 13, a shelf 12, a shelf 11, a shelf 10, a shelf 9, a shelf 8, a shelf 7, a shelf 6, a shelf 5, a shelf 4, a shelf 3, a shelf 2, a shelf 1, and a sidetable 1.\n | ACTION: look | REWARD: 0.0 | REASONING: Let's think step by step. I need to locate the watches before I can put them on a shelf. The current observation only lists furniture, not objects. I should use the 'look' action to see what objects are present in the room.\nSTEP 1: OBSERVATION: ('You are in the middle of a room. Looking quickly around you, you see nothing.',) | ACTION: go to drawer 1 | REWARD: 0.0 | REASONING: Let's think step by step. I need to locate the watches before I can put them on a shelf. The current observation shows nothing in the middle of the room, so I should move to a location where objects are likely to be. Drawers are common places to store watches, so I will go to drawer 1 to inspect it. | progress: step_till_now: 0
279	goal: find two book and put them in bed. | state: observation: ('You arrive at desk 1. On the desk 1, you see a alarmclock 1, a book 1, a bowl 1, a cd 3, a desklamp 1, a houseplant 1, a laptop 1, a pen 2, a pen 1, and a pencil 2.',) | context: STEP 6: OBSERVATION: ('You arrive at shelf 1. On the shelf 1, you see a pencil 1.',) | ACTION: go to sidetable 1 | REWARD: 0.0 | REASONING: Let's think step by step. I have already found one book on the desk, but I still need a second book. I am currently at shelf 1, which only contains a pencil, so no book is present here. The next logical step is to search another location that might hold a book. I have not yet inspected the sidetable, so I will go there to look for the second book.\nSTEP 7: OBSERVATION: ('You arrive at sidetable 1. On the sidetable 1, you see a alarmclock 2, a book 2, a cd 1, and a keychain 1.',) | ACTION: take book 2 from sidetable 1 | REWARD: 0.0 | REASONING: Let's think step by step. I am currently at sidetable 1 and I see a book 2. I need a second book to complete the goal of putting two books in bed. I already have one book from the desk. Therefore I should take the book 2 from sidetable 1.\nSTEP 8: OBSERVATION: ('You pick up the book 2 from the sidetable 1.',) | ACTION: go to desk 1 | REWARD: 0.0 | REASONING: Let's think step by step. I currently have book 2 in my hand and I still need to bring the second book from the desk to the bed. The next logical action is to go to the desk where the other book is located. | progress: step_till_now: 0
280	goal: put two soapbar in garbagecan. | state: observation: ('You arrive at drawer 1. The drawer 1 is open. In it, you see a cloth 1.',) | context: STEP 5: OBSERVATION: ('You arrive at drawer 2. The drawer 2 is closed.',) | ACTION: open drawer 2 | REWARD: 0.0 | REASONING: Let's think step by step. I am currently at drawer 2, which is closed. I need to find two soapbars to put in the garbagecan. The only remaining location to search is drawer 2, so I should open it to see its contents.\nSTEP 6: OBSERVATION: ('You open the drawer 2. The drawer 2 is open. In it, you see a soapbar 3, and a toiletpaper 2.',) | ACTION: take soapbar 3 from drawer 2 | REWARD: 0.0 | REASONING: Let's think step by step. I have opened drawer 2 and seen a soapbar 3 and a toiletpaper 2. The goal is to put two soapbars in the garbagecan. I currently have one soapbar (soapbar 3). I need to pick it up first before I can search for the second soapbar. Therefore I should take soapbar 3 from drawer 2.\nSTEP 7: OBSERVATION: ('You pick up the soapbar 3 from the drawer 2.',) | ACTION: go to drawer 1 | REWARD: 0.0 | REASONING: Let's think step by step. I currently have soapbar 3 in my hand and need a second soapbar to complete the task. The remaining locations that might contain a soapbar are drawer 1, countertop 1, handtowelholder 1, handtowelholder 2, sinkbasin 1, toilet, toiletpaperhanger 1, and towelholder 1. I will start by checking drawer 1, as it is a common place for soapbars. | progress: step_till_now: 0
281	goal: put two cd in drawer. | state: observation: ('You arrive at shelf 1. On the shelf 1, you see a creditcard 1, and a tissuebox 1.',) | context: STEP 10: OBSERVATION: ('You arrive at drawer 1. The drawer 1 is open. In it, you see a creditcard 2, and a keychain 3.',) | ACTION: go to garbagecan 1 | REWARD: 0.0 | REASONING: Let's think step by step. I currently have one cd in my hand and I need a second cd to complete the goal of putting two cd in a drawer. I have already searched drawer 2, desk 1, and bed 1, and found no cd. The remaining locations to search are drawer 1 (already checked), garbagecan 1, shelf 1, and sidetable 1. I will go to garbagecan 1 next to look for another cd.\nSTEP 11: OBSERVATION: ('You arrive at garbagecan 1. On the garbagecan 1, you see nothing.',) | ACTION: go to drawer 2 | REWARD: 0.0 | REASONING: Let's think step by step. I currently have one cd in my hand and I need a second cd to complete the goal of putting two cd in a drawer. I have already searched desk 1, bed 1, drawer 1, and garbagecan 1, and found no cd. The remaining locations to search are drawer 2, shelf 1, and sidetable 1. I will go to drawer 2 next to look for another cd.\nSTEP 12: OBSERVATION: ('You arrive at drawer 2. The drawer 2 is open. In it, you see a keychain 2.',) | ACTION: go to shelf 1 | REWARD: 0.0 | REASONING: Let's think step by step. I currently have one cd in my hand and I need a second cd to complete the goal of putting two cd in a drawer. I have already searched desk 1, bed 1, drawer 1, garbagecan 1, and drawer 2, and found no cd. The remaining locations to search are shelf 1 and sidetable 1. I will go to shelf 1 next to look for another cd. | progress: step_till_now: 0
282	goal: put two creditcard in armchair. | state: observation: ('You arrive at shelf 2. On the shelf 2, you see nothing.',) | context: STEP 10: OBSERVATION: ('You arrive at coffeetable 2. On the coffeetable 2, you see a creditcard 3, a laptop 1, a remotecontrol 2, a statue 2, a vase 3, and a vase 2.',) | ACTION: go to armchair 2 | REWARD: 0.0 | REASONING: Let's think step by step. I have already placed creditcard 1 in armchair 1, and I need to find creditcard 2. The current observation shows creditcard 3 on coffeetable 2, so creditcard 2 is not here. I need to explore other locations. Going to armchair 2 is a reasonable next step to search for the missing creditcard.\nSTEP 11: OBSERVATION: ('You arrive at armchair 2. On the armchair 2, you see nothing.',) | ACTION: go to shelf 1 | REWARD: 0.0 | REASONING: Let's think step by step. I have already placed creditcard 1 in armchair 1 and I am currently at armchair 2 with nothing there. The only creditcard I have seen so far is creditcard 3 on coffeetable 2, so creditcard 2 must be elsewhere. I have not yet searched any of the shelves, which are likely places to hide a creditcard. I will go to shelf 1 to look for creditcard 2.\nSTEP 12: OBSERVATION: ('You arrive at shelf 1. On the shelf 1, you see nothing.',) | ACTION: go to shelf 2 | REWARD: 0.0 | REASONING: Let's think step by step. I have already placed creditcard 1 in armchair 1 and I have not yet found creditcard 2. I have searched armchair 2 and shelf 1, and the only other location that could plausibly hold a creditcard is one of the remaining shelves. I will go to shelf 2 to continue searching for creditcard 2. | progress: step_till_now: 0
283	goal: put two spraybottle in toilet. | state: observation: -= Welcome to TextWorld, ALFRED! =-\n\nYou are in the middle of a room. Looking quickly around you, you see a bathtubbasin 1, a cabinet 5, a cabinet 4, a cabinet 3, a cabinet 2, a cabinet 1, a countertop 1, a garbagecan 1, a handtowelholder 2, a handtowelholder 1, a sinkbasin 1, a toilet 1, a toiletpaperhanger 1, and a towelholder 1.\n | context:  | progress: step_till_now: 0
284	goal: put two toiletpaper in countertop. | state: observation: ('You are facing the countertop 1. Next to it, you see nothing.',) | context: STEP 11: OBSERVATION: ('You arrive at cabinet 4. The cabinet 4 is closed.',) | ACTION: open cabinet 4 | REWARD: 0.0 | REASONING: Let's think step by step. I have one toiletpaper 3 in hand and need a second one to place on the countertop. The only cabinet I have not yet inspected is cabinet 4, which may contain a second toiletpaper. I should open cabinet 4 to see its contents.\nSTEP 12: OBSERVATION: ('You open the cabinet 4. The cabinet 4 is open. In it, you see a soapbottle 2, and a toiletpaper 2.',) | ACTION: go to countertop 1 | REWARD: 0.0 | REASONING: Let's think step by step. I currently have one toiletpaper 3 in hand and have discovered a second toiletpaper 2 in cabinet 4. The goal is to place two toiletpapers on the countertop. I need to bring the one in my hand to the countertop. The next logical action is to move to the countertop location so I can place the toiletpaper there. I will then need to handle the second toiletpaper, but the available actions do not allow me to pick it up directly, so I will first place the one I have on the countertop.\nSTEP 13: OBSERVATION: ('You arrive at countertop 1. On the countertop 1, you see a candle 2, a soapbar 1, a spraybottle 2, and a spraybottle 1.',) | ACTION: look | REWARD: 0.0 | REASONING: Fallback: structured parsing failed, using look action | progress: step_till_now: 0
285	goal: put two spoon in sidetable. | state: observation: ('You arrive at drawer 1. The drawer 1 is open. In it, you see nothing.',) | context: STEP 10: OBSERVATION: ('You arrive at drawer 2. The drawer 2 is open. In it, you see nothing.',) | ACTION: go to drawer 3 | REWARD: 0.0 | REASONING: Let's think step by step. I have searched drawer 2 and found it empty. I still need to locate two spoons. The next logical place to check is the next drawer in the sequence, drawer 3, as spoons are often stored in drawers. I will go to drawer 3 to inspect its contents.\nSTEP 11: OBSERVATION: ('You arrive at drawer 3. The drawer 3 is closed.',) | ACTION: open drawer 3 | REWARD: 0.0 | REASONING: Let's think step by step. I am currently at drawer 3, which is closed. To find spoons I need to inspect its contents, so I should open it.\nSTEP 12: OBSERVATION: ('You open the drawer 3. The drawer 3 is open. In it, you see nothing.',) | ACTION: go to drawer 1 | REWARD: 0.0 | REASONING: Let's think step by step. I have opened drawer 3 and found it empty, so spoons are not there. I still need to locate two spoons. The next logical place to check is drawer 1, which is the next drawer in the sequence and often contains utensils. I will go to drawer 1 to inspect its contents. | progress: step_till_now: 0
286	goal: put two creditcard in armchair. | state: observation: ('You move the creditcard 1 to the armchair 1.',) | context: STEP 5: OBSERVATION: ('You arrive at shelf 1. On the shelf 1, you see a newspaper 1, a plate 2, and a plate 1.',) | ACTION: go to sofa 1 | REWARD: 0.0 | REASONING: Let's think step by step. I have one creditcard in my inventory and need a second one. I am currently at shelf 1, which contains no creditcard. I should search other common locations. The sofa is a likely place to find a creditcard, so I will go to sofa 1.\nSTEP 6: OBSERVATION: ('You arrive at sofa 1. On the sofa 1, you see a laptop 1.',) | ACTION: go to armchair 1 | REWARD: 0.0 | REASONING: Let's think step by step. I have one creditcard in my inventory and the goal is to put two creditcards in the armchair. I currently have no second creditcard. I can either search for the second creditcard first or place the one I have and then find the second. Placing the first creditcard in the armchair now will bring me closer to the goal and I can then search for the second creditcard. The armchair is a reachable location, so I will go there next.\nSTEP 7: OBSERVATION: ('You arrive at armchair 1. On the armchair 1, you see a pillow 1.',) | ACTION: move creditcard 1 to armchair 1 | REWARD: 0.0 | REASONING: Let's think step by step. I have one creditcard in my inventory and I am currently at armchair 1. The goal is to put two creditcards in the armchair. The first step is to place the creditcard I have into the armchair. I can do this with the action 'move creditcard 1 to armchair 1'. | progress: step_till_now: 0
287	goal: find two saltshaker and put them in sidetable. | state: observation: -= Welcome to TextWorld, ALFRED! =-\n\nYou are in the middle of a room. Looking quickly around you, you see a cabinet 4, a cabinet 3, a cabinet 2, a cabinet 1, a coffeemachine 1, a countertop 1, a diningtable 3, a diningtable 2, a diningtable 1, a drawer 1, a fridge 1, a garbagecan 1, a microwave 1, a sidetable 1, a sinkbasin 1, a stoveburner 4, a stoveburner 3, a stoveburner 2, a stoveburner 1, and a toaster 1.\n | context:  | progress: step_till_now: 0
288	goal: find two alarmclock and put them in desk. | state: observation: ('You arrive at desk 1. On the desk 1, you see a book 2, a bowl 1, a cd 2, a cd 1, a cellphone 3, a creditcard 1, a keychain 2, a mug 2, a pen 2, a pencil 1, a statue 2, and a statue 1.',) | context: STEP 5: OBSERVATION: ('You arrive at shelf 1. On the shelf 1, you see a alarmclock 2, a alarmclock 1, a bowl 2, a creditcard 3, a creditcard 2, a desklamp 1, a keychain 3, a keychain 1, a mug 3, a mug 1, a pen 3, and a statue 3.',) | ACTION: take alarmclock 1 from shelf 1 | REWARD: 0.0 | REASONING: Let's think step by step. I am currently at shelf 1 and I see both alarmclock 1 and alarmclock 2. The goal is to find two alarmclocks and put them in the desk. I have not yet taken any alarmclock, so I should pick one up first. I will take alarmclock 1 from shelf 1.\nSTEP 6: OBSERVATION: ('You pick up the alarmclock 1 from the shelf 1.',) | ACTION: examine shelf 1 | REWARD: 0.0 | REASONING: Let's think step by step. I have alarmclock 1 in my possession and I need a second alarmclock. The only remaining location that could contain an alarmclock is shelf 1, which still has alarmclock 2. I should examine shelf 1 to confirm the presence of the second alarmclock before proceeding.\nSTEP 7: OBSERVATION: ('On the shelf 1, you see a alarmclock 2, a bowl 2, a creditcard 3, a creditcard 2, a desklamp 1, a keychain 3, a keychain 1, a mug 3, a mug 1, a pen 3, and a statue 3.',) | ACTION: go to desk 1 | REWARD: 0.0 | REASONING: Let's think step by step. I have alarmclock 1 in my possession and alarmclock 2 on the shelf. The goal is to place both alarmclocks in the desk. I cannot directly put objects with the available actions, but I can move to the desk to attempt to place them. The next logical step is to go to the desk so I can place the alarmclocks there. | progress: step_till_now: 0
289	goal: put two peppershaker in drawer. | state: observation: -= Welcome to TextWorld, ALFRED! =-\n\nYou are in the middle of a room. Looking quickly around you, you see a cabinet 11, a cabinet 10, a cabinet 9, a cabinet 8, a cabinet 7, a cabinet 6, a cabinet 5, a cabinet 4, a cabinet 3, a cabinet 2, a cabinet 1, a coffeemachine 1, a countertop 2, a countertop 1, a diningtable 1, a drawer 3, a drawer 2, a drawer 1, a fridge 1, a garbagecan 1, a microwave 1, a sinkbasin 1, a stoveburner 4, a stoveburner 3, a stoveburner 2, a stoveburner 1, and a toaster 1.\n | context:  | progress: step_till_now: 0
290	"goal: put two cellphone in diningtable. | state: observation: ('You are carrying: a cellphone 2.',) | context: STEP 10: OBSERVATION: ('You are facing the diningtable 1. Next to it, you see nothing.',) | ACTION: look | REWARD: 0.0 | REASONING: Fallback: structured parsing failed, using look action\nSTEP 11: OBSERVATION: ('You are facing the diningtable 1. Next to it, you see nothing.',) | ACTION: look | REWARD: 0.0 | REASONING: Fallback: structured parsing failed, using look action\nSTEP 12: OBSERVATION: ('You are facing the diningtable 1. Next to it, you see nothing.',) | ACTION: inventory | REWARD: 0.0 | REASONING: Let's think step by step. I am currently at diningtable 1 and I need to place two cellphones there. I don't know if I have two cellphones in my inventory yet, so I should check my inventory first to confirm I have both items before attempting to move them. The admissible action that lets me see my inventory is ""inventory"". | progress: step_till_now: 0"
291	goal: put two newspaper in sofa. | state: observation: -= Welcome to TextWorld, ALFRED! =-\n\nYou are in the middle of a room. Looking quickly around you, you see a armchair 2, a armchair 1, a coffeetable 1, a diningtable 2, a diningtable 1, a drawer 2, a drawer 1, a garbagecan 1, a sidetable 2, a sidetable 1, a sofa 1, and a tvstand 1.\n | context:  | progress: step_till_now: 0
292	goal: find two alarmclock and put them in dresser. | state: observation: ('You open the drawer 4. The drawer 4 is open. In it, you see nothing.',) | context: STEP 5: OBSERVATION: ('You arrive at drawer 3. The drawer 3 is closed.',) | ACTION: open drawer 3 | REWARD: 0.0 | REASONING: Let's think step by step. I am currently at drawer 3, which is closed. To see if it contains an alarmclock, I need to open it. Opening the drawer will allow me to examine its contents and potentially find an alarmclock.\nSTEP 6: OBSERVATION: ('You open the drawer 3. The drawer 3 is open. In it, you see nothing.',) | ACTION: go to drawer 4 | REWARD: 0.0 | REASONING: Let's think step by step. I have opened drawer 3 and found nothing. I have already searched drawers 2 and 3. The next logical step is to continue searching the remaining drawers. I will go to drawer 4 to keep exploring for the alarmclocks.\nSTEP 7: OBSERVATION: ('You arrive at drawer 4. The drawer 4 is closed.',) | ACTION: open drawer 4 | REWARD: 0.0 | REASONING: Let's think step by step. I am currently at drawer 4, which is closed. To check if it contains an alarmclock, I need to open it. Opening the drawer will allow me to examine its contents and potentially find an alarmclock. | progress: step_till_now: 0
293	goal: put two newspaper in armchair. | state: observation: ('You arrive at coffeetable 1. On the coffeetable 1, you see a creditcard 1, a houseplant 1, a laptop 2, a plate 1, a statue 1, and a vase 1.',) | context: STEP 0: OBSERVATION: -= Welcome to TextWorld, ALFRED! =-\n\nYou are in the middle of a room. Looking quickly around you, you see a armchair 1, a coffeetable 1, a garbagecan 1, a shelf 2, a shelf 1, a sidetable 1, a sofa 2, and a sofa 1.\n | ACTION: look | REWARD: 0.0 | REASONING: Let's think step by step. I need to find two newspaper objects to put them in the armchair. The current observation lists many furniture items but no newspaper. I should inspect the room more closely to see if newspapers are present on any of these items. The safest exploratory action is to use 'look' to get a detailed view of the surroundings.\nSTEP 1: OBSERVATION: ('You are in the middle of a room. Looking quickly around you, you see nothing.',) | ACTION: go to sofa 1 | REWARD: 0.0 | REASONING: Let's think step by step. I am currently in the middle of the room and I see nothing. To find the newspapers I need to inspect a location that might contain them. A common place for newspapers is a sofa. I will go to sofa 1 to look for them.\nSTEP 2: OBSERVATION: ('You arrive at sofa 1. On the sofa 1, you see a box 1, a laptop 1, and a newspaper 1.',) | ACTION: go to coffeetable 1 | REWARD: 0.0 | REASONING: Let's think step by step. I have one newspaper on sofa 1 and need a second one. The next step is to search other furniture for another newspaper. I will go to coffeetable 1 to look for it. | progress: step_till_now: 0
294	goal: put two laptop in desk. | state: observation: ('You open the cabinet 1. The cabinet 1 is open. In it, you see a houseplant 1.',) | context: STEP 1: OBSERVATION: ('You arrive at drawer 1. The drawer 1 is closed.',) | ACTION: open drawer 1 | REWARD: 0.0 | REASONING: Let's think step by step. I am at drawer 1, which is closed. To find laptops, I need to inspect its contents. The only action that allows me to see inside is to open the drawer. Therefore I should open drawer 1.\nSTEP 2: OBSERVATION: ('You open the drawer 1. The drawer 1 is open. In it, you see a pen 1.',) | ACTION: go to cabinet 1 | REWARD: 0.0 | REASONING: Let's think step by step. I have opened drawer 1 and only found a pen, no laptops. To find laptops I need to explore other locations. The most likely places are the cabinets or other drawers. I will move to cabinet 1 to search for laptops.\nSTEP 3: OBSERVATION: ('You arrive at cabinet 1. The cabinet 1 is closed.',) | ACTION: open cabinet 1 | REWARD: 0.0 | REASONING: Let's think step by step. I am currently at cabinet 1, which is closed. To find laptops, I need to inspect its contents. The only action that allows me to see inside is to open the cabinet. Therefore I should open cabinet 1. | progress: step_till_now: 0
295	goal: put two peppershaker in drawer. | state: observation: ('You open the cabinet 3. The cabinet 3 is open. In it, you see nothing.',) | context: STEP 6: OBSERVATION: ('You arrive at cabinet 2. The cabinet 2 is closed.',) | ACTION: open cabinet 2 | REWARD: 0.0 | REASONING: Let's think step by step. I am currently at cabinet 2, which is closed. I need to search for peppershakers, and the most logical next step is to open the cabinet to see if it contains any peppershakers.\nSTEP 7: OBSERVATION: ('You open the cabinet 2. The cabinet 2 is open. In it, you see nothing.',) | ACTION: go to cabinet 3 | REWARD: 0.0 | REASONING: Let's think step by step. I have opened cabinet 2 and found nothing. I have already checked cabinet 1 and 2. The next logical place to search for kitchen utensils like peppershakers is the next cabinet, cabinet 3. I will go there to continue searching.\nSTEP 8: OBSERVATION: ('You arrive at cabinet 3. The cabinet 3 is closed.',) | ACTION: open cabinet 3 | REWARD: 0.0 | REASONING: Let's think step by step. I am currently at cabinet 3 and it is closed. I need to search for peppershakers, so I should open the cabinet to see its contents. | progress: step_till_now: 0
296	goal: find two spraybottle and put them in toilet. | state: observation: ('You open the drawer 4. The drawer 4 is open. In it, you see nothing.',) | context: STEP 8: OBSERVATION: ('You arrive at drawer 4. The drawer 4 is closed.',) | ACTION: look | REWARD: 0.0 | REASONING: Fallback: structured parsing failed, using look action\nSTEP 9: OBSERVATION: ('You are facing the drawer 4. Next to it, you see nothing.',) | ACTION: look | REWARD: 0.0 | REASONING: Fallback: structured parsing failed, using look action\nSTEP 10: OBSERVATION: ('You are facing the drawer 4. Next to it, you see nothing.',) | ACTION: open drawer 4 | REWARD: 0.0 | REASONING: Let's think step by step. I am currently facing drawer 4, which is closed and I see nothing. To find spraybottles I need to inspect the contents of the drawer, so I should open it. | progress: step_till_now: 0
297	goal: find two statue and put them in coffeetable. | state: observation: ('You arrive at diningtable 2. On the diningtable 2, you see a keychain 2, and a statue 3.',) | context: STEP 2: OBSERVATION: ('You arrive at diningtable 1. On the diningtable 1, you see a box 1, a keychain 1, a plate 1, a statue 1, a vase 2, and a vase 1.',) | ACTION: take statue 1 from diningtable 1 | REWARD: 0.0 | REASONING: Let's think step by step. I am currently at diningtable 1 and I see a statue 1. I need two statues, so I should pick up this one first. After that I will search other locations for the second statue and then bring both to the coffeetable. The best immediate action is to take the statue from the diningtable.\nSTEP 3: OBSERVATION: ('You pick up the statue 1 from the diningtable 1.',) | ACTION: go to tvstand 1 | REWARD: 0.0 | REASONING: Let's think step by step. I have already picked up the first statue from diningtable 1 and I need to find a second statue. The remaining possible locations for a statue are the tvstand, sofa, diningtable 2, armchairs, coffeetable, or garbagecan. I will move to the tvstand 1 to inspect it for a statue.\nSTEP 4: OBSERVATION: ('You arrive at tvstand 1. On the tvstand 1, you see a candle 1, a creditcard 1, a remotecontrol 2, and a television 1.',) | ACTION: go to diningtable 2 | REWARD: 0.0 | REASONING: Let's think step by step. I have the first statue in my inventory and I need a second one. The tvstand 1 does not contain a statue, so I should move to another location that might hold a statue. The next logical place to check is diningtable 2, which hasn't been inspected yet. I will go there to look for a second statue. | progress: step_till_now: 0
298	goal: find two remotecontrol and put them in armchair. | state: observation: ('You arrive at sofa 1. On the sofa 1, you see a box 2, a keychain 2, and a pillow 1.',) | context: STEP 8: OBSERVATION: ('You arrive at drawer 2. The drawer 2 is closed.',) | ACTION: open drawer 2 | REWARD: 0.0 | REASONING: Let's think step by step. I am currently at drawer 2, which is closed. To search for remotecontrol objects, I need to open the drawer to inspect its contents. This is the most direct next step toward finding the remotecontrols needed for the goal.\nSTEP 9: OBSERVATION: ('You open the drawer 2. The drawer 2 is open. In it, you see nothing.',) | ACTION: go to drawer 1 | REWARD: 0.0 | REASONING: Let's think step by step. I have opened drawer 2 and found nothing. I still need to locate two remotecontrol objects. The next logical step is to search another drawer, starting with drawer 1, which is a common storage location for small items like remotecontrols.\nSTEP 10: OBSERVATION: ('You arrive at drawer 1. The drawer 1 is open. In it, you see nothing.',) | ACTION: go to sofa 1 | REWARD: 0.0 | REASONING: Let's think step by step. I have searched drawer 1, drawer 2, and cabinet 2, all empty. I still need to locate two remotecontrol objects. The next logical step is to search another common storage location. I will go to sofa 1 to inspect it for remotecontrols. | progress: step_till_now: 0
299	goal: put two spraybottle in dresser. | state: observation: ('You open the cabinet 1. The cabinet 1 is open. In it, you see nothing.',) | context: STEP 0: OBSERVATION: -= Welcome to TextWorld, ALFRED! =-\n\nYou are in the middle of a room. Looking quickly around you, you see a bathtubbasin 1, a cabinet 4, a cabinet 3, a cabinet 2, a cabinet 1, a countertop 1, a drawer 4, a drawer 3, a drawer 2, a drawer 1, a dresser 1, a garbagecan 1, a handtowelholder 1, a sinkbasin 2, a sinkbasin 1, a toilet 1, a toiletpaperhanger 1, and a towelholder 1.\n | ACTION: go to cabinet 1 | REWARD: 0.0 | REASONING: Let's think step by step. I need to locate the spraybottle objects. They are likely in cabinets or drawers. I will start by checking cabinet 1 for any spraybottle.\nSTEP 1: OBSERVATION: ('You arrive at cabinet 1. The cabinet 1 is closed.',) | ACTION: open cabinet 1 | REWARD: 0.0 | REASONING: Let's think step by step. I am at cabinet 1 which is closed. To see if it contains spraybottle objects, I need to open it. Opening the cabinet will reveal its contents and allow me to check for spraybottle. This is the next logical step toward locating the spraybottle objects. | progress: step_till_now: 0
300	goal: put two pen in sidetable. | state: observation: ('You arrive at diningtable 1. On the diningtable 1, you see a alarmclock 3, a alarmclock 2, a book 1, a cd 2, a cd 1, a keychain 2, a mug 2, a mug 1, a pen 3, a pen 2, a pen 1, a pencil 3, and a pencil 2.',) | context: STEP 6: OBSERVATION: ('You arrive at drawer 4. On the drawer 4, you see a creditcard 2.',) | ACTION: examine sidetable 2 | REWARD: 0.0 | REASONING: Let's think step by step. I have searched all four drawers and found only creditcards, so the pens must be elsewhere. The next logical place to look is the sidetables, as pens are often kept there. I will examine sidetable 2 to see if it contains any pens.\nSTEP 7: OBSERVATION: ('On the sidetable 2, you see a alarmclock 1, and a keychain 1.',) | ACTION: go to sidetable 1 | REWARD: 0.0 | REASONING: Let's think step by step. I have searched all four drawers and found no pens. The current location is sidetable 2, which contains an alarmclock and a keychain, not pens. The next logical place to look for pens is the other sidetable, sidetable 1, as pens are often kept there. I should move to sidetable 1 to search for the pens.\nSTEP 8: OBSERVATION: ('You arrive at sidetable 1. On the sidetable 1, you see nothing.',) | ACTION: go to diningtable 1 | REWARD: 0.0 | REASONING: Let's think step by step. I have searched all drawers and both sidetables, but found no pens. The remaining locations to check are bed 1, diningtable 1, and garbagecan 1. Pens are often found on a dining table or a bed, so I will move to the diningtable 1 to look for them. | progress: step_till_now: 0
301	goal: find two tissuebox and put them in toilet. | state: observation: ('You open the drawer 2. The drawer 2 is open. In it, you see nothing.',) | context: STEP 1: OBSERVATION: ('You arrive at drawer 1. The drawer 1 is closed.',) | ACTION: open drawer 1 | REWARD: 0.0 | REASONING: Let's think step by step. The goal is to find two tissueboxes and put them in the toilet. I have not found any tissueboxes yet. The only place likely to contain them is inside drawers. I am currently at drawer 1, which is closed. I should open it to inspect its contents. The action that will allow me to see inside is 'open drawer 1'.\nSTEP 2: OBSERVATION: ('You open the drawer 1. The drawer 1 is open. In it, you see nothing.',) | ACTION: go to drawer 2 | REWARD: 0.0 | REASONING: Let's think step by step. I have opened drawer 1 and found nothing. The goal is to find two tissueboxes, which are likely stored in drawers. I should inspect the next drawer, drawer 2, to see if it contains a tissuebox.\nSTEP 3: OBSERVATION: ('You arrive at drawer 2. The drawer 2 is closed.',) | ACTION: open drawer 2 | REWARD: 0.0 | REASONING: Let's think step by step. The goal is to find two tissueboxes and put them in the toilet. I have not found any tissueboxes yet. The current observation shows that drawer 2 is closed. I should open it to inspect its contents. | progress: step_till_now: 0
302	goal: find two bowl and put them in desk. | state: observation: ('You arrive at drawer 3. The drawer 3 is open. In it, you see a cd 1.',) | context: STEP 11: OBSERVATION: ('You arrive at drawer 2. The drawer 2 is open. In it, you see nothing.',) | ACTION: go to drawer 4 | REWARD: 0.0 | REASONING: Let's think step by step. I have inspected drawers 3,5,1,2 and found no bowls. The remaining drawers to check are 4,6,7,8. I will proceed to the next drawer, drawer 4, to continue searching for the bowls.\nSTEP 12: OBSERVATION: ('You arrive at drawer 4. The drawer 4 is closed.',) | ACTION: open drawer 4 | REWARD: 0.0 | REASONING: Let's think step by step. I am currently at drawer 4, which is closed. To check for bowls I need to open it. The next logical action is to open drawer 4.\nSTEP 13: OBSERVATION: ('You open the drawer 4. The drawer 4 is open. In it, you see nothing.',) | ACTION: go to drawer 3 | REWARD: 0.0 | REASONING: Let's think step by step. I have opened drawer 4 and found nothing. I still need to locate two bowls. The remaining drawers to check are 3,5,6,7,8. I will proceed to the next drawer, drawer 3, to continue searching for the bowls. | progress: step_till_now: 0
303	goal: put two creditcard in armchair. | state: observation: ('You arrive at coffeetable 2. On the coffeetable 2, you see a creditcard 3, a creditcard 1, a laptop 1, a remotecontrol 2, a statue 2, a vase 3, and a vase 2.',) | context: STEP 1: OBSERVATION: ('You arrive at shelf 1. On the shelf 1, you see nothing.',) | ACTION: go to shelf 2 | REWARD: 0.0 | REASONING: Let's think step by step. I have checked shelf 1 and found nothing. I need to locate two creditcards. They are likely on a shelf or table. I will continue exploring shelves, starting with shelf 2, to see if any creditcards are present.\nSTEP 2: OBSERVATION: ('You arrive at shelf 2. On the shelf 2, you see nothing.',) | ACTION: go to coffeetable 1 | REWARD: 0.0 | REASONING: Let's think step by step. I have checked shelves 1 and 2 and found nothing. Creditcards are often on tables or sofas. The next logical place to search is a coffee table. I will go to coffeetable 1 to look for creditcards.\nSTEP 3: OBSERVATION: ('You arrive at coffeetable 1. On the coffeetable 1, you see a houseplant 1, a remotecontrol 1, and a vase 1.',) | ACTION: go to coffeetable 2 | REWARD: 0.0 | REASONING: Let's think step by step. I have searched shelf 1, shelf 2, and coffeetable 1, but found no creditcards. Creditcards are often on tables or other furniture. The next logical place to check is coffeetable 2, which may hold items. I will go there to look for creditcards. | progress: step_till_now: 0
304	goal: find two soapbottle and put them in countertop. | state: observation: ('You arrive at countertop 2. On the countertop 2, you see a soapbar 2, a toiletpaper 1, and a towel 2.',) | context: STEP 9: OBSERVATION: ('You arrive at drawer 2. The drawer 2 is open. In it, you see nothing.',) | ACTION: go to drawer 4 | REWARD: 0.0 | REASONING: Let's think step by step. I have searched drawer 3, countertop 1, drawer 1, and drawer 2, all of which were empty. The remaining likely locations for the soapbottles are drawer 4 and countertop 2. I will check drawer 4 next to see if it contains any soapbottles.\nSTEP 10: OBSERVATION: ('You arrive at drawer 4. The drawer 4 is closed.',) | ACTION: open drawer 4 | REWARD: 0.0 | REASONING: Let's think step by step. I am currently at drawer 4, which is closed. To search for soapbottles inside, I need to open it. The next logical action is to open drawer 4.\nSTEP 11: OBSERVATION: ('You open the drawer 4. The drawer 4 is open. In it, you see a candle 1.',) | ACTION: go to countertop 2 | REWARD: 0.0 | REASONING: Let's think step by step. I have searched all drawers (1, 2, 3, 4) and countertop 1, and found no soapbottles. The remaining likely location for the soapbottles is countertop 2. I should go there to search for them. | progress: step_till_now: 0
305	goal: find two peppershaker and put them in diningtable. | state: observation: ('You arrive at cabinet 4. On the cabinet 4, you see nothing.',) | context: STEP 5: OBSERVATION: ('You open the cabinet 2. The cabinet 2 is open. In it, you see nothing.',) | ACTION: go to cabinet 3 | REWARD: 0.0 | REASONING: Let's think step by step. I have opened cabinet 2 and found nothing. I still need to locate two peppershakers. The next logical step is to explore another cabinet. I will go to cabinet 3 to continue searching for peppershakers.\nSTEP 6: OBSERVATION: ('You arrive at cabinet 3. The cabinet 3 is closed.',) | ACTION: open cabinet 3 | REWARD: 0.0 | REASONING: Let's think step by step. I am currently at cabinet 3, which is closed. To find peppershakers I need to inspect its contents, so I should open it.\nSTEP 7: OBSERVATION: ('You open the cabinet 3. The cabinet 3 is open. In it, you see nothing.',) | ACTION: go to cabinet 4 | REWARD: 0.0 | REASONING: Let's think step by step. I have opened cabinet 3 and found nothing. I still need to locate two peppershakers. The next logical step is to explore another cabinet. I will go to cabinet 4 to continue searching for peppershakers. | progress: step_till_now: 0
306	goal: put two soapbar in cabinet. | state: observation: ('You arrive at cabinet 1. The cabinet 1 is open. In it, you see a cloth 2.',) | context: STEP 11: OBSERVATION: ('You arrive at countertop 1. On the countertop 1, you see a candle 1, a handtowel 1, a soapbar 3, and a spraybottle 1.',) | ACTION: go to handtowelholder 1 | REWARD: 0.0 | REASONING: Let's think step by step. I have found one soapbar (soapbar 3) on countertop 1, but the goal requires two soapbars in a cabinet. I need to locate a second soapbar. The most likely place for another soapbar is the handtowelholder. I should move to that location to search for it.\nSTEP 12: OBSERVATION: ('You arrive at handtowelholder 1. On the handtowelholder 1, you see a handtowel 1.',) | ACTION: go to sinkbasin 1 | REWARD: 0.0 | REASONING: Let's think step by step. I have found one soapbar on countertop 1, but I still need a second soapbar to place in a cabinet. The handtowelholder only contains a handtowel, so it is not a source of a second soapbar. The most likely remaining locations for a soapbar are the sinkbasins, garbagecan, or other receptacles. I will move to sinkbasin 1 to search for the second soapbar.\nSTEP 13: OBSERVATION: ('You arrive at sinkbasin 1. On the sinkbasin 1, you see nothing.',) | ACTION: go to cabinet 1 | REWARD: 0.0 | REASONING: Let's think step by step. I have found one soapbar on countertop 1 and have searched handtowelholder 1 and sinkbasin 1 with no soapbars. The remaining likely locations for a second soapbar are the other cabinets (1,3,4), the garbagecan, or sinkbasin 2. I will start by checking cabinet 1. | progress: step_till_now: 0
307	goal: put two spraybottle in cabinet. | state: observation: ('You arrive at cabinet 1. The cabinet 1 is open. In it, you see a cloth 1.',) | context: STEP 5: OBSERVATION: ('You open the cabinet 2. The cabinet 2 is open. In it, you see a soapbar 1, and a toiletpaper 1.',) | ACTION: go to cabinet 3 | REWARD: 0.0 | REASONING: Let's think step by step. I am currently at cabinet 2, which is open, and I see a soapbar and a toiletpaper, but no spraybottle. To find spraybottle objects, I need to inspect other cabinets. The next logical step is to move to cabinet 3 and examine its contents.\nSTEP 6: OBSERVATION: ('You arrive at cabinet 3. The cabinet 3 is closed.',) | ACTION: open cabinet 3 | REWARD: 0.0 | REASONING: Let's think step by step. I am currently at cabinet 3, which is closed. To determine if it contains any spraybottle objects, I need to open it. Opening the cabinet will allow me to inspect its contents and decide whether to take spraybottle objects from it.\nSTEP 7: OBSERVATION: ('You open the cabinet 3. The cabinet 3 is open. In it, you see nothing.',) | ACTION: go to cabinet 1 | REWARD: 0.0 | REASONING: Let's think step by step. I am currently at cabinet 3, which is open and empty. I still need to find two spraybottle objects to put in a cabinet. The next logical step is to search other cabinets that might contain spraybottle. I have not yet inspected cabinet 1, so I will go there next. | progress: step_till_now: 0
308	goal: find two bowl and put them in desk. | state: observation: ('You open the drawer 3. The drawer 3 is open. In it, you see a cd 1.',) | context: STEP 5: OBSERVATION: ('You open the drawer 2. The drawer 2 is open. In it, you see nothing.',) | ACTION: go to drawer 3 | REWARD: 0.0 | REASONING: Let's think step by step. I have opened drawer 2 and found nothing. I need to locate two bowls, so I should inspect another drawer. The next logical choice is drawer 3.\nSTEP 6: OBSERVATION: ('You arrive at drawer 3. The drawer 3 is closed.',) | ACTION: look | REWARD: 0.0 | REASONING: Fallback: structured parsing failed, using look action\nSTEP 7: OBSERVATION: ('You are facing the drawer 5, and drawer 3. Next to it, you see nothing.',) | ACTION: open drawer 3 | REWARD: 0.0 | REASONING: Let's think step by step. I am currently facing drawer 5 and drawer 3, and I need to locate two bowls. The drawers are likely closed, so I should open one to inspect its contents. Opening drawer 3 first will allow me to see if it contains a bowl, and if not, I can then examine or open drawer 5. Therefore, I will open drawer 3. | progress: step_till_now: 0
309	goal: put two pencil in desk. | state: observation: ('You arrive at drawer 1. The drawer 1 is open. In it, you see a keychain 1.',) | context: STEP 5: OBSERVATION: ('You arrive at drawer 2. The drawer 2 is closed.',) | ACTION: look | REWARD: 0.0 | REASONING: Fallback: structured parsing failed, using look action\nSTEP 6: OBSERVATION: ('You are facing the drawer 2. Next to it, you see nothing.',) | ACTION: open drawer 2 | REWARD: 0.0 | REASONING: Let's think step by step. I am currently facing drawer 2, which is closed and empty when observed. To find pencils, I need to inspect its contents. The only logical action is to open drawer 2 to see if pencils are inside.\nSTEP 7: OBSERVATION: ('You open the drawer 2. The drawer 2 is open. In it, you see nothing.',) | ACTION: go to drawer 1 | REWARD: 0.0 | REASONING: Let's think step by step. I have opened drawer 2 and found it empty. I still need to locate two pencils. The next logical step is to search another drawer. I have not yet inspected drawer 1, so I will go to drawer 1. | progress: step_till_now: 0
310	goal: find two remotecontrol and put them in armchair. | state: observation: ('You open the drawer 1. The drawer 1 is open. In it, you see nothing.',) | context: STEP 2: OBSERVATION: ('You arrive at cabinet 1. The cabinet 1 is closed.',) | ACTION: open cabinet 1 | REWARD: 0.0 | REASONING: Let's think step by step. I am at cabinet 1 and it is closed. To see if it contains remotecontrols, I need to open it. Opening the cabinet will reveal its contents, which may include remotecontrols. This is the most direct next step to locate the objects needed for the goal.\nSTEP 3: OBSERVATION: ('You open the cabinet 1. The cabinet 1 is open. In it, you see nothing.',) | ACTION: go to drawer 1 | REWARD: 0.0 | REASONING: Let's think step by step. I have opened cabinet 1 and found nothing. I still need to locate two remotecontrol objects. The next logical step is to search other common storage locations. I will go to drawer 1 to inspect it for remotecontrols.\nSTEP 4: OBSERVATION: ('You arrive at drawer 1. The drawer 1 is closed.',) | ACTION: open drawer 1 | REWARD: 0.0 | REASONING: Let's think step by step. I am currently at drawer 1, which is closed. To search for remotecontrol objects, I need to open the drawer to inspect its contents. This is the most direct next step toward finding the remotecontrols needed for the goal. | progress: step_till_now: 0
311	goal: find two tissuebox and put them in toilet. | state: observation: ('You open the drawer 6. The drawer 6 is open. In it, you see nothing.',) | context: STEP 11: OBSERVATION: ('You arrive at drawer 1. The drawer 1 is open. In it, you see nothing.',) | ACTION: go to drawer 2 | REWARD: 0.0 | REASONING: Let's think step by step. I have already checked drawers 1-5 and found no tissueboxes. The remaining drawers to search are 2, 6, 7, and 8. I will proceed to drawer 2 next to continue searching for the tissueboxes.\nSTEP 12: OBSERVATION: ('You arrive at drawer 2. The drawer 2 is open. In it, you see nothing.',) | ACTION: look | REWARD: 0.0 | REASONING: Fallback: structured parsing failed, using look action\nSTEP 13: OBSERVATION: ('You are facing the drawer 6, and drawer 2. Next to it, you see nothing.',) | ACTION: open drawer 6 | REWARD: 0.0 | REASONING: Let's think step by step. I have searched drawers 1-5 and found no tissueboxes. The remaining drawers to check are 3, 4, 6, 7, and 8. I am currently facing drawer 6, so I should open it to see if it contains a tissuebox. | progress: step_till_now: 0
312	goal: put two soapbottle in toilet. | state: observation: ('You open the cabinet 4. The cabinet 4 is open. In it, you see a soapbar 3.',) | context: STEP 2: OBSERVATION: ('You open the cabinet 1. The cabinet 1 is open. In it, you see a soapbottle 1.',) | ACTION: examine cabinet 4 | REWARD: 0.0 | REASONING: Let's think step by step. I currently see a soapbottle 1 in cabinet 1, but I need two soapbottles for the toilet. I should first inspect another cabinet to find a second soapbottle. Examining cabinet 4 will reveal its contents and may contain another soapbottle. This is the next logical step before taking any items.\nSTEP 3: OBSERVATION: ('The cabinet 4 is closed.',) | ACTION: examine cabinet 4 | REWARD: 0.0 | REASONING: Let's think step by step. I have one soapbottle in cabinet 1 and need a second one. The current observation shows cabinet 4 is closed. To find another soapbottle I should inspect cabinet 4. Examining it will reveal its contents and allow me to decide whether to take a soapbottle from there.\nSTEP 4: OBSERVATION: ('The cabinet 4 is closed.',) | ACTION: open cabinet 4 | REWARD: 0.0 | REASONING: Let's think step by step. I currently have one soapbottle in cabinet 1 and need a second one for the toilet. The only unopened cabinet that might contain another soapbottle is cabinet 4, which is currently closed. To determine if cabinet 4 holds a second soapbottle, I should open it. This will allow me to see its contents and decide whether to take a soapbottle from there. | progress: step_till_now: 0
313	goal: find two candle and put them in toilet. | state: observation: ('You are in the middle of a room. Looking quickly around you, you see nothing.',) | context: STEP 0: OBSERVATION: -= Welcome to TextWorld, ALFRED! =-\n\nYou are in the middle of a room. Looking quickly around you, you see a cabinet 4, a cabinet 3, a cabinet 2, a cabinet 1, a countertop 1, a garbagecan 1, a handtowelholder 1, a sinkbasin 2, a sinkbasin 1, a toilet 1, a toiletpaperhanger 1, and a towelholder 1.\n | ACTION: look | REWARD: 0.0 | REASONING: Let's think step by step. I need to find candles, but I don't know where they are. The best first step is to look around to see if any objects contain candles or if candles are visible. The 'look' action will give me a detailed description of the current room and any items inside receptacles. This will help me decide where to search next. | progress: step_till_now: 0
314	goal: put two remotecontrol in sofa. | state: observation: ('You pick up the remotecontrol 3 from the tvstand 2.',) | context: STEP 0: OBSERVATION: -= Welcome to TextWorld, ALFRED! =-\n\nYou are in the middle of a room. Looking quickly around you, you see a armchair 2, a armchair 1, a coffeetable 1, a drawer 1, a garbagecan 1, a shelf 4, a shelf 3, a shelf 2, a shelf 1, a sidetable 1, a sofa 1, a tvstand 2, and a tvstand 1.\n | ACTION: go to tvstand 1 | REWARD: 0.0 | REASONING: Let's think step by step. I need to find remotecontrols. The tvstand is a likely place to find them. I will go to tvstand 1.\nSTEP 1: OBSERVATION: ('You arrive at tvstand 1. On the tvstand 1, you see a television 1.',) | ACTION: go to tvstand 2 | REWARD: 0.0 | REASONING: Let's think step by step. I am currently at tvstand 1 and only see a television. No remotecontrol is present. To find remotecontrols, I should check other likely locations. The other tvstand (tvstand 2) is a good candidate. I will move there to search for remotecontrols.\nSTEP 2: OBSERVATION: ('You arrive at tvstand 2. On the tvstand 2, you see a box 2, a remotecontrol 3, and a tissuebox 2.',) | ACTION: take remotecontrol 3 from tvstand 2 | REWARD: 0.0 | REASONING: Let's think step by step. I need to collect two remotecontrols and put them on the sofa. I currently see a remotecontrol 3 on tvstand 2, so I should take it. I still need a second remotecontrol, which I will search for next. Taking the first remotecontrol is the immediate next step. | progress: step_till_now: 0
315	goal: put two pencil in drawer. | state: observation: ('You pick up the pencil 1 from the desk 1.',) | context: STEP 0: OBSERVATION: -= Welcome to TextWorld, ALFRED! =-\n\nYou are in the middle of a room. Looking quickly around you, you see a bed 1, a desk 1, a drawer 2, a drawer 1, a garbagecan 1, a shelf 8, a shelf 7, a shelf 6, a shelf 5, a shelf 4, a shelf 3, a shelf 2, a shelf 1, and a sidetable 1.\n | ACTION: look | REWARD: 0.0 | REASONING: Fallback: structured parsing failed, using look action\nSTEP 1: OBSERVATION: ('You are in the middle of a room. Looking quickly around you, you see nothing.',) | ACTION: go to desk 1 | REWARD: 0.0 | REASONING: Let's think step by step. I need to find pencils to put in the drawer. The desk is a common place to find pencils, so I will go there to look for them.\nSTEP 2: OBSERVATION: ('You arrive at desk 1. On the desk 1, you see a creditcard 1, a keychain 1, and a pencil 1.',) | ACTION: take pencil 1 from desk 1 | REWARD: 0.0 | REASONING: Let's think step by step. I need to collect two pencils to put in a drawer. I currently see one pencil on desk 1, so I should take it first. After that, I will search for a second pencil and then place both in a drawer. | progress: step_till_now: 0
316	goal: put two spraybottle in cart. | state: observation: ('You arrive at cart 1. On the cart 1, you see a soapbar 2.',) | context: STEP 8: OBSERVATION: ('You arrive at sinkbasin 1. On the sinkbasin 1, you see nothing.',) | ACTION: go to bathtubbasin 1 | REWARD: 0.0 | REASONING: Let's think step by step. I have searched the cart, shelves 1-3, and sinkbasin 1, but found no spraybottle. The remaining likely locations for spraybottles are bathroom areas such as the bathtubbasin, garbagecan, handtowelholders, towelholders, toilet, or toiletpaperhanger, and shelf 4. A common place for spraybottles is near the bathtub or in a bathroom cabinet. Therefore I will go to bathtubbasin 1 next to check for spraybottles.\nSTEP 9: OBSERVATION: ('You arrive at bathtubbasin 1. On the bathtubbasin 1, you see a cloth 1, a dishsponge 1, and a soapbar 1.',) | ACTION: go to shelf 4 | REWARD: 0.0 | REASONING: Let's think step by step. I am currently at bathtubbasin 1 and have found no spraybottle there. The remaining unsearched locations that could plausibly contain spraybottles are the garbagecan, handtowelholder 1/2, towelholder 1/2, toilet, toiletpaperhanger, and shelf 4. Since spraybottles are often stored in a cabinet or shelf, I will check shelf 4 next.\nSTEP 10: OBSERVATION: ('You arrive at shelf 4. On the shelf 4, you see a toiletpaper 1.',) | ACTION: go to cart 1 | REWARD: 0.0 | REASONING: Let's think step by step. I have searched shelf 1-3, sinkbasin, bathtubbasin, and shelf 4, but found no spraybottles. The remaining locations that could contain spraybottles are cart, garbagecan, handtowelholder 1/2, towelholder 1/2, toilet, and toiletpaperhanger. Since the cart is the target location for the spraybottles, I should first check the cart to see if the spraybottles are already there or to pick them up. Therefore I will go to cart 1 next. | progress: step_till_now: 0
317	goal: find two saltshaker and put them in sidetable. | state: observation: ('You open the cabinet 3. The cabinet 3 is open. In it, you see nothing.',) | context: STEP 3: OBSERVATION: ('You arrive at cabinet 2. The cabinet 2 is closed.',) | ACTION: open cabinet 2 | REWARD: 0.0 | REASONING: Let's think step by step. I am currently at cabinet 2, which is closed. To check if it contains any saltshakers, I need to open it. Opening the cabinet will reveal its contents and allow me to see if a saltshaker is present. This is the most direct next step toward locating the saltshakers.\nSTEP 4: OBSERVATION: ('You open the cabinet 2. The cabinet 2 is open. In it, you see a dishsponge 3, a peppershaker 1, and a saltshaker 1.',) | ACTION: go to cabinet 3 | REWARD: 0.0 | REASONING: Let's think step by step. I have found one saltshaker in cabinet 2, but I still need a second one. The next logical step is to search another cabinet that might contain a saltshaker. I will go to cabinet 3 to look for the second saltshaker.\nSTEP 5: OBSERVATION: ('You arrive at cabinet 3. The cabinet 3 is closed.',) | ACTION: open cabinet 3 | REWARD: 0.0 | REASONING: Let's think step by step. I am currently at cabinet 3, which is closed. To check if it contains a saltshaker, I need to open it. Opening the cabinet will reveal its contents and allow me to see if a second saltshaker is present. | progress: step_till_now: 0
318	goal: find two soapbottle and put them in cabinet. | state: observation: -= Welcome to TextWorld, ALFRED! =-\n\nYou are in the middle of a room. Looking quickly around you, you see a bathtubbasin 1, a cabinet 2, a cabinet 1, a countertop 1, a garbagecan 1, a handtowelholder 1, a sinkbasin 1, a toilet 1, a toiletpaperhanger 1, and a towelholder 1.\n | context:  | progress: step_till_now: 0
319	goal: put two handtowel in toilet. | state: observation: ('On the handtowelholder 2, you see a handtowel 2.',) | context: STEP 6: OBSERVATION: ('On the handtowelholder 2, you see a handtowel 2.',) | ACTION: examine handtowelholder 2 | REWARD: 0.0 | REASONING: Let's think step by step. I currently have handtowel 1 in my hand and I see handtowel 2 on handtowelholder 2. The goal is to put two handtowels in the toilet, so I need to acquire handtowel 2. The only admissible action that interacts with handtowelholder 2 is to examine it, which will allow me to confirm and potentially pick up handtowel 2. Therefore, I will examine handtowelholder 2.\nSTEP 7: OBSERVATION: ('On the handtowelholder 2, you see a handtowel 2.',) | ACTION: look | REWARD: 0.0 | REASONING: Fallback: structured parsing failed, using look action\nSTEP 8: OBSERVATION: ('You are facing the handtowelholder 2. Next to it, you see nothing.',) | ACTION: examine handtowelholder 2 | REWARD: 0.0 | REASONING: Let's think step by step. I currently have handtowel 1 in my hand and I am facing handtowelholder 2, but the observation says nothing is next to it. I need to confirm whether handtowel 2 is still on the holder. The only action that can reveal the contents of the holder is to examine it. Therefore I will examine handtowelholder 2. | progress: step_till_now: 0
320	goal: put two cd in shelf. | state: observation: ('You are facing the drawer 2, drawer 1, and dresser 1. Next to it, you see nothing.',) | context: STEP 6: OBSERVATION: ('On the dresser 1, you see a cd 3, a cd 1, a cellphone 1, a mug 2, a mug 1, a pen 2, a pen 1, a pencil 2, a vase 1, and a window 1.',) | ACTION: look | REWARD: 0.0 | REASONING: Fallback: structured parsing failed, using look action\nSTEP 7: OBSERVATION: ('You are facing the drawer 2, drawer 1, and dresser 1. Next to it, you see nothing.',) | ACTION: look | REWARD: 0.0 | REASONING: Fallback: structured parsing failed, using look action\nSTEP 8: OBSERVATION: ('You are facing the drawer 2, drawer 1, and dresser 1. Next to it, you see nothing.',) | ACTION: look | REWARD: 0.0 | REASONING: Fallback: structured parsing failed, using look action | progress: step_till_now: 0
321	goal: put two pen in drawer. | state: observation: ('You are in the middle of a room. Looking quickly around you, you see nothing.',) | context: STEP 0: OBSERVATION: -= Welcome to TextWorld, ALFRED! =-\n\nYou are in the middle of a room. Looking quickly around you, you see a bed 1, a desk 1, a drawer 3, a drawer 2, a drawer 1, a garbagecan 1, a laundryhamper 1, a shelf 2, a shelf 1, and a sidetable 1.\n | ACTION: look | REWARD: 0.0 | REASONING: Let's think step by step. I need to find the pens before I can put them in a drawer. The current observation only lists furniture, not objects. I should use the 'look' action to see what objects are present in the room. | progress: step_till_now: 0
322	goal: put two spraybottle in toilet. | state: observation: ('You are facing the cabinet 2. Next to it, you see nothing.',) | context: STEP 6: OBSERVATION: ('You open the cabinet 2. The cabinet 2 is open. In it, you see a soapbottle 2, and a spraybottle 2.',) | ACTION: look | REWARD: 0.0 | REASONING: Fallback: structured parsing failed, using look action\nSTEP 7: OBSERVATION: ('You are facing the cabinet 2. Next to it, you see nothing.',) | ACTION: examine cabinet 2 | REWARD: 0.0 | REASONING: Let's think step by step. I have spraybottle 1 in my inventory and I have discovered spraybottle 2 inside cabinet 2. The next logical step is to examine the cabinet to confirm the contents and prepare to take spraybottle 2. This will allow me to proceed with picking up the second bottle and eventually placing both in the toilet.\nSTEP 8: OBSERVATION: ('The cabinet 2 is open. In it, you see a soapbottle 2, and a spraybottle 2.',) | ACTION: look | REWARD: 0.0 | REASONING: Fallback: structured parsing failed, using look action | progress: step_till_now: 0
323	goal: put two newspaper in armchair. | state: observation: ('You arrive at armchair 1. On the armchair 1, you see a remotecontrol 1.',) | context: STEP 6: OBSERVATION: ('You are facing the shelf 1. Next to it, you see nothing.',) | ACTION: take newspaper 2 from shelf 1 | REWARD: 0.0 | REASONING: Let's think step by step. I already have one newspaper on sofa 1 and I need a second one. The recent observation shows I am at shelf 1, which previously contained newspaper 2. To complete the goal, I must pick up that newspaper from the shelf.\nSTEP 7: OBSERVATION: ('You pick up the newspaper 2 from the shelf 1.',) | ACTION: go to sofa 1 | REWARD: 0.0 | REASONING: Let's think step by step. I currently hold newspaper 2 and need to place two newspapers in armchair 1. The other newspaper is on sofa 1. I must first go to sofa 1 to pick it up, then bring both to armchair 1. The next logical step is to move to sofa 1.\nSTEP 8: OBSERVATION: ('You arrive at sofa 1. On the sofa 1, you see a box 1, a laptop 1, and a newspaper 1.',) | ACTION: go to armchair 1 | REWARD: 0.0 | REASONING: Let's think step by step. I currently hold newspaper 2 and have newspaper 1 on sofa 1. The goal is to put both newspapers in armchair 1. I need to move to armchair 1 to place them. The next logical action is to go to armchair 1. | progress: step_till_now: 0
324	goal: put two toiletpaper in countertop. | state: observation: ('You open the cabinet 1. The cabinet 1 is open. In it, you see a cloth 3.',) | context: STEP 2: OBSERVATION: ('You pick up the toiletpaper 3 from the toiletpaperhanger 1.',) | ACTION: examine toiletpaperhanger 1 | REWARD: 0.0 | REASONING: Let's think step by step. I currently have one toiletpaper 3 in my hand. The goal is to put two toiletpaper on the countertop. I need to find a second toiletpaper. The only location that currently has a toiletpaper is the toiletpaperhanger 1. By examining the hanger, I can see if there is another toiletpaper present. If there is, I can take it and then place both on the countertop. If not, I will need to search other locations. Therefore, the next logical action is to examine the toiletpaperhanger 1.\nSTEP 3: OBSERVATION: ('On the toiletpaperhanger 1, you see nothing.',) | ACTION: go to cabinet 1 | REWARD: 0.0 | REASONING: Let's think step by step. I have one toiletpaper in hand and the other is missing. The observation shows the hanger is empty. I need to search other locations. The next logical step is to go to a cabinet to look for the second toiletpaper. I will go to cabinet 1.\nSTEP 4: OBSERVATION: ('You arrive at cabinet 1. The cabinet 1 is closed.',) | ACTION: open cabinet 1 | REWARD: 0.0 | REASONING: Let's think step by step. I have one toiletpaper 3 in hand and need a second. I am at cabinet 1 which is closed. To find another toiletpaper, I must open the cabinet to inspect its contents. | progress: step_till_now: 0
325	goal: find two laptop and put them in bed. | state: observation: ('You arrive at bed 1. On the bed 1, you see a pillow 2, and a pillow 1.',) | context: STEP 10: OBSERVATION: ('You arrive at dresser 1. On the dresser 1, you see a bowl 1, a cd 1, a cellphone 1, a keychain 1, a pen 1, a remotecontrol 1, and a television 1.',) | ACTION: go to armchair 1 | REWARD: 0.0 | REASONING: Let's think step by step. I have already found one laptop on the diningtable 1 and have searched drawer 1, drawer 2, dresser 1, and countertop 1 without finding a second laptop. The remaining locations that could contain a laptop are armchair 1, armchair 2, bed 1, garbagecan 1, laundryhamper 1, and sidetable 1. A common place for a laptop is an armchair, so I will move to armchair 1 to continue searching for the second laptop.\nSTEP 11: OBSERVATION: ('You arrive at armchair 1. On the armchair 1, you see a laptop 2.',) | ACTION: take laptop 2 from armchair 1 | REWARD: 0.0 | REASONING: Let's think step by step. I have located the second laptop on armchair 1. To eventually place both laptops in bed, I need to pick up laptop 2 first. The next logical step is to take laptop 2 from armchair 1.\nSTEP 12: OBSERVATION: ('You pick up the laptop 2 from the armchair 1.',) | ACTION: go to bed 1 | REWARD: 0.0 | REASONING: Let's think step by step. I have laptop 2 in my hand and laptop 1 is still on the diningtable 1. The goal is to place both laptops in bed 1. I can first put laptop 2 in bed 1, then pick up laptop 1 and put it in bed 1. The next logical step is to move to bed 1 with laptop 2. | progress: step_till_now: 0
326	goal: put two soapbottle in toilet. | state: observation: ('You are facing the cabinet 3. Next to it, you see nothing.',) | context: STEP 11: OBSERVATION: ('The cabinet 3 is closed.',) | ACTION: examine cabinet 3 | REWARD: 0.0 | REASONING: Let's think step by step. I currently have one soapbottle in cabinet 1 and need a second one. I am at cabinet 3, which is closed. The best next step is to examine cabinet 3 to see if it contains a soapbottle before deciding to open it or move elsewhere.\nSTEP 12: OBSERVATION: ('The cabinet 3 is closed.',) | ACTION: open cabinet 3 | REWARD: 0.0 | REASONING: Let's think step by step. I currently have one soapbottle in cabinet 1 and need a second one to complete the goal. The only remaining location that might contain a soapbottle is cabinet 3, which is currently closed. To determine whether it contains a soapbottle, I should open it. Opening the cabinet will reveal its contents and allow me to decide whether to take a soapbottle or move on to another location if it does not contain one.\nSTEP 13: OBSERVATION: ('You open the cabinet 3. The cabinet 3 is open. In it, you see a soapbottle 3, and a soapbottle 2.',) | ACTION: look | REWARD: 0.0 | REASONING: Fallback: structured parsing failed, using look action | progress: step_till_now: 0
327	goal: put two tissuebox in sidetable. | state: observation: -= Welcome to TextWorld, ALFRED! =-\n\nYou are in the middle of a room. Looking quickly around you, you see a armchair 1, a bed 1, a diningtable 1, a drawer 2, a drawer 1, a garbagecan 1, a sidetable 2, and a sidetable 1.\n | context:  | progress: step_till_now: 0
328	goal: put two spraybottle in cabinet. | state: observation: ('You arrive at cabinet 1. The cabinet 1 is open. In it, you see nothing.',) | context: STEP 6: OBSERVATION: ('You open the cabinet 2. The cabinet 2 is open. In it, you see nothing.',) | ACTION: go to cabinet 3 | REWARD: 0.0 | REASONING: Let's think step by step. I have opened cabinet 2 and found it empty, so the spraybottles are not there. The goal is to put two spraybottles in a cabinet, so I need to locate them first. The next logical place to search is another cabinet. I will go to cabinet 3 to look for spraybottles.\nSTEP 7: OBSERVATION: ('You arrive at cabinet 3. The cabinet 3 is closed.',) | ACTION: open cabinet 3 | REWARD: 0.0 | REASONING: Let's think step by step. I am currently at cabinet 3, which is closed. To determine whether the spraybottles are inside, I need to open it. If they are not there, I will then search other locations for the spraybottles. Opening the cabinet is the most direct next step.\nSTEP 8: OBSERVATION: ('You open the cabinet 3. The cabinet 3 is open. In it, you see a toiletpaper 2.',) | ACTION: go to cabinet 1 | REWARD: 0.0 | REASONING: Let's think step by step. I am currently at cabinet 3, which is open, and I see only a toiletpaper 2 inside. The goal is to put two spraybottles in a cabinet, and I have not found any spraybottles yet. I have already checked cabinet 2 and cabinet 3, and neither contained spraybottles. The next logical step is to search another cabinet that hasn't been inspected yet. I will go to cabinet 1 to look for the spraybottles. | progress: step_till_now: 0
329	goal: put two ladle in drawer. | state: observation: ('You open the drawer 2. The drawer 2 is open. In it, you see a dishsponge 2.',) | context: STEP 9: OBSERVATION: ('You arrive at drawer 2. The drawer 2 is closed.',) | ACTION: examine drawer 2 | REWARD: 0.0 | REASONING: Let's think step by step. I am currently at drawer 2, which is closed. I need to find two ladles to put in a drawer. The most direct way to see if ladles are inside this drawer is to examine it. This will reveal its contents and allow me to decide whether I need to open it or move elsewhere. Therefore, I should examine drawer 2.\nSTEP 10: OBSERVATION: ('The drawer 2 is closed.',) | ACTION: examine drawer 2 | REWARD: 0.0 | REASONING: Let's think step by step. I am currently at drawer 2, which is closed. To determine if it contains ladles, I should examine it. This will reveal its contents and allow me to decide whether I need to open it or move elsewhere.\nSTEP 11: OBSERVATION: ('The drawer 2 is closed.',) | ACTION: open drawer 2 | REWARD: 0.0 | REASONING: Let's think step by step. I am currently at drawer 2, which is closed. To determine if it contains ladles, I need to open it. Opening the drawer will reveal its contents and allow me to decide whether I can place ladles inside or need to search elsewhere. The next logical action is to open drawer 2. | progress: step_till_now: 0
330	goal: put two remotecontrol in sofa. | state: observation: ('You are facing the coffeetable 1. Next to it, you see nothing.',) | context: STEP 9: OBSERVATION: ('You arrive at tvstand 1. On the tvstand 1, you see a television 1.',) | ACTION: go to armchair 2 | REWARD: 0.0 | REASONING: Let's think step by step. I have remotecontrol 3 in hand and I need a second remotecontrol to place on the sofa. I have already checked tvstand 1, tvstand 2, drawer 1, armchair 1, and found no remotecontrol. The next likely location for a remotecontrol is armchair 2, which I have not visited yet. Therefore I should go to armchair 2 to search for the second remotecontrol.\nSTEP 10: OBSERVATION: ('You arrive at armchair 2. On the armchair 2, you see a newspaper 3.',) | ACTION: go to coffeetable 1 | REWARD: 0.0 | REASONING: Let's think step by step. I have remotecontrol 3 in hand and need a second remotecontrol to place on the sofa. I have already searched tvstand 1, tvstand 2, drawer 1, armchair 1, and armchair 2, none of which contained a remotecontrol. The next common location for a remotecontrol is the coffeetable 1, which I have not visited yet. Therefore I should go to coffeetable 1 to search for the second remotecontrol.\nSTEP 11: OBSERVATION: ('You arrive at coffeetable 1. On the coffeetable 1, you see a laptop 1, a newspaper 1, a remotecontrol 2, and a tissuebox 1.',) | ACTION: look | REWARD: 0.0 | REASONING: Fallback: structured parsing failed, using look action | progress: step_till_now: 0
331	goal: find two handtowel and put them in toilet. | state: observation: ('You pick up the handtowel 2 from the handtowelholder 2.',) | context: STEP 2: OBSERVATION: ('You pick up the handtowel 1 from the handtowelholder 1.',) | ACTION: go to handtowelholder 2 | REWARD: 0.0 | REASONING: Let's think step by step. I have already picked up handtowel 1 from handtowelholder 1. The goal is to find a second handtowel and put both in the toilet. The remaining handtowel is likely in handtowelholder 2. I should navigate to handtowelholder 2 to locate and take the second handtowel.\nSTEP 3: OBSERVATION: ('You arrive at handtowelholder 2. On the handtowelholder 2, you see a handtowel 2.',) | ACTION: move handtowel 1 to handtowelholder 2 | REWARD: 0.0 | REASONING: Let's think step by step. I have already collected handtowel 1 from handtowelholder 1 and I see handtowel 2 on handtowelholder 2. I need to pick up handtowel 2 to have both handtowels in my inventory. The action to take is to take handtowel 2 from handtowelholder 2. However, the admissible actions list does not include a direct 'take handtowel 2 from handtowelholder 2' action. The only available action that allows me to pick up handtowel 2 is 'take handtowel 1 from handtowelholder 1', which is already used. Since I cannot take handtowel 2 directly, I will move handtowel 1 to handtowelholder 2 to free up the handtowelholder 2 for handtowel 2. This will allow me to pick up handtowel 2 next. Therefore, I will perform the action 'move handtowel 1 to handtowelholder 2'.\nSTEP 4: OBSERVATION: ('You move the handtowel 1 to the handtowelholder 2.',) | ACTION: take handtowel 2 from handtowelholder 2 | REWARD: 0.0 | REASONING: Let's think step by step. I have moved handtowel 1 onto handtowelholder 2, leaving handtowel 2 still on the holder. I need to pick up handtowel 2 to have both towels in my inventory before placing them in the toilet. The admissible action that accomplishes this is 'take handtowel 2 from handtowelholder 2'. | progress: step_till_now: 0
332	goal: put two ladle in drawer. | state: observation: ('The cabinet 2 is closed.',) | context: STEP 0: OBSERVATION: -= Welcome to TextWorld, ALFRED! =-\n\nYou are in the middle of a room. Looking quickly around you, you see a cabinet 2, a cabinet 1, a coffeemachine 1, a countertop 3, a countertop 2, a countertop 1, a diningtable 1, a drawer 6, a drawer 5, a drawer 4, a drawer 3, a drawer 2, a drawer 1, a fridge 1, a garbagecan 1, a microwave 1, a sinkbasin 1, a stoveburner 4, a stoveburner 3, a stoveburner 2, a stoveburner 1, and a toaster 1.\n | ACTION: go to cabinet 1 | REWARD: 0.0 | REASONING: Let's think step by step. I need to find ladles. They are likely in a cabinet. I will go to cabinet 1 to search for ladles.\nSTEP 1: OBSERVATION: ('You arrive at cabinet 1. The cabinet 1 is closed.',) | ACTION: open cabinet 1 | REWARD: 0.0 | REASONING: Let's think step by step. I am at cabinet 1, which is closed. To find ladles I need to inspect its contents, so I should open it.\nSTEP 2: OBSERVATION: ('You open the cabinet 1. The cabinet 1 is open. In it, you see a bowl 1.',) | ACTION: examine cabinet 2 | REWARD: 0.0 | REASONING: Let's think step by step. I am currently in cabinet 1, which is open, and I see only a bowl 1. I need to find ladles to put in a drawer. The ladles are likely in another cabinet or elsewhere. The next logical step is to inspect cabinet 2, which may contain ladles. I will examine cabinet 2 to see its contents. | progress: step_till_now: 0
333	goal: put two tissuebox in sidetable. | state: observation: ('You arrive at diningtable 1. On the diningtable 1, you see a alarmclock 1, a book 1, a cellphone 1, a creditcard 1, a pen 2, a pen 1, a pencil 2, a pencil 1, a tissuebox 2, and a tissuebox 1.',) | context: STEP 3: OBSERVATION: ('You arrive at drawer 2. The drawer 2 is closed.',) | ACTION: open drawer 2 | REWARD: 0.0 | REASONING: Let's think step by step. I am currently at drawer 2, which is closed. The tissueboxes are likely inside a drawer, and drawer 2 is the next location to check. I should open it to see its contents.\nSTEP 4: OBSERVATION: ('You open the drawer 2. The drawer 2 is open. In it, you see a cd 1.',) | ACTION: examine sidetable 2 | REWARD: 0.0 | REASONING: Let's think step by step. I have opened drawer 2 and only found a cd 1, so no tissueboxes are here. The next step is to search other locations. I can examine sidetable 2 to see if it contains tissueboxes, which is a direct way to locate them. This action will give me information about its contents without moving the agent unnecessarily.\nSTEP 5: OBSERVATION: ('On the sidetable 2, you see nothing.',) | ACTION: go to diningtable 1 | REWARD: 0.0 | REASONING: Let's think step by step. I have searched drawer 1 and drawer 2 and found no tissueboxes. The next logical place to look for tissueboxes is another location that might contain them, such as the diningtable. I will go to diningtable 1 to search for the tissueboxes. | progress: step_till_now: 0
334	goal: put two cd in drawer. | state: observation: ('You open the drawer 2. The drawer 2 is open. In it, you see a keychain 2.',) | context: STEP 4: OBSERVATION: ('You arrive at drawer 1. The drawer 1 is closed.',) | ACTION: open drawer 1 | REWARD: 0.0 | REASONING: Let's think step by step. I have one cd in my hand and drawer 1 is closed. To find a second cd, I should open the drawer to inspect its contents. Opening the drawer is the most direct next step.\nSTEP 5: OBSERVATION: ('You open the drawer 1. The drawer 1 is open. In it, you see a creditcard 2, and a keychain 3.',) | ACTION: go to drawer 2 | REWARD: 0.0 | REASONING: Let's think step by step. I currently have one cd in my hand and the drawer 1 is open but contains no cd. To find a second cd, I need to search other locations. The next logical step is to go to drawer 2, which may contain another cd.\nSTEP 6: OBSERVATION: ('You arrive at drawer 2. The drawer 2 is closed.',) | ACTION: open drawer 2 | REWARD: 0.0 | REASONING: Let's think step by step. I have one cd in my hand and I need a second cd to complete the task. I am currently at drawer 2, which is closed. The only way to see if there is a cd inside is to open it. Therefore, the best next action is to open drawer 2. | progress: step_till_now: 0
335	goal: put two newspaper in sofa. | state: observation: ('You arrive at diningtable 2. On the diningtable 2, you see a book 1, a bowl 2, a bowl 1, a keychain 1, a laptop 2, a statue 2, a statue 1, and a vase 2.',) | context: STEP 3: OBSERVATION: ('You arrive at diningtable 1. On the diningtable 1, you see a houseplant 1.',) | ACTION: go to coffeetable 1 | REWARD: 0.0 | REASONING: Let's think step by step. I am currently at diningtable 1 and only see a houseplant, so no newspapers are present here. I need to find two newspapers to put on the sofa. The next logical step is to move to another location where newspapers might be placed. I will go to coffeetable 1 to search for newspapers.\nSTEP 4: OBSERVATION: ('You arrive at coffeetable 1. On the coffeetable 1, you see a bowl 3, a newspaper 3, a pen 2, a pen 1, a pencil 2, a tissuebox 3, a tissuebox 2, a tissuebox 1, a vase 1, a watch 3, and a watch 1.',) | ACTION: take newspaper 3 from coffeetable 1 | REWARD: 0.0 | REASONING: Let's think step by step. I need to put two newspapers on the sofa. I currently see one newspaper (3) on the coffeetable 1. I should pick it up first. After that, I will search other locations for a second newspaper. So I will take newspaper 3 from coffeetable 1.\nSTEP 5: OBSERVATION: ('You pick up the newspaper 3 from the coffeetable 1.',) | ACTION: go to diningtable 2 | REWARD: 0.0 | REASONING: Let's think step by step. I have already picked up newspaper 3 from the coffeetable 1. I still need a second newspaper to place on the sofa. The next logical step is to search another location where a newspaper might be. Diningtable 2 is a common place for newspapers, so I will go there to look for the second newspaper. | progress: step_till_now: 0
336	goal: find two spraybottle and put them in garbagecan. | state: observation: ('You arrive at shelf 2. On the shelf 2, you see a soapbottle 1, a spraybottle 2, and a spraybottle 1.',) | context: STEP 0: OBSERVATION: -= Welcome to TextWorld, ALFRED! =-\n\nYou are in the middle of a room. Looking quickly around you, you see a bathtubbasin 1, a garbagecan 1, a handtowelholder 1, a shelf 3, a shelf 2, a shelf 1, a sinkbasin 1, a toilet 1, a toiletpaperhanger 1, and a towelholder 1.\n | ACTION: go to shelf 1 | REWARD: 0.0 | REASONING: Let's think step by step. I need to locate spraybottle objects. The observation shows shelves 1, 2, 3 but no objects listed. I should inspect a shelf to see if spraybottle is there. I'll go to shelf 1 first.\nSTEP 1: OBSERVATION: ('You arrive at shelf 1. On the shelf 1, you see a candle 1, and a tissuebox 1.',) | ACTION: go to shelf 2 | REWARD: 0.0 | REASONING: Let's think step by step. I have inspected shelf 1 and found no spraybottle. The goal is to find two spraybottle objects. I should search other potential locations. The admissible actions include moving to shelf 2 or shelf 3, or other rooms. I'll go to shelf 2 next to check for spraybottle. | progress: step_till_now: 0
337	goal: find two toiletpaper and put them in drawer. | state: observation: ('You arrive at drawer 4. The drawer 4 is closed.',) | context: STEP 6: OBSERVATION: ('You arrive at toiletpaperhanger 1. On the toiletpaperhanger 1, you see nothing.',) | ACTION: go to drawer 3 | REWARD: 0.0 | REASONING: Let's think step by step. I am currently at the toiletpaperhanger and it is empty. I have already checked drawers 1 and 2, which did not contain toiletpaper. The next logical step is to inspect another drawer, starting with drawer 3, to locate the toiletpaper needed for the goal.\nSTEP 7: OBSERVATION: ('You arrive at drawer 3. The drawer 3 is closed.',) | ACTION: open drawer 3 | REWARD: 0.0 | REASONING: Let's think step by step. I am currently at drawer 3, which is closed. To check if it contains any toiletpaper, I need to open it. This is the next logical step toward finding the toiletpaper needed for the goal.\nSTEP 8: OBSERVATION: ('You open the drawer 3. The drawer 3 is open. In it, you see nothing.',) | ACTION: go to drawer 4 | REWARD: 0.0 | REASONING: Let's think step by step. I have opened drawer 3 and found it empty. I have already checked drawers 1, 2, and 3, and the toiletpaperhanger, all of which were empty. The next logical place to search for the missing toiletpaper is the next unopened drawer, drawer 4. I will go there to look for toiletpaper. | progress: step_till_now: 0
338	goal: put two book in desk. | state: observation: ('You arrive at cabinet 1. The cabinet 1 is closed.',) | context: STEP 0: OBSERVATION: -= Welcome to TextWorld, ALFRED! =-\n\nYou are in the middle of a room. Looking quickly around you, you see a bed 1, a cabinet 4, a cabinet 3, a cabinet 2, a cabinet 1, a desk 1, a drawer 2, a drawer 1, a garbagecan 1, a shelf 1, and a sidetable 1.\n | ACTION: go to cabinet 1 | REWARD: 0.0 | REASONING: Let's think step by step. I need to find two books to put in the desk. The current observation lists several receptacles: cabinets, drawers, shelf, sidetable, etc. Books are likely inside cabinets or drawers. I should move to a location that might contain books. I'll start by going to cabinet 1 to inspect its contents. | progress: step_till_now: 0
339	"goal: put two soapbar in garbagecan. | state: observation: ('You are facing the garbagecan 1. Next to it, you see nothing.',) | context: STEP 11: OBSERVATION: ('You arrive at cabinet 2. The cabinet 2 is open. In it, you see a spraybottle 2.',) | ACTION: go to garbagecan 1 | REWARD: 0.0 | REASONING: Let's think step by step. I have soapbar 3 in my hand and I need a second soapbar to complete the goal of putting two soapbar in the garbagecan. I have inspected cabinet 1 (empty) and cabinet 3 (only a candle). Cabinet 2 contains a spraybottle, so no soapbar there either. The only remaining location that might contain a soapbar is the garbagecan itself, but I need to put the soapbar there, not retrieve it. Since I have no other soapbar available, the next logical step is to move the soapbar I have into the garbagecan, fulfilling part of the goal and leaving the task for a potential second soapbar if it exists elsewhere. Therefore, I will go to the garbagecan to prepare to put the soapbar there.\nSTEP 12: OBSERVATION: ('You arrive at garbagecan 1. On the garbagecan 1, you see a toiletpaper 1.',) | ACTION: move soapbar 3 to garbagecan 1 | REWARD: 0.0 | REASONING: Let's think step by step. I have soapbar 3 in my hand and the goal is to put two soapbars in the garbagecan. The garbagecan currently contains a toiletpaper, but I can still place soapbar 3 inside it. The only admissible action that accomplishes this is ""move soapbar 3 to garbagecan 1"". This will place the soapbar in the garbagecan, moving closer to the goal.\nSTEP 13: OBSERVATION: ('You move the soapbar 3 to the garbagecan 1.',) | ACTION: look | REWARD: 0.0 | REASONING: Fallback: structured parsing failed, using look action | progress: step_till_now: 0"
340	goal: put two soapbar in drawer. | state: observation: ('You pick up the soapbar 1 from the countertop 1.',) | context: STEP 0: OBSERVATION: -= Welcome to TextWorld, ALFRED! =-\n\nYou are in the middle of a room. Looking quickly around you, you see a countertop 1, a drawer 8, a drawer 7, a drawer 6, a drawer 5, a drawer 4, a drawer 3, a drawer 2, a drawer 1, a garbagecan 1, a handtowelholder 1, a sinkbasin 2, a sinkbasin 1, a toilet 1, a toiletpaperhanger 1, and a towelholder 1.\n | ACTION: go to countertop 1 | REWARD: 0.0 | REASONING: Let's think step by step. I need to locate the soapbars before I can put them in a drawer. The most common place for soapbars is on the countertop. I am currently in the middle of the room, so I should move to the countertop to inspect it for soapbars.\nSTEP 1: OBSERVATION: ('You arrive at countertop 1. On the countertop 1, you see a candle 1, a soapbar 1, a soapbottle 2, a spraybottle 1, and a toiletpaper 1.',) | ACTION: take soapbar 1 from countertop 1 | REWARD: 0.0 | REASONING: Let's think step by step. I need two soapbars in a drawer. I currently see one soapbar on the countertop. I should pick it up first. After that, I will search drawers for a second soapbar and then place both in a drawer. The first step is to take the soapbar from the countertop. | progress: step_till_now: 0
341	goal: put two pen in shelf. | state: observation: ('You arrive at desk 1. On the desk 1, you see a book 1, a pen 1, a pencil 2, and a pencil 1.',) | context: STEP 0: OBSERVATION: -= Welcome to TextWorld, ALFRED! =-\n\nYou are in the middle of a room. Looking quickly around you, you see a bed 1, a desk 2, a desk 1, a garbagecan 1, a shelf 5, a shelf 4, a shelf 3, a shelf 2, and a shelf 1.\n | ACTION: go to desk 1 | REWARD: 0.0 | REASONING: Let's think step by step. I need to find the pens. The pens are likely on a desk or shelf. I will start by going to desk 1 to search for pens. | progress: step_till_now: 0
342	goal: find two newspaper and put them in coffeetable. | state: observation: ('You open the drawer 6. The drawer 6 is open. In it, you see nothing.',) | context: STEP 11: OBSERVATION: ('You arrive at drawer 7. The drawer 7 is closed.',) | ACTION: open drawer 7 | REWARD: 0.0 | REASONING: Let's think step by step. I am currently at drawer 7, which is closed. I need to search for newspapers, so I should open this drawer to inspect its contents. If it contains a newspaper, I can take it and later put it on the coffeetable. If not, I will continue searching other locations. Therefore, I will open drawer 7.\nSTEP 12: OBSERVATION: ('You open the drawer 7. The drawer 7 is open. In it, you see nothing.',) | ACTION: go to drawer 6 | REWARD: 0.0 | REASONING: Let's think step by step. I have opened drawer 7 and found nothing. I still need to locate two newspapers. The next logical step is to search another drawer that hasn't been inspected yet. Drawer 6 is the next unvisited drawer, so I will go there to continue searching for newspapers.\nSTEP 13: OBSERVATION: ('You arrive at drawer 6. The drawer 6 is closed.',) | ACTION: open drawer 6 | REWARD: 0.0 | REASONING: Let's think step by step. I am currently at drawer 6, which is closed. I need to inspect its contents for newspapers. The next logical action is to open drawer 6 to see if it contains a newspaper. If it does, I can take it and later place it on the coffeetable. If not, I will continue searching other locations. Therefore, I will open drawer 6. | progress: step_till_now: 0
343	goal: put two pen in dresser. | state: observation: ('You pick up the pen 1 from the coffeetable 1.',) | context: STEP 0: OBSERVATION: -= Welcome to TextWorld, ALFRED! =-\n\nYou are in the middle of a room. Looking quickly around you, you see a armchair 1, a coffeetable 1, a drawer 4, a drawer 3, a drawer 2, a drawer 1, a dresser 1, a garbagecan 1, a sidetable 3, a sidetable 2, a sidetable 1, and a sofa 1.\n | ACTION: go to coffeetable 1 | REWARD: 0.0 | REASONING: Let's think step by step. I need to find two pens and put them in the dresser. I don't know where the pens are, so I should search likely locations. A coffeetable is a common place for pens. I'll go there first.\nSTEP 1: OBSERVATION: ('You arrive at coffeetable 1. On the coffeetable 1, you see a book 2, a box 1, a creditcard 2, a pen 1, a pencil 1, a remotecontrol 1, a statue 1, a tissuebox 2, and a tissuebox 1.',) | ACTION: take pen 1 from coffeetable 1 | REWARD: 0.0 | REASONING: Let's think step by step. I have found one pen on the coffeetable, which is needed for the goal. I should pick it up to later place it in the dresser. The next step is to take the pen from the coffeetable. | progress: step_till_now: 0
344	goal: put two soapbar in garbagecan. | state: observation: ('You open the drawer 1. The drawer 1 is open. In it, you see a cloth 1.',) | context: STEP 0: OBSERVATION: -= Welcome to TextWorld, ALFRED! =-\n\nYou are in the middle of a room. Looking quickly around you, you see a countertop 1, a drawer 2, a drawer 1, a garbagecan 1, a handtowelholder 2, a handtowelholder 1, a sinkbasin 2, a sinkbasin 1, a toilet 1, a toiletpaperhanger 1, and a towelholder 1.\n | ACTION: go to drawer 1 | REWARD: 0.0 | REASONING: Let's think step by step. I need to find the soapbars before I can put them in the garbagecan. The most likely place for soapbars is in a drawer. I will go to drawer 1 to check for soapbars.\nSTEP 1: OBSERVATION: ('You arrive at drawer 1. The drawer 1 is closed.',) | ACTION: open drawer 1 | REWARD: 0.0 | REASONING: Let's think step by step. I am at drawer 1, which is closed. To find soapbars, I need to inspect its contents. The only way to see inside is to open it. Therefore I should open drawer 1. | progress: step_till_now: 0
